Nome: CAMPOS SALES
Codigo Estacao: A347
Latitude: -7.07773
Longitude: -40.362678
Altitude: 577.95
Situacao: Operante
Data Inicial: 2013-01-01
Data Final: 2013-10-12
Periodicidade da Medicao: Diaria

Data Medicao;PRECIPITACAO TOTAL, DIARIO (AUT)(mm);PRESSAO ATMOSFERICA MEDIA DIARIA (AUT)(mB);TEMPERATURA DO PONTO DE ORVALHO MEDIA DIARIA (AUT)(°C);TEMPERATURA MAXIMA, DIARIA (AUT)(°C);TEMPERATURA MEDIA, DIARIA (AUT)(°C);TEMPERATURA MINIMA, DIARIA (AUT)(°C);UMIDADE RELATIVA DO AR, MEDIA DIARIA (AUT)(%);UMIDADE RELATIVA DO AR, MINIMA DIARIA (AUT)(%);VENTO, RAJADA MAXIMA DIARIA (AUT)(m/s);VENTO, VELOCIDADE MEDIA DIARIA (AUT)(m/s);
2013-01-01;null;null;null;null;null;null;null;null;null;null;
2013-01-02;null;null;null;null;null;null;null;null;null;null;
2013-01-03;null;null;null;null;null;null;null;null;null;null;
2013-01-04;null;null;null;null;null;null;null;null;null;null;
2013-01-05;null;null;null;null;null;null;null;null;null;null;
2013-01-06;null;null;null;null;null;null;null;null;null;null;
2013-01-07;null;null;null;null;null;null;null;null;null;null;
2013-01-08;null;null;null;33,2;null;null;null;35;8,9;null;
2013-01-09;null;null;null;null;null;31,7;null;null;null;null;
2013-01-10;null;null;null;null;null;null;null;null;null;null;
2013-01-11;null;null;null;null;null;null;null;null;null;null;
2013-01-12;null;null;null;null;null;null;null;null;null;null;
2013-01-13;null;null;null;null;null;null;null;null;null;null;
2013-01-14;null;null;null;null;null;null;null;null;null;null;
2013-01-15;null;null;null;null;null;null;null;null;null;null;
2013-01-16;null;null;null;null;null;null;null;null;null;null;
2013-01-17;null;null;null;null;null;null;null;null;null;null;
2013-01-18;null;null;null;null;null;null;null;null;null;null;
2013-01-19;null;null;null;null;null;null;null;null;null;null;
2013-01-20;null;null;null;null;null;null;null;null;null;null;
2013-01-21;null;null;null;null;null;null;null;null;null;null;
2013-01-22;null;null;null;null;null;null;null;null;null;null;
2013-01-23;null;null;null;null;null;null;null;null;null;null;
2013-01-24;null;null;null;null;null;null;null;null;null;null;
2013-01-25;null;null;null;null;null;null;null;null;null;null;
2013-01-26;null;null;null;null;null;null;null;null;null;null;
2013-01-27;null;null;null;null;null;null;null;null;null;null;
2013-01-28;null;null;null;null;null;null;null;null;null;null;
2013-01-29;null;null;null;null;null;null;null;null;null;null;
2013-01-30;null;null;null;null;null;null;null;null;null;null;
2013-01-31;null;null;null;null;null;null;null;null;null;null;
2013-02-01;null;null;null;null;null;null;null;null;null;null;
2013-02-02;null;null;null;null;null;null;null;null;null;null;
2013-02-03;null;null;null;null;null;null;null;null;null;null;
2013-02-04;null;null;null;null;null;null;null;null;null;null;
2013-02-05;null;null;null;null;null;null;null;null;null;null;
2013-02-06;null;null;null;null;null;null;null;null;null;null;
2013-02-07;null;null;null;null;null;null;null;null;null;null;
2013-02-08;null;null;null;null;null;null;null;null;null;null;
2013-02-09;null;null;null;null;null;null;null;null;null;null;
2013-02-10;null;null;null;null;null;null;null;null;null;null;
2013-02-11;null;null;null;null;null;null;null;null;null;null;
2013-02-12;null;null;null;null;null;null;null;null;null;null;
2013-02-13;null;null;null;null;null;null;null;null;null;null;
2013-02-14;null;null;null;null;null;null;null;null;null;null;
2013-02-15;null;null;null;null;null;null;null;null;null;null;
2013-02-16;null;null;null;null;null;null;null;null;null;null;
2013-02-17;null;null;null;null;null;null;null;null;null;null;
2013-02-18;null;null;null;null;null;null;null;null;null;null;
2013-02-19;null;null;null;null;null;null;null;null;null;null;
2013-02-20;null;null;null;30,4;null;25,4;56,615385;44;9,8;null;
2013-02-21;null;945,6125;17,020833;33,3;26,1625;21,8;58,666667;36;9,2;3,008333;
2013-02-22;null;946,025;14,758333;33,7;27,033333;22,4;49,875;24;12,6;2,991667;
2013-02-23;null;946,3;16,7;33,4;25,670833;20,6;59,541667;33;9,3;2,291667;
2013-02-24;null;945,883333;17,070833;34,3;26,970833;22,1;56,875;31;11,4;2,808333;
2013-02-25;null;945,879167;17,816667;34,1;27,5625;22,3;56,875;36;9,9;3,1625;
2013-02-26;null;946,4625;16,425;34,5;27,191667;21,4;55,333333;27;9,2;2,2625;
2013-02-27;null;947,154167;14,791667;35,5;27,429167;21,2;49,666667;22;10,8;2,875;
2013-02-28;null;946,15;14,354167;36;28,075;21,3;46,291667;23;10,1;3,183333;
2013-03-01;0;945,408333;14,979167;36;28,316667;22,1;47,708333;24;12,4;3,216667;
2013-03-02;0;946,033333;14,379167;34,6;28,420833;21,6;43,666667;28;18;3,5875;
2013-03-03;0;947,404167;14,341667;33,9;28,170833;22,6;44,958333;26;12,3;3,920833;
2013-03-04;0;947,316667;14,825;35,8;28,991667;23,4;43,875;27;12,8;3,5625;
2013-03-05;0;947,05;16,591667;34,9;27,8375;21,8;54,291667;29;12,2;2,791667;
2013-03-06;0;947,058333;16,504167;33,9;28,158333;24,3;51;30;9,6;2,570833;
2013-03-07;0;947,641667;16,325;35,5;27,9375;22,7;52,208333;25;10,1;2,320833;
2013-03-08;0;948,795833;15,329167;35,2;26,95;21;51,541667;26;8,3;1,720833;
2013-03-09;0;948,0125;15,004167;36;27,058333;19,5;50,916667;25;7,6;1,566667;
2013-03-10;0;947,241667;17,391667;35,9;28,554167;23,6;52,833333;28;12,9;2,304167;
2013-03-11;,2;945,445833;17,570833;37;28,820833;24,4;53,583333;26;10;2,691667;
2013-03-12;0;944,9875;15,45;37,5;29,316667;22,3;46,583333;23;10,9;2,579167;
2013-03-13;0;945,316667;16,033333;35,3;28,929167;23,5;48,041667;25;10,1;3,075;
2013-03-14;0;945,0625;16,916667;36,2;28,279167;22,9;52,666667;26;11,5;1,583333;
2013-03-15;9,6;945,166667;18,541667;34,6;27,691667;22,4;60,208333;33;9,7;2,4875;
2013-03-16;0;945,920833;17,466667;32,7;27,679167;23,6;54,666667;40;9,8;2,7;
2013-03-17;0;946,716667;18,7625;33,8;26,433333;23,1;64,291667;38;10,8;1,775;
2013-03-18;0;945,770833;18,554167;34,2;26,3625;23,6;64,541667;35;11,3;2,454167;
2013-03-19;18,8;945,675;19,983333;28,7;24,558333;21,2;76,625;55;9,4;2,6125;
2013-03-20;1,8;946,691667;20,529167;27,8;23,970833;22,3;81,791667;61;7,9;,85;
2013-03-21;4,4;947,2625;19,2625;32,4;25,6625;21,5;70,625;40;7,5;1,479167;
2013-03-22;0;947,55;19,025;32,3;25,879167;21,7;67,541667;42;7,8;1,791667;
2013-03-23;0;946,045833;19,0375;31,9;25,691667;21,3;68,333333;45;8,1;2,1;
2013-03-24;13,4;945,341667;19,9375;30,9;25,025;20,2;74,458333;49;8,9;,983333;
2013-03-25;18,4;946,945833;20,65;28,5;24,2125;20,1;81,375;58;8,4;1,854167;
2013-03-26;3,6;948,6625;20,3875;28,8;23,720833;20,3;82,541667;55;6,1;,508333;
2013-03-27;0;947,6625;20,716667;31,6;25,254167;21,3;77,666667;48;7,8;1,425;
2013-03-28;0;947,095;20,59;31,4;null;22,1;76,6;47;6,6;1,785;
2013-03-29;0;null;null;null;null;24,1;null;null;null;null;
2013-03-30;null;null;null;null;null;null;null;null;null;null;
2013-03-31;null;null;null;null;null;null;null;null;null;null;
2013-04-01;null;null;null;null;null;null;null;null;null;null;
2013-04-02;null;null;null;null;null;null;null;null;null;null;
2013-04-03;null;null;null;null;null;null;null;null;null;null;
2013-04-04;null;null;null;24,1;null;null;null;76;7,3;null;
2013-04-05;,6;948,266667;20,4875;30,2;24,633333;21,6;78,875;52;6,7;1,325;
2013-04-06;0;948,541667;20,445833;30,7;24,933333;21,2;77,75;48;8,2;1,683333;
2013-04-07;0;948,165217;20,03913;32,7;25,069565;20,8;75,826087;41;6,5;1,1;
2013-04-08;0;947,504167;20,3625;30,2;24,5375;20,5;78,708333;51;6,3;1,191667;
2013-04-09;0;946,573913;20,578261;31,6;24,856522;20,8;78,478261;49;9,7;2,113043;
2013-04-10;0;946,8;19,566667;31,7;null;21,1;76,611111;43;9;1,811111;
2013-04-11;0;947,369565;18,256522;32,1;24,791304;19,4;69,434783;40;9;1,508696;
2013-04-12;0;947,754167;18,833333;31,1;24,6625;20,7;71,833333;37;8,5;1,345833;
2013-04-13;3;946,775;18,283333;33;25,208333;19,3;68,416667;37;7,7;1,704167;
2013-04-14;0;946,408333;18,066667;34,2;26,154167;20,1;64,625;32;7,3;1,5875;
2013-04-15;0;947,079167;17,845833;33,7;26,941667;21,1;59,208333;36;9;1,970833;
2013-04-16;,2;946,808333;20,370833;29,6;25,266667;22,5;75,041667;56;7,3;1,875;
2013-04-17;0;946,770833;19,2125;32,6;25,695833;21;70,375;38;7,7;1,475;
2013-04-18;0;946,304167;19,704167;31,8;25,729167;22,2;70,541667;44;8,9;1,891667;
2013-04-19;33,8;946,858333;21,120833;28,2;23,204167;20,5;88,5;63;8,3;,3375;
2013-04-20;8,2;947,254167;19,45;29,3;22,983333;19,4;81,833333;50;7,1;,933333;
2013-04-21;0;947,391667;20,104167;28,3;23,65;21,4;81,333333;60;8,7;1,7375;
2013-04-22;0;947,975;18,245833;28,9;24,291667;20,4;70,166667;49;11,6;2,966667;
2013-04-23;0;948,5125;18,066667;28;23,833333;20,7;70,75;55;12,3;3,633333;
2013-04-24;0;948,683333;17,85;29,8;23,979167;19,1;70,083333;47;9,4;2,1;
2013-04-25;0;948,370833;20,054167;28,1;23,579167;20,2;81,25;60;8,9;1,654167;
2013-04-26;1,6;948,441667;21,058333;26,9;23,345833;21,5;87,125;72;12,1;1,504167;
2013-04-27;20,2;947,854167;19,304167;28,7;23,920833;21,3;76,375;55;11,6;2,933333;
2013-04-28;0;947,333333;17,941667;29;24,091667;19,7;69,833333;49;11,8;3,058333;
2013-04-29;0;947,725;18,320833;28,8;23,354167;19,7;74,458333;52;10,8;2,620833;
2013-04-30;0;948,05;19,5375;29,1;23,995833;20,8;76,833333;56;8,8;2,5125;
2013-05-01;1,4;948,258333;19,225;29,4;24,091667;20,6;75,708333;51;9,2;2,058333;
2013-05-02;,6;948,358333;19,858333;29,4;23,533333;20,8;80,791667;52;12,3;1,979167;
2013-05-03;8,4;947,908333;18,529167;29,9;23,854167;19,8;73,875;47;9,8;2,6;
2013-05-04;0;947,308333;17,216667;30,4;23,875;18,4;68,333333;38;10,4;2,241667;
2013-05-05;0;947,575;15,825;31,8;24,283333;18,5;62,75;27;7,7;1,970833;
2013-05-06;0;948,375;18,25;31,2;24,854167;20,2;68,708333;42;5,8;1,279167;
2013-05-07;0;949,1125;19,191667;32,3;24,075;19,5;75,833333;39;8,6;1,466667;
2013-05-08;,6;949,516667;19,75;30,9;24,866667;20,7;74,708333;44;8,5;1,454167;
2013-05-09;,4;949,791667;20,1875;28,8;23,95;20,9;80,5;57;8,5;1,458333;
2013-05-10;,2;949,975;19,1125;27,1;23,4125;20,6;77,541667;60;11,4;2,2125;
2013-05-11;0;949,483333;18,120833;28,4;23,604167;20,3;72,5;51;12,4;3,55;
2013-05-12;0;948,3;17,208333;31,1;24,708333;19,9;65,458333;36;11,2;3,245833;
2013-05-13;0;948,104167;15,466667;30,7;24,304167;19,1;60,708333;32;10,3;3,191667;
2013-05-14;0;947,958333;16,454167;31,4;24,508333;18;62,791667;39;10,5;2,404167;
2013-05-15;0;947,9125;15,875;31,2;25,275;21;58,75;30;11,1;3,429167;
2013-05-16;0;947,216667;17,8875;31,5;24,704167;21,2;67,083333;42;13,6;3,208333;
2013-05-17;0;947,8125;17,379167;32,4;25,591667;19;63,666667;37;10,5;2,329167;
2013-05-18;0;948,970833;17,516667;30,6;25,245833;22;63,875;42;11,2;3,5375;
2013-05-19;0;949,845833;16,070833;30,5;24,5875;20,4;60,458333;41;12,7;3,441667;
2013-05-20;0;948,545833;15,320833;32,1;24,395833;17,2;60,875;33;9,8;2,075;
2013-05-21;0;947,045833;15,416667;33,1;24,979167;18,5;58,125;32;9,6;2,041667;
2013-05-22;0;946,679167;15,495833;34,7;26,454167;19,3;56,25;25;16;2,116667;
2013-05-23;0;947,175;17,95;33,9;25,808333;21;64,166667;33;8,6;2,166667;
2013-05-24;0;947,4;18,679167;32,1;25,520833;20,6;68,125;40;8,1;1,670833;
2013-05-25;0;948,920833;18,508333;31,1;25,104167;20,3;68,333333;42;10,2;2,445833;
2013-05-26;1,2;949,3625;17,95;32;25,316667;21,6;66,666667;37;11,8;3,279167;
2013-05-27;0;948,670833;16,754167;32,2;25,4375;20,5;61,75;33;11,8;3,279167;
2013-05-28;0;947,479167;16,820833;31,5;25,2125;21,1;61,541667;38;9,3;2,375;
2013-05-29;,2;947,454167;15,304167;34,4;25,420833;18,7;57,333333;28;10,2;2,4125;
2013-05-30;0;948,416667;15,841667;34,3;25,829167;19,6;57;28;8,3;1,75;
2013-05-31;0;948,608333;16,65;33,8;25,9625;19,9;59,5;31;9,4;2,7;
2013-06-01;0;948,479167;14,6875;31,8;25,945833;21,1;52,291667;30;10,7;2,908333;
2013-06-02;0;948,895833;13,683333;32,5;25,666667;19,7;50,25;29;8,2;2,4625;
2013-06-03;0;949,3;14,945833;33,5;24,945833;17,9;55,458333;30;9,6;1,704167;
2013-06-04;0;949,15;17,804167;33,4;25,7;20,9;64,125;33;12,2;1,4375;
2013-06-05;1,2;948,9;18,316667;32,3;25,75;21,6;65,625;38;12,3;2,795833;
2013-06-06;,2;949,4;15,920833;32,4;25,366667;21,4;58,833333;33;8,9;2,316667;
2013-06-07;0;949,55;12,575;33,4;24,925;18,2;51,041667;19;10,8;2,345833;
2013-06-08;0;949,641667;15,075;30,5;24,683333;19,1;56,583333;42;11,3;3;
2013-06-09;0;949,2375;14,954167;30,2;24,583333;20;56,25;36;11,3;3,595833;
2013-06-10;0;949,154167;15,820833;30,7;24,429167;18,8;60,458333;39;11,9;3,391667;
2013-06-11;0;949,9875;16,458333;31;24,970833;19,8;61,708333;34;12;3,0375;
2013-06-12;0;950,026087;15,4;32,5;25,669565;20,5;55,73913;31;9,9;3,117391;
2013-06-13;0;949,454167;15,758333;32,4;25,766667;21,5;55,25;37;12;3,166667;
2013-06-14;0;948,695833;16,0375;28,8;24,8;21,4;58,75;47;8,6;2,675;
2013-06-15;0;948,334783;15,965217;33;26,191304;20,3;56,565217;31;9,3;2,478261;
2013-06-16;0;948,826087;13,769565;33,8;25,947826;18,9;50,608696;22;9,8;2,826087;
2013-06-17;0;949,466667;16,7375;33,7;26,0875;21,4;57,708333;34;14;2,75;
2013-06-18;4,6;948,608696;17,43913;32,8;26,256522;21,9;60,304348;36;8,3;2,63913;
2013-06-19;0;948,191667;15,9375;33,1;26,083333;22,6;55,5;30;11,3;2,725;
2013-06-20;0;948,229167;13,229167;32,4;25,104167;18,2;51,291667;25;12,5;3,275;
2013-06-21;0;948,1625;14,608333;33,6;25,391667;19,1;53,25;29;10,7;2,5125;
2013-06-22;0;949,333333;18,033333;30,8;24,120833;21,5;69,833333;45;9,3;2,754167;
2013-06-23;3,6;949,5;14,441667;32,8;24,791667;18,8;60,458333;20;9,9;2,295833;
2013-06-24;0;949,342857;10,3;32,6;null;19,1;45,952381;13;10,6;3,204762;
2013-06-25;0;949,561905;14,957143;30,4;null;18,4;61,142857;38;11,1;2,92381;
2013-06-26;0;949,16087;14,556522;32,1;25,291304;20,5;53,826087;31;11,3;3,86087;
2013-06-27;0;949,904167;15,2375;31,2;25,25;20,8;55,166667;33;10,2;3,358333;
2013-06-28;0;948,429167;13,5375;33,2;24,875;16,8;53;28;7,2;1,5625;
2013-06-29;0;948,0375;15,445833;32,6;25,05;19,4;56,791667;33;8,7;2,283333;
2013-06-30;0;947,795833;14,9375;32,4;25,508333;19,1;55,875;27;10,1;2,029167;
2013-07-01;0;948,3125;11,6625;32,9;25,275;19,6;46,416667;21;10,1;2,791667;
2013-07-02;0;948,5625;12,354167;33,5;25,75;19;46,333333;21;14,7;2,525;
2013-07-03;0;950,1625;15,1875;28,6;24,3125;21,7;57,25;44;13,4;4,333333;
2013-07-04;0;950,820833;16,1375;28,7;23,829167;21;62,833333;45;12,8;4,504167;
2013-07-05;0;950,558333;13,4875;30,3;24,270833;18,7;53,333333;31;11,4;3,491667;
2013-07-06;0;949,229167;14,383333;31,1;24,741667;20,1;54,833333;32;11;3,408333;
2013-07-07;0;949,108333;14,754167;30,2;24,841667;19,7;55,708333;36;10,9;3,8875;
2013-07-08;0;949,9125;10,3625;32,6;25,529167;19,2;42,75;17;9,6;3,345833;
2013-07-09;0;950,666667;13,966667;31,8;25,2625;20,4;51,541667;30;9,7;3,3875;
2013-07-10;0;950,2625;15,129167;29,6;24,025;19,5;59,25;37;14,2;5,370833;
2013-07-11;,4;949,791667;13,8625;30,5;23,5625;18,1;58,666667;27;14,4;3,333333;
2013-07-12;0;950,070833;14,65;30,4;24,475;20,9;55,041667;39;10,4;4,175;
2013-07-13;4,8;950,133333;17,975;31,1;23,666667;20,3;72;40;9,7;2,370833;
2013-07-14;3,4;950,158333;18,404167;27,5;23,25;20,3;75,208333;54;10,8;2,733333;
2013-07-15;1,4;949,866667;14,441667;31,7;24,258333;18,5;56;36;11,9;3,516667;
2013-07-16;0;950,341667;12,591667;33,4;24,2;16,1;54,333333;16;11,6;2,491667;
2013-07-17;0;950,066667;12,483333;31,4;23,745833;16,9;52,291667;30;10,8;2,7;
2013-07-18;0;949,383333;13,379167;32,6;25,029167;18,8;49,958333;30;13,5;4,370833;
2013-07-19;,8;949,358333;17,795833;30,3;24,333333;21,1;68,125;43;10,1;3,3375;
2013-07-20;1,2;948,933333;14,091667;32,5;24,841667;18,2;57,583333;24;10,7;2,3375;
2013-07-21;0;948,875;14,458333;34,1;25,891667;18,8;51,791667;30;8,5;2,608333;
2013-07-22;0;948,716667;14,025;32,9;26,595833;22,2;48,833333;21;10,5;3,495833;
2013-07-23;0;948,05;11,025;33,6;25,666667;17,8;44,375;16;9,9;2,695833;
2013-07-24;0;949,266667;13,25;33;25,720833;19,6;49,666667;24;11,8;3,258333;
2013-07-25;1,4;951,566667;15,7375;32,3;25,175;20;58,541667;31;8,7;2,708333;
2013-07-26;,8;952,3;15,475;33;26,0125;20,5;55,375;29;8,6;2,291667;
2013-07-27;0;950,933333;14,029167;32,5;26,766667;22,8;48,125;27;13,7;3,85;
2013-07-28;0;950,670833;11,745833;31;24,7;18,4;46,958333;26;13,3;4,3;
2013-07-29;0;951,229167;12,366667;32,8;25,0625;18,4;47,75;27;15,9;3,733333;
2013-07-30;0;952,3;14,241667;30,1;24,3625;20;55,833333;28;11,3;3,8375;
2013-07-31;0;951,708333;12,8375;31,2;24,3625;19,3;50,583333;30;13,6;4,520833;
2013-08-01;0;950,7625;13,245833;30,9;24,783333;20;51,458333;27;12,9;4,808333;
2013-08-02;0;950,604167;15,6125;29,1;23,383333;19,4;62,958333;41;13;4,433333;
2013-08-03;0;950,158333;13,25;31,1;24,208333;19,1;53,458333;28;14,3;4,220833;
2013-08-04;0;950,0875;12,7875;33,4;25,470833;18,7;48,458333;26;8,6;3,1625;
2013-08-05;0;949,879167;11,229167;33,2;25,741667;18,4;43,583333;23;10,7;3,575;
2013-08-06;0;949,375;13,895833;32,5;25,6875;19,3;50,833333;27;11,7;4,075;
2013-08-07;0;948,5125;13,854167;30,8;24,654167;19,5;53,583333;29;12,2;4,875;
2013-08-08;0;947,445833;10,791667;31,9;24,729167;18,3;44,541667;23;10,8;3,9875;
2013-08-09;0;948,170833;12,720833;32,6;25,579167;19,3;48,583333;24;10,7;3,858333;
2013-08-10;0;948,570833;13,504167;32,1;25,483333;20,6;49,583333;28;10,5;3,825;
2013-08-11;0;948,029167;13,304167;33,8;26,283333;20,3;48,291667;23;10;3,475;
2013-08-12;0;947,8125;12,020833;32,9;26,129167;20,3;44,208333;25;11;3,25;
2013-08-13;0;948,429167;12,595833;33,5;26,354167;20,2;45,375;22;13,7;3,716667;
2013-08-14;0;948,9;13,429167;35;27,041667;21,4;46,416667;23;12,7;3,833333;
2013-08-15;0;947,695833;13,825;34,3;27,375;21,8;46,625;25;9,3;3,758333;
2013-08-16;0;948,9875;12,820833;33,2;26,954167;20,9;44,083333;26;11;3,9875;
2013-08-17;0;949,375;12,8375;33;26,179167;20,4;46,416667;24;11,5;3,966667;
2013-08-18;0;949,591667;14,070833;31,4;25,4125;20,6;51,458333;31;10,6;3,733333;
2013-08-19;0;949,4375;12,5625;32,6;25,266667;19,6;47,416667;26;15;4,641667;
2013-08-20;0;948,9375;13,616667;33,9;26,229167;20,4;48,5;26;11,2;3,9625;
2013-08-21;0;949,033333;13,5125;32;25,9125;20,6;48,708333;29;11,8;4,325;
2013-08-22;0;948,516667;13,775;32,1;25,795833;20;49,666667;29;11;4,6125;
2013-08-23;0;948,375;12,391667;32,2;25,475;19,5;47,291667;25;12,4;4,525;
2013-08-24;0;948,541667;11,095833;33,5;26,375;20,6;42,833333;16;13,1;4,608333;
2013-08-25;0;948,879167;13,345833;32,3;25,8625;20,7;48,666667;25;10,5;4,058333;
2013-08-26;0;948,125;12,141667;33,4;25,945833;20;45,291667;23;11;3,675;
2013-08-27;0;948,770833;13,833333;33,3;26,841667;20,3;46,5;26;10,1;3,366667;
2013-08-28;0;949,541667;9,154167;35,6;27,9;20,6;36,333333;10;9,6;3,395833;
2013-08-29;0;950,941667;11,533333;33,6;27,025;21;40,791667;22;13,5;4,766667;
2013-08-30;0;950,729167;13,041667;31,7;25,620833;20,1;47,583333;26;14,3;5,308333;
2013-08-31;0;949,970833;12,954167;31,7;25,841667;20,4;46,125;30;12,7;4,545833;
2013-09-01;0;948,716667;13,15;32,9;25,816667;20,5;47,541667;28;12,4;4,283333;
2013-09-02;0;947,8625;11,525;32,8;26,054167;19,4;42,75;24;10,1;3,604167;
2013-09-03;0;947,908333;11,075;35;27,129167;19,3;40,916667;15;9,7;3,3125;
2013-09-04;0;949,354167;11,170833;35,8;27,666667;18,8;37,625;19;10,4;3,233333;
2013-09-05;0;949,4;13,5375;34,6;27,3625;21,3;45,375;25;13,2;3,870833;
2013-09-06;0;949,391667;13,670833;32,2;26,4625;20,6;47,208333;29;13,2;4,329167;
2013-09-07;0;948,9625;14,2125;32,5;26,204167;21,2;50,083333;29;11,8;3,7;
2013-09-08;0;949,883333;13,9125;32,7;25,85;20,7;50,333333;28;16,4;4,8875;
2013-09-09;0;950,175;11,108333;33,2;26,095833;19,9;41,833333;22;13,2;4,675;
2013-09-10;0;950,091667;13,158333;32,4;25,7375;20,2;47,833333;29;13;4,683333;
2013-09-11;0;948,441667;10,283333;32,5;25,454167;19;40,75;25;13,2;4,875;
2013-09-12;0;947,370833;10,75;32,7;25,645833;19,2;41,833333;23;12,2;4,745833;
2013-09-13;0;947,895833;10,2;35,1;26,920833;19;38,583333;16;13;4,2;
2013-09-14;0;948,808333;13,470833;34,4;27,583333;21,5;44,625;23;10,5;4,070833;
2013-09-15;0;948,720833;14,195833;34,1;27,275;22,4;47,375;25;12;4,408333;
2013-09-16;0;947,520833;11,554167;35,1;27,941667;21;39,916667;17;11,5;3,9125;
2013-09-17;0;947,591667;10,558333;35,3;28,133333;20,2;35,708333;19;12;3,854167;
2013-09-18;0;948,545833;12,983333;36,1;28,445833;21,2;42,25;20;13,2;4,354167;
2013-09-19;0;949,2;10,708333;34,4;27,9875;21,6;37,125;18;14,6;4,5125;
2013-09-20;0;948,804348;11,082609;32,9;26,256522;20,1;41,26087;22;12,5;4,904348;
2013-09-21;0;948,3;10,954167;34,4;27,15;20,4;39,125;20;10,3;3,754167;
2013-09-22;0;949,425;13,041667;34,1;27,704167;21,7;42,666667;22;10,2;3,808333;
2013-09-23;0;949,941667;10,75;35,7;28,520833;21,5;37,541667;15;10,9;3,320833;
2013-09-24;0;948,404167;7,183333;37,6;28,983333;21,2;36,095238;10;9,5;3,070833;
2013-09-25;0;947,016667;13,5375;36,3;28,145833;22,7;44,75;13;13;2,9875;
2013-09-26;0;947,616667;15,116667;34,6;27,816667;21,8;48,833333;27;10;3,479167;
2013-09-27;0;948,05;13,079167;35,9;28,675;22,4;42,458333;15;10,9;3,8375;
2013-09-28;0;948,891667;13,116667;35,2;27,966667;21,4;43,833333;16;12,4;3,35;
2013-09-29;0;947,370833;10,825;35,7;28,529167;22,1;36,5;14;10,3;3,879167;
2013-09-30;0;947,595833;10,366667;34,6;27,795833;22,3;36,583333;16;11,7;3,6625;
2013-10-01;0;947,454167;11,670833;34,5;27,504167;22,1;41,291667;19;10,6;2,958333;
2013-10-02;0;947,675;12,291667;35,5;28,2625;21,9;41,166667;20;11;3,929167;
2013-10-03;0;948,670833;11,375;35;27,983333;21,8;39,75;18;10,4;3,375;
2013-10-04;0;948,3625;11,979167;35,6;27,883333;21,7;41,75;14;11,4;3,745833;
2013-10-05;0;947,554167;11,954167;36;28,3;21,5;40,916667;15;9,6;3,066667;
2013-10-06;0;947,15;14,216667;36,4;28,304167;22,4;45,5;20;11,6;2,8125;
2013-10-07;0;948,879167;13,129167;34,6;28,154167;22,4;42,458333;23;11,6;3,0125;
2013-10-08;1,4;949,270833;13,308333;33,7;27,625;21,1;44,875;24;10,5;2,8625;
2013-10-09;0;948,570833;12,1375;33,9;27,5625;21,9;41,583333;20;11,5;4,158333;
2013-10-10;0;947,554167;10,895833;34,9;28,070833;21,4;37,041667;18;13,5;4,45;
2013-10-11;0;947,995833;14,370833;32,1;26,5125;21,9;49,25;29;13,8;5,670833;
2013-10-12;0;948,279167;16,558333;32,1;25,770833;21,6;58,583333;34;14,2;5,920833;

