Nome: IGUATU
Codigo Estacao: A319
Latitude: -6.396375
Longitude: -39.268954
Altitude: 221.56
Situacao: Operante
Data Inicial: 2013-01-01
Data Final: 2013-10-12
Periodicidade da Medicao: Diaria

Data Medicao;PRECIPITACAO TOTAL, DIARIO (AUT)(mm);PRESSAO ATMOSFERICA MEDIA DIARIA (AUT)(mB);TEMPERATURA DO PONTO DE ORVALHO MEDIA DIARIA (AUT)(°C);TEMPERATURA MAXIMA, DIARIA (AUT)(°C);TEMPERATURA MEDIA, DIARIA (AUT)(°C);TEMPERATURA MINIMA, DIARIA (AUT)(°C);UMIDADE RELATIVA DO AR, MEDIA DIARIA (AUT)(%);UMIDADE RELATIVA DO AR, MINIMA DIARIA (AUT)(%);VENTO, RAJADA MAXIMA DIARIA (AUT)(m/s);VENTO, VELOCIDADE MEDIA DIARIA (AUT)(m/s);
2013-01-01;null;null;null;null;null;null;null;null;null;null;
2013-01-02;null;null;null;null;null;null;null;null;null;null;
2013-01-03;null;null;null;null;null;null;null;null;null;null;
2013-01-04;null;null;null;null;null;null;null;null;null;null;
2013-01-05;null;null;null;null;null;null;null;null;null;null;
2013-01-06;null;null;null;null;null;null;null;null;null;null;
2013-01-07;null;null;null;null;null;null;null;null;null;null;
2013-01-08;null;null;null;null;null;null;null;null;null;null;
2013-01-09;null;null;null;null;null;null;null;null;null;null;
2013-01-10;null;null;null;null;null;null;null;null;null;null;
2013-01-11;null;null;null;null;null;null;null;null;null;null;
2013-01-12;null;null;null;null;null;null;null;null;null;null;
2013-01-13;null;null;null;null;null;null;null;null;null;null;
2013-01-14;null;null;null;null;null;null;null;null;null;null;
2013-01-15;null;null;null;null;null;null;null;null;null;null;
2013-01-16;null;null;null;null;null;null;null;null;null;null;
2013-01-17;null;null;null;null;null;null;null;null;null;null;
2013-01-18;null;null;null;null;null;null;null;null;null;null;
2013-01-19;null;null;null;null;null;null;null;null;null;null;
2013-01-20;null;null;null;null;null;null;null;null;null;null;
2013-01-21;null;null;null;null;null;null;null;null;null;null;
2013-01-22;null;null;null;null;null;null;null;null;null;null;
2013-01-23;null;null;null;null;null;null;null;null;null;null;
2013-01-24;null;null;null;null;null;null;null;null;null;null;
2013-01-25;null;null;null;null;null;null;null;null;null;null;
2013-01-26;null;null;null;null;null;null;null;null;null;null;
2013-01-27;null;null;null;null;null;null;null;null;null;null;
2013-01-28;null;null;null;null;null;null;null;null;null;null;
2013-01-29;null;null;null;null;null;null;null;null;null;null;
2013-01-30;null;null;null;null;null;null;null;null;null;null;
2013-01-31;null;null;null;null;null;null;null;null;null;null;
2013-02-01;null;null;null;null;null;null;null;null;null;null;
2013-02-02;null;null;null;null;null;null;null;null;null;null;
2013-02-03;null;null;null;null;null;null;null;null;null;null;
2013-02-04;null;null;null;32,4;null;null;null;56;6,6;null;
2013-02-05;null;null;null;33,2;null;27,5;null;53;9;null;
2013-02-06;null;null;null;32,6;null;27,6;null;52;7,3;null;
2013-02-07;null;null;null;33,1;null;26,8;null;52;11,5;null;
2013-02-08;null;null;null;33,8;null;26,2;55,428571;50;10,7;null;
2013-02-09;null;null;null;33,8;null;27,1;58;47;14,8;null;
2013-02-10;null;null;null;null;null;28,5;null;null;null;null;
2013-02-11;null;null;null;33,1;null;null;59,166667;53;8;null;
2013-02-12;null;null;null;29,6;null;28,4;null;59;2,6;null;
2013-02-13;null;null;null;null;null;null;null;null;null;null;
2013-02-14;null;null;null;33;null;null;null;52;12,8;null;
2013-02-15;null;null;null;null;null;28,9;null;null;null;null;
2013-02-16;null;null;null;null;null;null;null;null;null;null;
2013-02-17;null;null;null;null;null;null;null;null;null;null;
2013-02-18;null;null;null;32,4;null;null;null;56;9,2;null;
2013-02-19;null;null;null;32,9;null;27,8;null;42;8,2;null;
2013-02-20;null;984,445833;19,458333;33,9;28,029167;23,9;62,583333;31;9,7;2,454167;
2013-02-21;null;984,0875;18,3375;34,4;29,158333;24,4;54,833333;29;10,4;2,6;
2013-02-22;null;984,716667;17,779167;34,1;28,183333;22,6;55,625;30;7;2,004167;
2013-02-23;null;984,7375;17,916667;35,6;28,879167;23;55,25;26;9,4;2,016667;
2013-02-24;null;984,458333;18,729167;35,4;29,145833;23,1;56,333333;32;8,7;2,517391;
2013-02-25;null;984,554167;18,7875;36,4;29,479167;24,2;55,458333;30;10,1;2,6875;
2013-02-26;null;984,883333;17,220833;36,6;29,75;22,5;51,291667;25;10,8;2,429167;
2013-02-27;null;985,895833;16,579167;36,5;30,075;24;48,166667;23;10,6;3,020833;
2013-02-28;null;984,7125;17,004167;37,5;30,583333;23;47,541667;23;9,8;3,445833;
2013-03-01;0;984,0625;16,858333;37,5;30,216667;22,9;48,708333;22;11,8;3,054167;
2013-03-02;0;984,433333;17,816667;36,6;29,854167;24,6;50,541667;29;11,3;3,495833;
2013-03-03;,6;986,008333;16,654167;34,9;29,133333;22,5;50,291667;28;11,3;2,841667;
2013-03-04;0;985,716667;17,358333;37,5;29,595833;22,1;51,333333;26;12;2,483333;
2013-03-05;8;985,541667;19,8;35,4;28,733333;23,2;62,75;32;10,4;2,241667;
2013-03-06;0;985,704167;19,075;35;29,8375;24,2;54,833333;32;9,4;2,7;
2013-03-07;0;986,5125;18,458333;35,3;29,295833;25;55;27;11;2,570833;
2013-03-08;0;987,804167;17,591667;33,7;28,270833;23,7;54,958333;29;10,4;2,354167;
2013-03-09;0;986,558333;18,4375;36;29,304167;21,7;54,583333;31;7,1;2,108333;
2013-03-10;0;985,895833;18,6125;36;29,879167;23,2;53,625;30;11,6;2,433333;
2013-03-11;0;984,116667;18,6625;37,8;30,9375;26,3;52;24;10,3;3,320833;
2013-03-12;0;983,691667;17,633333;38,4;30,8125;24;49,666667;22;11,8;3,454167;
2013-03-13;0;984,020833;18,633333;36,8;29,741667;24,5;54,375;29;12;2,558333;
2013-03-14;0;983,608333;18,633333;37,2;30,7;25,2;51,666667;28;12,1;2,883333;
2013-03-15;0;983,641667;18,5;37,5;30,058333;24,5;52,666667;28;12,3;2,658333;
2013-03-16;7;984,645833;20,4125;34,3;28,629167;22,9;63,833333;36;12,1;2,9375;
2013-03-17;0;985,170833;20,291667;35,5;29,054167;24,4;62,833333;31;11,4;1,904167;
2013-03-18;2,4;984,6625;21,779167;30;26,875;23,9;74,208333;51;10,9;1,920833;
2013-03-19;37,6;984,891667;21,479167;30,4;25,675;21,9;78,958333;57;10,5;2,2625;
2013-03-20;,4;985,258333;22,120833;32;27,083333;24,2;75,708333;48;8,6;1,5125;
2013-03-21;,2;985,966667;20,145833;33,7;28,241667;24,3;64,125;38;6,5;1,904167;
2013-03-22;,2;986,304167;20,895833;33,7;28,104167;24,8;66,208333;42;11;2,5;
2013-03-23;0;984,741667;21,216667;32;27,541667;24,2;69,291667;49;10,3;1,7875;
2013-03-24;7,8;984,166667;21,945833;30,5;26,033333;22,2;78,791667;61;8,2;1,869565;
2013-03-25;1,2;985,604167;21,616667;32,5;26,920833;23;74,083333;49;7,7;1,979167;
2013-03-26;1,4;987,2;21,875;32,9;26,745833;23,1;76,208333;47;7;1,533333;
2013-03-27;0;986,345833;21,566667;33,7;28,345833;24,3;68,333333;43;9,8;1,995833;
2013-03-28;0;985,94;21,71;32,8;null;24,3;70,35;47;10,1;2,58;
2013-03-29;0;null;null;33,2;null;25,4;62,5;47;7,1;null;
2013-03-30;5;987,191667;21,158333;33,2;27,266667;23,2;71,166667;39;8,2;2,395833;
2013-03-31;,2;987,8;20,445833;34,3;27,3625;22,8;69,208333;38;7,5;1,775;
2013-04-01;0;987,766667;18,545833;34,1;27,529167;22,3;61,5;28;8,7;2,3375;
2013-04-02;1;986,854167;21,175;33,3;26,6375;21,2;73,333333;41;10,5;1,875;
2013-04-03;19,6;986,9375;21,904167;31,2;26,270833;22;77,5;58;6,8;1,458333;
2013-04-04;12,8;986,691667;21,916667;30,2;25,391667;21,4;81,708333;59;8,8;1,641667;
2013-04-05;,2;987,091667;22,108333;31,8;26,641667;23,7;77,208333;52;5,8;1,629167;
2013-04-06;,2;987,279167;21,008333;33,9;27,854167;23,5;68,5;41;6,4;1,8375;
2013-04-07;0;986,883333;21,2625;33,9;28,095833;23,8;67,916667;44;9,6;2,229167;
2013-04-08;0;986,041667;21,216667;33,2;27,75;24,3;68,791667;47;7,5;1,958333;
2013-04-09;0;985,2125;21,1125;33,5;28,0375;25,2;67,291667;44;10,4;2,304167;
2013-04-10;,2;985,175;19,4125;34,7;28,579167;24;61,791667;28;12;2,333333;
2013-04-11;0;985,929167;18,908333;35,3;28,7;22,5;58,583333;31;8,8;2,133333;
2013-04-12;11,2;986,216667;20,254167;33,4;28,104167;22,8;64,541667;37;10,5;2,758333;
2013-04-13;0;985,316667;20,208333;34,5;28,254167;23,2;64,875;28;10,3;1,8875;
2013-04-14;0;985,058333;21,016667;34,8;28,729167;24,5;64,708333;40;8,9;2,0375;
2013-04-15;0;985,85;19,008333;35,2;28,545833;22,6;57,958333;37;12,5;1,945833;
2013-04-16;1;985,504167;22,1375;32,7;27,479167;24,3;73,958333;49;8,7;2,220833;
2013-04-17;2;985,575;22,216667;32,9;26,733333;23,7;77,541667;48;9,1;1,791667;
2013-04-18;1;984,85;21,133333;34,3;27,904167;23,9;69,458333;38;10,1;2,2125;
2013-04-19;13,2;985,1;22,2125;32,4;26,475;23,1;78,833333;48;6,2;1,366667;
2013-04-20;1,8;986,095833;22,016667;27,3;24,7125;22,1;85,375;69;7,6;1,25;
2013-04-21;10,8;986,354167;21,891667;28,9;24,616667;22,2;85,25;64;10,3;1,508333;
2013-04-22;,2;986,595833;20,341667;31,1;25,858333;22,2;73,5;46;9,7;2,695833;
2013-04-23;0;987,058333;19,425;31,3;26,275;23;66,875;47;19,8;3,108333;
2013-04-24;0;987,4125;20,0625;30;26,254167;22,8;69,458333;55;10;2,279167;
2013-04-25;7;987,270833;22,4375;30,5;25,0375;22,9;86;62;6,8;1,320833;
2013-04-26;37,8;987,116667;22,0625;31,1;25,9875;22,7;80,791667;52;8,7;2,120833;
2013-04-27;1,8;986,383333;21,245833;30,7;26,095833;22,9;75,916667;52;8,9;2,495833;
2013-04-28;0;985,895833;20,033333;31,4;26,6375;22,6;68,5;47;9,3;2,704167;
2013-04-29;2;986,454167;21,245833;30,1;25,845833;22,3;76,791667;56;10,3;2,608333;
2013-04-30;0;986,833333;20,595833;31,5;26,8;23,2;70,125;48;8,7;2,7375;
2013-05-01;,6;987,1;21,429167;30,9;26,1;22,5;76,458333;53;7,7;2,008333;
2013-05-02;0;987,095833;20,3875;31,3;26,166667;21,9;72,041667;49;9;2,308333;
2013-05-03;0;986,583333;20,15;31,5;26,541667;22,5;69,416667;48;9;2,433333;
2013-05-04;0;985,841667;19,879167;32;26,479167;21,6;69,291667;45;9,6;2,1375;
2013-05-05;0;986,279167;18,6375;32,5;27,375;22,8;60,25;39;7,9;2,366667;
2013-05-06;0;987,1125;21,0375;33,3;27,625;23,3;69,208333;42;7,1;1,4625;
2013-05-07;0;987,958333;21,2375;33,7;26,141667;21,1;76,666667;42;14,8;1,166667;
2013-05-08;14,6;988,45;22,3625;31,9;26,458333;21,7;79,333333;50;5,6;1,516667;
2013-05-09;138,8;988,708333;22,691667;31,6;25,458333;22,1;85,666667;56;7,1;1,583333;
2013-05-10;45,6;989,025;22,083333;28,5;24,625;21,7;86,5;65;15,5;1,795833;
2013-05-11;,2;988,1125;21,0875;30,5;25,7;22,6;77,208333;51;8,4;2,0375;
2013-05-12;0;987,0375;20,745833;30,6;25,8;22,4;75,125;50;10,3;2,2;
2013-05-13;0;986,816667;19,633333;30,6;25,641667;21,5;70,708333;50;8,9;2,454167;
2013-05-14;0;986,583333;20,579167;30,4;25,75;22;74,041667;55;8,1;1,966667;
2013-05-15;,8;986,9375;20,804167;30,1;25,629167;22,3;76,416667;50;7,3;1,7875;
2013-05-16;0;985,920833;20,741667;31;26,2875;22,2;72,75;50;8,1;2,35;
2013-05-17;0;986,445833;21,3375;32,1;26,795833;23,1;73,541667;47;7,1;1,7125;
2013-05-18;8,4;987,545833;21,504167;30,6;26,283333;22,4;76,25;53;8,8;2,420833;
2013-05-19;0;988,8;19,716667;30,2;25,675;22,1;70,666667;51;9,1;2,679167;
2013-05-20;0;987,533333;18,7125;30,6;25,025;20,6;70,5;41;7,3;1,7375;
2013-05-21;0;986,0375;19,416667;31;24,795833;19,2;74,083333;48;5;1,275;
2013-05-22;0;985,683333;21,241667;31,8;26,383333;22,4;75,208333;49;6;1,529167;
2013-05-23;0;986,216667;22,270833;31,9;25,5;22,8;83,208333;55;10,1;,9875;
2013-05-24;18,8;986,383333;22,429167;31,9;26,241667;22,5;81,083333;52;5,2;1,4;
2013-05-25;0;987,954167;21,841667;31,3;25,2875;22,3;82,166667;54;9,1;1,445833;
2013-05-26;6;988,583333;21,825;29,8;25,25;21,9;82,708333;55;5,5;1,245833;
2013-05-27;0;987,633333;20,5125;31,1;25,666667;21,3;75,291667;47;9,7;2,1125;
2013-05-28;0;986,254167;20,120833;31,3;26,733333;23,5;68,166667;45;7,3;2,058333;
2013-05-29;0;986,495833;20,841667;31,3;26,258333;21,7;73,916667;48;6,5;1,425;
2013-05-30;0;987,4625;21,183333;31,4;26,141667;22,7;75,541667;48;5,5;1,108333;
2013-05-31;0;987,620833;19,879167;32,2;26,670833;22,6;68,708333;40;8,3;1,883333;
2013-06-01;0;987,154167;19,220833;31,8;25,7375;21,3;70,166667;36;9,9;2,104167;
2013-06-02;0;987,866667;18,225;31,8;25,9125;19,7;64,708333;40;7,8;1,545833;
2013-06-03;0;988,308333;20,0375;32,9;26,608333;21,5;68,291667;43;6,6;1,304167;
2013-06-04;0;988,083333;21,083333;32;26,308333;21,7;74,291667;48;5;1,279167;
2013-06-05;16,8;988,158333;21,725;31,7;25,470833;22,1;81,541667;51;11;1,720833;
2013-06-06;12,6;988,416667;20,508333;31,2;25,945833;22,4;74,416667;41;7,6;1,8625;
2013-06-07;0;988,695833;19,091667;30,9;25,083333;21,8;72,625;36;7;1,495833;
2013-06-08;0;988,4625;18,5875;31,3;24,833333;18,4;70,458333;48;8,7;2,295833;
2013-06-09;0;988,004167;19,4875;30,6;25,545833;22,6;70,625;46;8,5;2,1;
2013-06-10;0;987,895833;18,4375;31,7;25,608333;21;66,375;42;8,9;2,6;
2013-06-11;0;988,754167;19,004167;31,4;26,1875;21,9;65,875;41;9,5;2,3625;
2013-06-12;0;988,658333;18,745833;32,6;27,341667;22,4;61,083333;38;7,5;1,929167;
2013-06-13;1,6;988,558333;22,125;29,7;25,183333;23;83,958333;53;11,7;1,754167;
2013-06-14;26;988,0875;21,733333;26,9;23,65;21,6;89,5;70;7,7;1,686957;
2013-06-15;2;987,470833;21,804167;31,5;25,433333;21,7;82,166667;50;6,6;1,3;
2013-06-16;0;987,8375;21,016667;31,7;25,579167;21,1;78,125;48;7,8;1,583333;
2013-06-17;4,2;988,5625;21,575;31,5;25,691667;22,9;79,666667;50;5,7;1,366667;
2013-06-18;0;987,670833;20,404167;31,2;25,595833;20,9;74,708333;46;8;1,279167;
2013-06-19;0;987,154167;20,95;31,5;25,804167;22,1;76,083333;47;7,6;1,670833;
2013-06-20;0;987,004167;18,579167;32,3;25,658333;20;67,041667;37;8,9;2,158333;
2013-06-21;0;987,1375;19,370833;30,8;25,225;20,9;71,416667;49;6,5;1,7;
2013-06-22;5;988,916667;21,620833;28,2;23,308333;21,7;90,75;68;10,8;2,0875;
2013-06-23;20,4;988,625;19,983333;30,7;24,575;20,7;78,125;44;8;1,845833;
2013-06-24;0;988,5125;16,295833;30,6;23,954167;19,2;66,416667;29;7,4;1,7375;
2013-06-25;0;988,436364;18,795455;29,9;23,404545;18,7;76,545455;49;8,4;1,768182;
2013-06-26;0;988,104167;18,2125;30,7;25,770833;21,9;64,416667;43;10,5;3,054167;
2013-06-27;0;988,65;18,783333;32,1;26,191667;21;64,791667;43;8,1;2,208333;
2013-06-28;0;987,479167;18,895833;32,1;25,941667;20,2;67,041667;42;5,5;1,225;
2013-06-29;,2;987,179167;20,770833;29,2;24,929167;21,7;78,666667;55;9;2,141667;
2013-06-30;0;986,645833;18,5875;32;25,2375;19,6;70,416667;38;9;1,691667;
2013-07-01;0;987,166667;15,720833;32,8;25,645833;19,9;56,916667;29;8,7;2;
2013-07-02;0;987,55;17,45;33,3;25,3625;18,1;65,041667;32;7,2;1,704167;
2013-07-03;,8;989,379167;18,954167;28,9;25,020833;22,6;69,708333;52;11,5;2,954167;
2013-07-04;,4;989,75;17,991667;30,9;25,504167;21,9;64,916667;40;9,3;3,3;
2013-07-05;0;989,341667;16,775;31,5;26,441667;20,9;56,833333;38;9,1;2,529167;
2013-07-06;0;987,9875;17,275;32,4;26,583333;22,3;58,166667;37;9,9;2,716667;
2013-07-07;0;987,816667;17,104167;32,5;26,779167;21,8;57,666667;34;9,7;2,55;
2013-07-08;0;988,920833;15,445833;33,1;26,525;20,9;52,083333;32;8,6;2,3625;
2013-07-09;0;989,525;17,891667;32;25,7;19,8;64,333333;41;9,9;1,791667;
2013-07-10;0;988,870833;16,429167;31,9;26,591667;21,4;55,041667;36;12,7;4,608333;
2013-07-11;0;988,379167;14,820833;33,2;26,391667;20,4;52;21;11,3;2,833333;
2013-07-12;0;988,979167;18,095833;32;26,4;22,7;61,458333;41;8,5;2,295833;
2013-07-13;31,4;989,183333;20,85;31,8;24,95;21,5;79,75;47;10;1,470833;
2013-07-14;3;988,916667;21,2875;31,8;25,095833;22,4;80,666667;47;14,2;1,883333;
2013-07-15;9,4;989,2;17,9875;30,6;24,658333;20,5;68,041667;44;8,5;2,266667;
2013-07-16;0;989,595833;18,795833;31,7;24,416667;18,9;73,958333;42;6,4;1,133333;
2013-07-17;0;988,991667;18,995833;32;25,054167;19,7;71,958333;37;10;1,491667;
2013-07-18;0;988,2875;16,841667;32;26,354167;21,1;56,625;42;10,2;2,966667;
2013-07-19;1,2;988,491667;20,154167;30;25,029167;21,9;75,791667;52;7,7;2,204167;
2013-07-20;0;988,0125;17,804167;32,3;25,241667;20,6;67,083333;32;8,7;1,920833;
2013-07-21;0;987,929167;18,366667;32;24,8375;18,3;69,958333;42;7,2;1,466667;
2013-07-22;,2;987,654167;19,216667;33;26,241667;22,1;67,875;35;7,7;2,125;
2013-07-23;0;986,929167;16,133333;33,4;26,045833;19,1;57,375;30;12,8;2,0125;
2013-07-24;0;988,204167;16,891667;32,7;25,904167;20,6;60,041667;33;8,4;2,054167;
2013-07-25;5,4;990,525;18,670833;32,6;25,975;21,8;67;37;8,4;1,991667;
2013-07-26;0;991,316667;19,345833;33,1;26,020833;20,9;69,833333;32;8,6;1,295833;
2013-07-27;,6;990,016667;17,104167;33,3;26,695833;21,3;59,791667;28;14,5;2,404167;
2013-07-28;0;989,616667;13,775;32,1;25,908333;19,3;48,625;30;10,8;2,641667;
2013-07-29;0;990,220833;14,525;33,1;25,883333;18,6;51,166667;31;8,7;2,558333;
2013-07-30;0;990,941667;15,95;32,8;27,091667;22,6;54,833333;25;9,8;3,216667;
2013-07-31;0;990,5125;13,995833;33;26,875;21,4;46,333333;31;14,3;3,316667;
2013-08-01;0;989,55;14,4125;33,4;27,233333;21,3;47,708333;25;10,7;4,008333;
2013-08-02;0;989,491667;17,345833;31,6;25,791667;21,3;60,833333;40;11,9;3,3;
2013-08-03;0;989,041667;15,408333;33;26,154167;20,4;54,541667;28;10,5;3,279167;
2013-08-04;0;988,854167;14,870833;34,5;26,979167;21;50,083333;25;8,6;2,5375;
2013-08-05;0;988,85;14,141667;34;26,7125;18,2;50,25;24;9,8;2,308333;
2013-08-06;0;988,35;16,3625;32,2;26,979167;21,7;53,458333;32;9,5;2,520833;
2013-08-07;0;987,166667;14,7375;33,4;26,6125;20,1;51,25;27;11,5;3,179167;
2013-08-08;0;986,320833;12,779167;33,2;26,6;19,1;44,625;25;9;2,829167;
2013-08-09;0;986,975;15,358333;34;26,929167;21;51,875;27;10;2,925;
2013-08-10;0;987,120833;16,283333;33,9;27,183333;21,7;53,958333;28;8,1;1,895833;
2013-08-11;0;986,941667;15,475;34,5;28,066667;23,2;49;26;9,6;2,633333;
2013-08-12;0;986,695833;14,979167;35;27,504167;20;50,083333;25;11,5;2,254167;
2013-08-13;0;987,354167;15,404167;34,1;27,45;21,3;51,375;27;9,1;2,220833;
2013-08-14;0;987,504167;15,841667;35,3;28,458333;21,6;48,958333;27;8,7;2,504167;
2013-08-15;6,4;986,5625;18,120833;35;28,091667;22,4;58,958333;28;8,7;2,104167;
2013-08-16;0;987,716667;17,0125;34,7;28,666667;22,7;53,083333;28;10,1;2,941667;
2013-08-17;0;988,2625;15,1625;34,2;27,875;22,2;47,791667;28;8,6;2,545833;
2013-08-18;0;988,266667;15,866667;33,6;27,975;22,7;49,625;29;8,4;2,725;
2013-08-19;0;988,179167;15,0375;34;28,379167;23,2;46,083333;28;10,5;3,766667;
2013-08-20;0;987,979167;15,95;34,1;27,479167;22;51,041667;31;9,5;2,270833;
2013-08-21;0;987,770833;16,054167;33,9;28,175;23,9;50,25;28;10,9;3,658333;
2013-08-22;0;986,916667;14,65;35,2;29,016667;23,5;43,708333;25;11,5;3,4125;
2013-08-23;0;987,1375;14,875;34,8;28,304167;22,9;45,958333;27;12,1;3,491667;
2013-08-24;0;987,179167;13,116667;34,8;28,066667;22,2;41,666667;25;12,2;2,833333;
2013-08-25;0;987,3875;13,645833;34,4;28,7625;23,3;41,875;22;10,3;3,241667;
2013-08-26;0;986,695833;13,808333;34,8;28,2875;22,2;43,041667;24;10,8;3,120833;
2013-08-27;0;987,35;14,475;34,7;28,345833;20,8;44,333333;26;10,5;2,4;
2013-08-28;0;988,283333;11,695833;35,9;29,25;22,6;36,875;16;8,6;2,8625;
2013-08-29;0;989,691667;13,854167;35,7;28,054167;20,6;44,791667;25;10;2,6875;
2013-08-30;0;989,416667;15,141667;33,3;28,670833;23,4;45;31;10,4;3,9625;
2013-08-31;0;988,458333;15,479167;33,7;28,420833;24,7;46,833333;31;12,1;2,845833;
2013-09-01;0;987,3625;14,791667;33,9;28,525;24,1;44,916667;27;10,1;3,2;
2013-09-02;0;986,633333;13,3125;34,5;28,3375;22,9;42,125;23;10,6;3,366667;
2013-09-03;0;986,654167;13,945833;35,9;28,741667;21,5;44,083333;20;9;2,55;
2013-09-04;0;988,25;16,495833;36,2;28,954167;22,1;51,875;23;9,5;2,441667;
2013-09-05;0;988,4625;16,616667;35,1;28,095833;22,2;52,791667;28;9,6;2,625;
2013-09-06;0;988,095833;15,858333;34,9;28,408333;23,9;49,416667;27;8,9;2,4125;
2013-09-07;0;987,495833;15,883333;35,2;28,604167;23,1;48,916667;26;8,4;2,0375;
2013-09-08;,4;988,616667;15,820833;34,5;28,3375;21,8;50,083333;27;11,3;3,1;
2013-09-09;0;989,0375;13,283333;34,7;28,283333;22,8;41,375;24;13,2;3,116667;
2013-09-10;0;988,645833;14,491667;35,1;29,120833;23;42,708333;27;13,5;3,679167;
2013-09-11;0;987,045833;11,158333;35,3;28,65;21,7;35,666667;21;12,8;3,983333;
2013-09-12;0;986,058333;11,1875;34,9;28,066667;21,1;37,5;20;12,7;3,1875;
2013-09-13;,8;986,95;13,808333;35,6;28,620833;22,7;43,541667;23;10,7;3,3125;
2013-09-14;0;987,654167;15,579167;35,7;29,179167;23,6;46,25;26;9,1;3,091667;
2013-09-15;0;987,258333;15,829167;36,2;29,945833;25;45,916667;23;14,3;3,1125;
2013-09-16;0;986,591667;14,370833;35,5;29,4125;22;44,541667;21;11,3;3,083333;
2013-09-17;0;986,725;14,679167;36,2;28,791667;20,9;46,291667;22;10;2,866667;
2013-09-18;0;987,741667;15,570833;36,7;29,229167;20,5;47,375;23;11,2;3,470833;
2013-09-19;0;988,179167;13,491667;35,8;29,125;23,6;41,166667;20;12,2;4,083333;
2013-09-20;0;987,283333;11,241667;35,3;29,083333;23,6;34,833333;19;10,6;3,4;
2013-09-21;0;986,941667;13,045833;35,9;29,25;22,3;40,041667;20;11,1;2,845833;
2013-09-22;0;988,283333;15,9875;35,7;29,333333;24,3;47,833333;24;10,9;3,033333;
2013-09-23;0;989,016667;15,116667;35,9;28,829167;20,6;47,458333;22;10,8;2,816667;
2013-09-24;0;987,583333;14,445833;37,9;29,245833;20,9;47,916667;14;10,5;2,558333;
2013-09-25;0;986,0125;18,291667;37;29,7125;24,8;53,583333;27;11;3,133333;
2013-09-26;0;986,783333;17,358333;36,1;29,108333;23;52,125;29;12,3;3,525;
2013-09-27;0;987,229167;16,783333;36,4;29,225;23,4;51,333333;21;11;3,329167;
2013-09-28;0;987,608333;16,029167;36,3;28,975;23,2;50,083333;23;11,2;2,925;
2013-09-29;0;986,15;15,508333;36,4;29,133333;22,7;49,291667;22;9,9;2,433333;
2013-09-30;0;986,375;14,058333;36,1;29,125;22,4;44,458333;19;10,6;3,125;
2013-10-01;0;986,408333;15,908333;35,6;28,933333;23,8;49,5;23;10,6;3,070833;
2013-10-02;0;986,845833;16,533333;35,7;29,033333;24,1;50,5;25;12,2;2,95;
2013-10-03;0;987,9;15,895833;35,7;28,375;20,8;51,083333;25;13,8;2,729167;
2013-10-04;0;987,483333;15,670833;36,7;29,2875;22,5;48,333333;22;10,9;3,0875;
2013-10-05;0;986,545833;15,958333;36,8;29,525;22,6;48,666667;22;11,5;2,920833;
2013-10-06;0;986,279167;17,325;37,2;29,8125;24,4;51,333333;23;10,7;3,545833;
2013-10-07;0;987,791667;16,5;35;28,808333;23,3;50,708333;27;14;2,895833;
2013-10-08;1,2;987,966667;15,4625;36,3;29,4;24,1;47,625;19;12,6;3,2625;
2013-10-09;0;987,166667;14,733333;36,1;29,5875;25,2;43,333333;22;10,2;2,8375;
2013-10-10;0;986,25;13,8;36,4;29,5;22,9;42,416667;18;10,8;2,3875;
2013-10-11;4;986,258333;15,558333;35,8;29,395833;22,3;46,541667;23;12,7;3,975;
2013-10-12;0;986,841667;17,0875;35;28,920833;23,6;50,791667;31;11,9;3,9625;

