Nome: CONCEICAO DAS ALAGOAS
Codigo Estacao: A520
Latitude: -19.98586
Longitude: -48.151574
Altitude: 572.54
Situacao: Operante
Data Inicial: 2013-01-01
Data Final: 2013-10-12
Periodicidade da Medicao: Diaria

Data Medicao;PRECIPITACAO TOTAL, DIARIO (AUT)(mm);PRESSAO ATMOSFERICA MEDIA DIARIA (AUT)(mB);TEMPERATURA DO PONTO DE ORVALHO MEDIA DIARIA (AUT)(°C);TEMPERATURA MAXIMA, DIARIA (AUT)(°C);TEMPERATURA MEDIA, DIARIA (AUT)(°C);TEMPERATURA MINIMA, DIARIA (AUT)(°C);UMIDADE RELATIVA DO AR, MEDIA DIARIA (AUT)(%);UMIDADE RELATIVA DO AR, MINIMA DIARIA (AUT)(%);VENTO, RAJADA MAXIMA DIARIA (AUT)(m/s);VENTO, VELOCIDADE MEDIA DIARIA (AUT)(m/s);
2013-01-01;null;null;null;null;null;null;null;null;null;null;
2013-01-02;null;null;null;null;null;null;null;null;null;null;
2013-01-03;null;null;null;null;null;null;null;null;null;null;
2013-01-04;null;null;null;null;null;null;null;null;null;null;
2013-01-05;null;null;null;null;null;null;null;null;null;null;
2013-01-06;null;null;null;null;null;null;null;null;null;null;
2013-01-07;null;null;null;null;null;null;null;null;null;null;
2013-01-08;null;null;null;null;null;null;null;null;null;null;
2013-01-09;null;null;null;null;null;null;null;null;null;null;
2013-01-10;null;null;null;null;null;null;null;null;null;null;
2013-01-11;null;null;null;null;null;null;null;null;null;null;
2013-01-12;null;null;null;null;null;null;null;null;null;null;
2013-01-13;null;null;null;null;null;null;null;null;null;null;
2013-01-14;null;null;null;null;null;null;null;null;null;null;
2013-01-15;null;null;null;null;null;null;null;null;null;null;
2013-01-16;null;null;null;null;null;null;null;null;null;null;
2013-01-17;null;null;null;null;null;null;null;null;null;null;
2013-01-18;null;null;null;null;null;null;null;null;null;null;
2013-01-19;null;null;null;null;null;null;null;null;null;null;
2013-01-20;null;null;null;null;null;null;null;null;null;null;
2013-01-21;null;null;null;null;null;null;null;null;null;null;
2013-01-22;null;null;null;null;null;null;null;null;null;null;
2013-01-23;null;null;null;null;null;null;null;null;null;null;
2013-01-24;null;null;null;null;null;null;null;null;null;null;
2013-01-25;null;null;null;null;null;null;null;null;null;null;
2013-01-26;null;null;null;null;null;null;null;null;null;null;
2013-01-27;null;null;null;null;null;null;null;null;null;null;
2013-01-28;null;null;null;null;null;null;null;null;null;null;
2013-01-29;null;null;null;null;null;null;null;null;null;null;
2013-01-30;null;null;null;null;null;null;null;null;null;null;
2013-01-31;null;null;null;null;null;null;null;null;null;null;
2013-02-01;null;null;null;null;null;null;null;null;null;null;
2013-02-02;null;null;null;null;null;null;null;null;null;null;
2013-02-03;null;null;null;null;null;null;null;null;null;null;
2013-02-04;null;null;null;null;null;null;null;null;null;null;
2013-02-05;null;null;null;null;null;null;null;null;null;null;
2013-02-06;null;null;null;null;null;null;null;null;null;null;
2013-02-07;null;null;null;null;null;null;null;null;null;null;
2013-02-08;null;null;null;null;null;null;null;null;null;null;
2013-02-09;null;null;null;null;null;null;null;null;null;null;
2013-02-10;null;null;null;null;null;null;null;null;null;null;
2013-02-11;null;null;null;null;null;null;null;null;null;null;
2013-02-12;null;null;null;null;null;null;null;null;null;null;
2013-02-13;null;null;null;null;null;null;null;null;null;null;
2013-02-14;null;null;null;null;null;null;null;null;null;null;
2013-02-15;null;null;null;null;null;null;null;null;null;null;
2013-02-16;null;null;null;null;null;null;null;null;null;null;
2013-02-17;null;null;null;null;null;null;null;null;null;null;
2013-02-18;null;null;null;null;null;null;null;null;null;null;
2013-02-19;null;null;null;null;null;null;null;null;null;null;
2013-02-20;null;null;null;null;null;null;null;null;null;null;
2013-02-21;null;null;null;null;null;null;null;null;null;null;
2013-02-22;null;null;null;null;null;null;null;null;null;null;
2013-02-23;null;null;null;null;null;null;null;null;null;null;
2013-02-24;null;null;null;null;null;null;null;null;null;null;
2013-02-25;null;null;null;null;null;null;null;null;null;null;
2013-02-26;null;null;null;null;null;null;null;null;null;null;
2013-02-27;null;null;null;null;null;null;null;null;null;null;
2013-02-28;null;null;null;null;null;null;null;null;null;null;
2013-03-01;null;null;null;null;null;null;null;null;null;null;
2013-03-02;null;null;null;null;null;null;null;null;null;null;
2013-03-03;null;null;null;null;null;null;null;null;null;null;
2013-03-04;null;null;null;null;null;null;null;null;null;null;
2013-03-05;null;null;null;null;null;null;null;null;null;null;
2013-03-06;null;null;null;null;null;null;null;null;null;null;
2013-03-07;null;null;null;null;null;null;null;null;null;null;
2013-03-08;null;null;null;null;null;null;null;null;null;null;
2013-03-09;null;null;null;null;null;null;null;null;null;null;
2013-03-10;null;null;null;null;null;null;null;null;null;null;
2013-03-11;null;null;null;null;null;null;null;null;null;null;
2013-03-12;null;null;null;null;null;null;null;null;null;null;
2013-03-13;null;null;null;null;null;null;null;null;null;null;
2013-03-14;null;null;null;null;null;null;null;null;null;null;
2013-03-15;null;null;null;null;null;null;null;null;null;null;
2013-03-16;null;null;null;null;null;null;null;null;null;null;
2013-03-17;null;null;null;null;null;null;null;null;null;null;
2013-03-18;null;null;null;null;null;null;null;null;null;null;
2013-03-19;null;null;null;null;null;null;null;null;null;null;
2013-03-20;null;null;null;null;null;null;null;null;null;null;
2013-03-21;null;null;null;27,6;null;null;null;58;9,4;null;
2013-03-22;0;948,420833;19,808333;30,4;24,595833;20,1;76,375;53;6,3;1,625;
2013-03-23;0;947,75;20,408333;31,2;24,9625;20,4;77,5;48;7,9;1,708333;
2013-03-24;4,6;946,333333;19,020833;29,6;21,508333;18,9;87,208333;53;22,7;2,279167;
2013-03-25;35;947,245833;20,0125;27,8;22,883333;17,6;84,833333;60;6,7;1,65;
2013-03-26;,4;948,416667;20,933333;25,4;22,675;21,2;90,166667;70;7,4;1,358333;
2013-03-27;33,8;947,365;20,37;28,1;null;21;85,35;60;7,8;2,27;
2013-03-28;0;null;null;29,5;null;22;null;45;6,2;null;
2013-03-29;0;949,516667;16,975;30,2;23,083333;15,4;71;41;6,5;1,704167;
2013-03-30;0;950,904167;18,829167;30,2;24,183333;18,2;73,25;51;8,8;2,466667;
2013-03-31;0;951,95;20,104167;28;23,5875;20,9;81,375;61;7,1;1,820833;
2013-04-01;8,8;950,9;19,845833;32,6;25,229167;20,5;74,541667;36;5,2;1,6375;
2013-04-02;,8;949,304167;19,329167;32,6;25,075;21,2;73,291667;35;12,3;2,475;
2013-04-03;23,2;949,608333;19,9;29,4;22,425;19,1;86,333333;58;8,4;1,816667;
2013-04-04;25,8;948,445833;20,4;28,7;23,3;20,3;84,666667;59;7,5;1,666667;
2013-04-05;,4;947,033333;20,666667;29,3;23,9125;21;82,625;60;13,9;2,416667;
2013-04-06;10,2;948,383333;20,466667;29,8;23,870833;20,2;82,708333;55;15,7;2,704167;
2013-04-07;30,4;949,145833;20,079167;29,3;23,520833;18,9;82,583333;53;9;1,683333;
2013-04-08;,2;948,116667;20,729167;31;24,879167;20,3;79,625;51;6,5;1,933333;
2013-04-09;0;947,654167;20,195833;29,7;24,320833;20,2;79,166667;52;7,8;1,85;
2013-04-10;11,8;948,229167;20,395833;25,9;21,991667;20,8;90,833333;78;8,8;1,866667;
2013-04-11;9,6;948,591667;19,875;29,1;23,1375;19,2;83,125;55;7;1,508333;
2013-04-12;,8;948,666667;20,954167;28,4;23,1625;21,3;88;62;9,9;1,9125;
2013-04-13;63,2;948,220833;19,741667;22,9;20,8625;20;93,208333;82;18,5;2,9625;
2013-04-14;24;948,1375;19,175;27,2;22,045833;18,5;84,791667;59;4,4;1,233333;
2013-04-15;0;949,541667;18,1625;28;22,070833;17,8;80,458333;49;6,1;1,616667;
2013-04-16;,2;948,758333;14,479167;26,8;19,6875;14;74,833333;40;7,2;1,958333;
2013-04-17;0;948,979167;13,3625;27,2;19,529167;12,6;71,291667;31;6,8;1,916667;
2013-04-18;0;949,166667;14,404167;28,2;19,391667;12,2;75,666667;43;6,8;1,675;
2013-04-19;0;950,1125;14,929167;29,2;20,666667;14,1;72,875;39;5,5;1,991667;
2013-04-20;0;950,558333;15,029167;29,3;20,891667;13,5;72,625;36;5,7;1,708333;
2013-04-21;0;951;15,408333;29,1;21,3375;14,4;72,041667;36;7;1,529167;
2013-04-22;0;952,983333;14,220833;25,9;19,8;14,3;72,458333;45;8,4;2,1125;
2013-04-23;0;953,508333;13,608333;26,8;19,958333;13,7;69,375;37;10,9;2,308333;
2013-04-24;0;952,733333;13,645833;28,9;20,316667;11,9;68,291667;34;6,9;1,625;
2013-04-25;0;952,233333;14,808333;28,2;21,8125;17;66,791667;39;6,5;2,0375;
2013-04-26;0;951,708333;15,016667;28,7;21,2875;15,3;70,166667;39;6,1;1,758333;
2013-04-27;0;950,525;15,558333;28,9;21,445833;14,6;72;42;6,6;1,641667;
2013-04-28;0;950,6875;15,425;26,9;20,883333;15,3;73,166667;45;6,1;1,666667;
2013-04-29;0;950,279167;14,170833;29,5;20,820833;14,2;69,666667;30;7,8;1,4125;
2013-04-30;0;950,4;14,754167;29,9;21,216667;13,4;69,875;37;6,5;1,7625;
2013-05-01;0;950,570833;15,454167;30,9;22,254167;14,4;69,125;31;6,2;1,833333;
2013-05-02;0;950,366667;16,45;31,2;22,85;15,2;70,125;33;5,3;1,304167;
2013-05-03;0;949,733333;15,308333;31,3;23,325;17,1;64,166667;31;7,5;1,875;
2013-05-04;0;949,270833;14,779167;31,3;22,708333;15,3;64,958333;27;5,6;1,725;
2013-05-05;0;948,841667;13,454167;31,3;22,320833;14,3;62,708333;25;7,6;2,2125;
2013-05-06;0;949,3;15,145833;26,9;20,925;16,7;71,416667;44;9,8;2,233333;
2013-05-07;0;951,925;13,129167;26,4;19;13,3;72,208333;38;9,3;2,645833;
2013-05-08;0;952,8625;8,741667;24,8;16,191667;8,9;66,166667;25;5,7;2,1;
2013-05-09;0;953,025;9,1125;28,1;16,595833;7,7;66;24;5,6;1,820833;
2013-05-10;0;952,3125;11,229167;30,8;19,7625;10,2;62,791667;25;6,8;2,091667;
2013-05-11;0;952,445833;13,570833;29,6;21,470833;15,1;63,458333;34;6,2;2,0875;
2013-05-12;0;951,704167;12,708333;29,3;20,729167;14;63,791667;29;6,3;1,875;
2013-05-13;0;951,4625;13,179167;30,1;20,975;13,1;64,666667;30;8,3;2,245833;
2013-05-14;0;951,133333;15,954167;30,9;22,654167;16,3;68,375;37;9,3;2,391667;
2013-05-15;0;950,433333;16,3375;30,8;23,008333;17,1;68,958333;34;9;2,545833;
2013-05-16;0;950,275;15,766667;31,7;23,0875;15,9;66,5;33;8,1;1,483333;
2013-05-17;0;951,483333;15,970833;30,3;22,566667;16;69,375;33;6;1,554167;
2013-05-18;0;952,8375;16,45;29,9;22,766667;16,9;70,291667;38;6,9;1,675;
2013-05-19;0;952,791667;16,566667;30,7;22,583333;15,7;71,333333;36;8,7;1,629167;
2013-05-20;0;951,0875;17,645833;28,9;23,158333;18,8;72,791667;47;8,1;1,5625;
2013-05-21;0;948,445833;16,791667;29,1;22,075;16,3;74,375;44;4,6;1,5;
2013-05-22;0;947,8875;17,3375;30,2;23,2875;17,2;71,666667;41;5,6;1,829167;
2013-05-23;0;948,241667;17,170833;26;21,1875;15,8;78,833333;56;8,2;1,645833;
2013-05-24;0;949,8875;16,25;21,4;18,0375;15,2;89,458333;77;7,1;1,208333;
2013-05-25;,4;951,058333;15,279167;26;19,479167;14,7;79,25;48;5,6;1,4125;
2013-05-26;0;950,895833;14,925;28,7;20,008333;13,4;74,791667;45;8,9;1,8875;
2013-05-27;0;949,6;16,529167;31,3;21,208333;16,6;77,166667;39;16,9;2,7375;
2013-05-28;2,8;946,533333;17,016667;31;22,570833;17,3;73,75;41;13,5;3,975;
2013-05-29;41;948,420833;17,125;21,4;18,329167;17,9;92,708333;82;14,2;3,783333;
2013-05-30;57,8;950,629167;16,545833;23;18,633333;16,7;88,208333;65;9,6;2,3625;
2013-05-31;2,8;950,866667;15,85;26,9;19,620833;13,9;81,166667;51;8,2;1,970833;
2013-06-01;0;950,85;17,195833;29,7;21,891667;16,1;77;46;8,9;2,4625;
2013-06-02;0;950,625;17,216667;29,5;20,9875;18,4;81,25;45;17,2;3,158333;
2013-06-03;7;952,416667;17,095833;20;18,345833;17,6;92,5;83;7,9;1,6125;
2013-06-04;,6;952,958333;15,691667;26,2;18,9625;13,5;83,541667;51;7,4;1,7625;
2013-06-05;,2;952,370833;15,329167;27,6;20,016667;13,3;76,833333;43;7,7;1,670833;
2013-06-06;0;952,704167;16,675;28,7;20,783333;15,6;79,041667;46;5,2;1,4875;
2013-06-07;0;953,366667;15,2875;28,6;20,541667;14;74,916667;36;5,9;1,658333;
2013-06-08;0;954,533333;15,029167;28,8;20,666667;14,2;73,458333;33;5,8;1,433333;
2013-06-09;0;953,375;15,2625;28,5;20,3125;13,4;75,416667;45;7,4;1,441667;
2013-06-10;0;952,733333;15,3875;28,7;21,45;15,9;70;43;8,4;2,070833;
2013-06-11;0;953,179167;15,941667;29,1;22,004167;16,7;71,125;34;8,7;2,033333;
2013-06-12;0;953,6;15,216667;29,3;21,2625;15,5;71,833333;35;7,1;1,641667;
2013-06-13;0;952,604167;14,983333;28,7;20,970833;13,8;72;39;4,8;1,529167;
2013-06-14;0;951,0125;14,0875;28,2;20,125;13,4;71,625;36;5;1,829167;
2013-06-15;0;950,083333;13,241667;28,9;19,445833;11,7;70,583333;33;5,4;1,683333;
2013-06-16;0;949,066667;14,0875;30;21,308333;14,5;66,916667;35;9,7;2,708333;
2013-06-17;15,8;951,266667;17,275;25,4;19,716667;16,9;86,666667;61;14,7;1,8875;
2013-06-18;4;951,2;15,633333;27,6;19,616667;13,6;80,458333;42;4,9;1,3125;
2013-06-19;0;950,345833;14,4125;30,7;21,3375;13,4;68,75;29;5,6;1,833333;
2013-06-20;0;950,033333;14,783333;30,4;21,9625;15,9;67,25;31;7,6;2,170833;
2013-06-21;0;948,245833;13,945833;30,1;21,991667;15,4;62,916667;34;10,3;3,258333;
2013-06-22;0;950,045833;17,104167;25,4;21,8125;19,7;75,125;62;6,5;2,258333;
2013-06-23;0;952,116667;17,3375;28,5;21,245833;16,5;80,291667;48;5,1;,891667;
2013-06-24;0;951,5875;17,525;30,4;22,325;16,9;77,083333;44;11,3;2,0375;
2013-06-25;2,2;951,222727;16,863636;28,4;21,609091;17,8;76,136364;45;6,9;2,05;
2013-06-26;0;951,241667;16,65;26,5;21,204167;17,2;76,291667;56;8,8;2,095833;
2013-06-27;,6;952,845833;17,983333;25,2;20,0875;17;88,125;68;7,1;1,283333;
2013-06-28;0;950,116667;17,708333;29,5;22,145833;17,5;78,375;44;6,2;1,383333;
2013-06-29;0;948,925;16,029167;30,8;22,525;16;70,375;35;8,6;2,4375;
2013-06-30;0;949,5125;15,479167;31,1;22,854167;16;66,625;31;7,6;2,333333;
2013-07-01;0;950,595833;15,95;30,1;21,883333;15,9;71,833333;36;11,9;2,679167;
2013-07-02;4;952,1625;15,816667;27,2;20,225;14,8;78;42;8,9;1,904167;
2013-07-03;0;953,2;15,258333;28,1;21,383333;16;70,416667;44;9,2;2,579167;
2013-07-04;0;955,925;14,145833;26;19,7125;14,7;72,125;48;12;2,333333;
2013-07-05;0;955,283333;13,75;28,1;19,745833;13,1;71,291667;41;9,1;2,158333;
2013-07-06;0;952,783333;12,270833;29,1;20,758333;14,5;63,708333;26;7,9;2,020833;
2013-07-07;0;952,654167;11,120833;29;20,154167;13,3;59,958333;28;5,9;2,358333;
2013-07-08;0;954,1625;10,075;27,8;19,091667;10;60,666667;25;9,9;1,991667;
2013-07-09;0;955,279167;10,591667;28,5;19,275;11,5;60,541667;28;9,6;2,304167;
2013-07-10;0;955,4875;12,291667;28,1;19,883333;13,2;64,041667;32;8;2,1;
2013-07-11;0;954,308333;11,220833;27;19,745833;12,8;61,625;29;7,7;2,4;
2013-07-12;0;954,116667;11,354167;27,9;19,85;13,4;61,333333;30;7,4;1,995833;
2013-07-13;0;952,858333;12,333333;29,8;21,670833;14,7;58,708333;22;8,9;1,945833;
2013-07-14;0;951,7625;13,245833;30,9;21,979167;14,4;60,875;29;9,8;2,508333;
2013-07-15;0;951,554167;13,254167;29,1;20,8;13,3;66,208333;28;7,4;2,441667;
2013-07-16;0;952,3125;11,679167;28,5;19,583333;12,6;65;24;6,7;2,566667;
2013-07-17;0;952,295833;11,25;28,9;19,2125;11;64,5;29;6,4;2,020833;
2013-07-18;0;949,983333;11,966667;31,8;21,033333;12,5;60,75;26;9,9;2,770833;
2013-07-19;0;949,495652;14,530435;32,7;21,96087;15,6;67,391304;31;13,1;3,978261;
2013-07-20;3;947,741667;16,416667;31,4;23,075;17,9;70,125;35;9,6;3,208333;
2013-07-21;0;947,883333;14,2875;32,7;24,279167;18;57;30;13,4;4,766667;
2013-07-22;0;949,708333;15,7875;28,3;21,691667;15,9;69,666667;55;8,5;3,758333;
2013-07-23;,4;953,95;12,754167;20,5;14,991667;12,8;86,541667;74;9;3,883333;
2013-07-24;0;955,0875;9,525;13,8;11,775;10,4;86,125;75;7,9;2,8625;
2013-07-25;,2;956,8875;10,1;18,4;13,408333;11,3;81,5;57;7,9;2,75;
2013-07-26;0;957,841667;7,566667;23,7;13,904167;5,8;70,833333;23;7,1;2,333333;
2013-07-27;,2;955,35;7,304167;27,8;15,325;4,8;65,458333;23;11,4;2,3375;
2013-07-28;0;954,025;6,491667;26,7;16,158333;7,7;58,5;22;8,4;2,775;
2013-07-29;0;954,379167;4,25;28,4;16,545833;5,5;53,166667;12;5,7;2,358333;
2013-07-30;0;954,266667;6,3625;31,1;19,341667;7,9;48,5;19;7,9;2,129167;
2013-07-31;0;953,729167;8,566667;30;20,75;13;49,666667;18;6,3;2,3625;
2013-08-01;0;953,2625;7,975;30,5;21,341667;13,3;45,875;21;10,2;2,566667;
2013-08-02;0;952,404167;7,241667;31;20,85;12,6;46,583333;14;8,1;2,329167;
2013-08-03;0;951,470833;7,65;31,2;20,433333;11,6;48,958333;18;7,5;2,783333;
2013-08-04;0;951,5875;7,295833;32,4;22,025;13,3;44,083333;15;9,6;3,258333;
2013-08-05;0;951,7125;8,508333;32,2;22,145833;13,1;45,916667;19;8,9;3,129167;
2013-08-06;0;952,520833;9,15;32,1;22,5875;13,5;46,416667;21;8;2,25;
2013-08-07;0;950,275;9,258333;31,3;21,979167;13,6;49,166667;20;10,4;2,708333;
2013-08-08;0;948,970833;9,358333;31,7;22,6375;15,4;45,75;22;11,6;3,179167;
2013-08-09;0;949,729167;10,5375;32;23,170833;16;48,583333;22;10,7;3,120833;
2013-08-10;0;950,05;11,258333;31,1;21,7375;15,6;53,541667;26;12,6;4,283333;
2013-08-11;0;951,733333;8,7125;24,3;16,116667;10,9;65,125;29;10;2,541667;
2013-08-12;0;949,545833;8,675;30,7;19,383333;10,2;56,708333;21;7,2;2,0625;
2013-08-13;0;949,208333;10,6375;33,2;22,479167;12,9;52;22;9,1;2,891667;
2013-08-14;0;951,120833;13,091667;26,7;20,408333;18,7;63,791667;46;13,8;4,345833;
2013-08-15;,2;953,708333;6,966667;23,8;15,4875;9,1;63,041667;23;9,1;3,983333;
2013-08-16;0;952,120833;8,541667;30,3;17,541667;7;59,666667;27;8,6;2,316667;
2013-08-17;0;952,3125;9,1375;31,2;20,279167;10,9;55,791667;17;11,2;3,108333;
2013-08-18;0;952,270833;10,225;30,6;20,179167;10,6;57,791667;25;11,1;2,204167;
2013-08-19;0;953,325;12,445833;29,3;21,691667;15,8;58,875;30;9,3;2,945833;
2013-08-20;0;953,754167;9,579167;29,3;21,625;15,9;50,666667;20;8,7;2,791667;
2013-08-21;0;952,604167;9,95;30,3;21,375;13,2;51,375;25;11,6;3;
2013-08-22;0;950,3875;10,816667;32;22,466667;15,2;51,5;25;11,9;3,0125;
2013-08-23;0;949,445833;11,033333;33,2;24,933333;16,1;44,5;21;9,2;2,658333;
2013-08-24;0;950,3125;10,3125;33,3;25,541667;18,1;41,75;19;9,3;2,458333;
2013-08-25;0;950,154167;7,558333;33,3;24,416667;15,8;37,666667;18;10,2;2,283333;
2013-08-26;0;949,383333;11,966667;30,2;22,170833;15,7;53,833333;33;13,2;4,625;
2013-08-27;0;954,354167;9,166667;22,2;15,058333;12,3;68,5;51;11,5;4,454167;
2013-08-28;0;956,091667;5,029167;25,2;13,966667;4,9;62,083333;19;7,8;2,241667;
2013-08-29;0;954,5625;5,695833;32,2;17,783333;4,7;51,833333;19;7,7;2,204167;
2013-08-30;0;953,291667;7,8875;32,2;22,416667;14,2;44,333333;18;10,5;2,725;
2013-08-31;0;951,891667;6,2375;32,3;22,808333;14;38,75;14;9,3;2,429167;
2013-09-01;0;949,804167;4,983333;33,2;23,008333;12,5;35,791667;13;8,2;2,2125;
2013-09-02;0;947,454167;6,9;34,5;24,270833;15,2;35,916667;17;13,1;3,425;
2013-09-03;0;949,079167;12,720833;28,5;22,166667;16,2;57,041667;34;11,4;3,795833;
2013-09-04;5,2;953,5;15,354167;21,4;18,008333;16,8;84,875;65;9,9;2,491667;
2013-09-05;1,8;953,970833;12,041667;30;19,725;10,1;66,833333;30;9,7;2,529167;
2013-09-06;0;952,995833;12,3375;30,9;22,829167;16,7;55,75;27;10,3;3,270833;
2013-09-07;0;952,075;10,9125;30,9;22,366667;13,9;52,5;26;9,9;2,5;
2013-09-08;0;953,058333;10,3125;30,7;22,591667;14,2;50,041667;22;10;2,5125;
2013-09-09;0;953,254167;8,65;32,6;23,4625;14,4;44,125;15;10,8;2,645833;
2013-09-10;0;953,3375;8,6;33,3;23,945833;13,2;42,833333;14;9,6;2,45;
2013-09-11;0;951,554167;9,083333;33,1;24,375;15,6;41,708333;15;11,8;2,945833;
2013-09-12;0;950,379167;8,870833;32,4;24,033333;15,6;41,375;18;13;3,070833;
2013-09-13;0;950,379167;8,808333;32,5;24,1125;14,7;41,583333;18;9,9;2,845833;
2013-09-14;0;950,8;9,141667;33,5;24,575;15,1;41,916667;18;9,1;2,533333;
2013-09-15;0;949,675;9,179167;35,1;26,125;17,3;38,125;15;8,5;2,0875;
2013-09-16;0;945,65;10,925;36,8;27,008333;18,8;39,791667;18;12,1;2,845833;
2013-09-17;3,4;946,741667;17,870833;31,1;21,870833;19,2;80,541667;37;21,9;4,295833;
2013-09-18;33,8;951,575;18,904167;26,5;20,954167;18,1;88,75;67;6,6;2,2125;
2013-09-19;0;952,504167;17,933333;33;23,729167;16,3;74,416667;37;10,1;2,2;
2013-09-20;9,2;949,325;16,320833;35;26,066667;18,2;61;24;11,5;3,033333;
2013-09-21;0;946,633333;14,129167;36,4;27,333333;19,6;47,833333;24;12,4;3,258333;
2013-09-22;0;946,7875;14,704167;37,1;29,0625;23;43,583333;25;13,9;4,633333;
2013-09-23;0;948,6875;17,604167;33,9;27,683333;22,1;55,458333;32;11,1;3,758333;
2013-09-24;,8;950,9;16,4625;27;21,366667;18,9;73,916667;60;9,1;4,291667;
2013-09-25;0;951,0875;9,166667;26,5;19,258333;11,5;56,583333;24;10,1;3,75;
2013-09-26;0;950,475;8,4;29,8;20,108333;11,2;51,625;20;8,9;3,133333;
2013-09-27;0;949,416667;10,241667;33,3;22,175;11;51,833333;22;8;1,625;
2013-09-28;0;947,6125;13,029167;38,6;26,7625;15,3;48;19;12,7;3,708333;
2013-09-29;4,8;950,0625;17,070833;29,6;20,679167;19,5;81,458333;43;15,7;4,191667;
2013-09-30;31,4;948,045833;17,641667;29,5;20,695833;17,1;83,833333;49;17,4;3,158333;
2013-10-01;10;948,579167;18,525;29,9;23,341667;18,9;76,25;48;9,4;2,820833;
2013-10-02;0;948,854167;18,358333;28,9;22,133333;18,7;80,333333;54;15,2;3,3125;
2013-10-03;9;948,970833;17,470833;33,5;24,529167;18,9;68,333333;33;9,3;2,85;
2013-10-04;,2;949,2625;18,479167;26,3;21,3625;20,4;84,083333;59;9,2;2,725;
2013-10-05;14;949,2625;16,9625;27,7;21,645833;18,1;76,958333;40;7,6;2,895833;
2013-10-06;0;949,525;13,795833;30;22,079167;14,4;64,25;29;9,1;2,308333;
2013-10-07;,4;951,283333;14,195833;30,5;22,341667;16,2;61,75;32;9,7;3,658333;
2013-10-08;,2;953,020833;16,1875;23,9;20,0125;18,6;78,916667;65;9,1;3,533333;
2013-10-09;1;952,4875;14,566667;28;20,704167;15,2;69,916667;43;10,6;3,404167;
2013-10-10;0;951,666667;12,583333;30,2;21,941667;14,7;60;28;10,5;3,520833;
2013-10-11;0;950,683333;11,291667;31;23,083333;16,7;50,458333;28;11,7;3,954167;
2013-10-12;0;950,408333;11,029167;31,1;23,954167;18,4;45,958333;28;11,4;3,8875;

