Nome: PARATI
Codigo Estacao: A619
Latitude: -23.2236111
Longitude: -44.72694443
Altitude: 3
Situacao: Operante
Data Inicial: 2013-01-01
Data Final: 2013-06-11
Periodicidade da Medicao: Diaria

Data Medicao;PRECIPITACAO TOTAL, DIARIO (AUT)(mm);PRESSAO ATMOSFERICA MEDIA DIARIA (AUT)(mB);TEMPERATURA DO PONTO DE ORVALHO MEDIA DIARIA (AUT)(°C);TEMPERATURA MAXIMA, DIARIA (AUT)(°C);TEMPERATURA MEDIA, DIARIA (AUT)(°C);TEMPERATURA MINIMA, DIARIA (AUT)(°C);UMIDADE RELATIVA DO AR, MEDIA DIARIA (AUT)(%);UMIDADE RELATIVA DO AR, MINIMA DIARIA (AUT)(%);VENTO, RAJADA MAXIMA DIARIA (AUT)(m/s);VENTO, VELOCIDADE MEDIA DIARIA (AUT)(m/s);
2013-01-01;0;null;null;35,4;null;29,2;null;37;7,8;null;
2013-01-02;null;null;null;null;null;30;null;null;null;null;
2013-01-03;null;null;null;null;null;null;null;null;null;null;
2013-01-04;null;null;null;null;null;null;null;null;null;null;
2013-01-05;null;null;null;30,8;null;null;null;61;6,8;null;
2013-01-06;null;null;null;34,5;null;27,5;null;58;5,6;null;
2013-01-07;null;null;null;33,1;null;29;null;46;5;null;
2013-01-08;null;null;null;34,9;null;29,8;null;44;6,7;null;
2013-01-09;null;null;null;32,2;null;30,6;null;62;6,1;null;
2013-01-10;null;null;null;null;null;27,8;null;null;null;null;
2013-01-11;null;null;null;null;null;null;null;null;null;null;
2013-01-12;null;null;null;null;null;null;null;null;null;null;
2013-01-13;null;null;null;null;null;null;null;null;null;null;
2013-01-14;null;null;null;null;null;null;null;null;null;null;
2013-01-15;null;null;null;null;null;null;null;null;null;null;
2013-01-16;null;null;null;null;null;null;null;null;null;null;
2013-01-17;null;null;null;30,7;null;null;null;60;5,7;null;
2013-01-18;null;null;null;null;null;29,1;null;null;null;null;
2013-01-19;null;null;null;null;null;null;null;null;null;null;
2013-01-20;null;null;null;null;null;null;null;null;null;null;
2013-01-21;null;null;null;null;null;null;null;null;null;null;
2013-01-22;null;null;null;null;null;null;null;null;null;null;
2013-01-23;null;null;null;null;null;null;null;null;null;null;
2013-01-24;null;null;null;null;null;null;null;null;null;null;
2013-01-25;null;null;null;34,7;null;null;null;47;5,9;null;
2013-01-26;null;null;null;32,1;null;30,4;null;62;4,8;null;
2013-01-27;null;null;null;null;null;30,2;null;null;null;null;
2013-01-28;null;null;null;null;null;null;null;null;null;null;
2013-01-29;null;null;null;null;null;null;null;null;null;null;
2013-01-30;null;null;null;null;null;null;null;null;null;null;
2013-01-31;null;null;null;null;null;null;null;null;null;null;
2013-02-01;null;null;null;null;null;null;null;null;null;null;
2013-02-02;null;null;null;32,5;null;null;null;56;7,6;null;
2013-02-03;null;null;null;null;null;28,4;null;null;null;null;
2013-02-04;null;null;null;null;null;null;null;null;null;null;
2013-02-05;null;null;null;null;null;null;null;null;null;null;
2013-02-06;null;null;null;null;null;null;null;null;null;null;
2013-02-07;null;null;null;null;null;null;null;null;null;null;
2013-02-08;null;null;null;null;null;null;null;null;null;null;
2013-02-09;null;null;null;null;null;null;null;null;null;null;
2013-02-10;null;null;null;null;null;null;null;null;null;null;
2013-02-11;null;null;null;null;null;null;null;null;null;null;
2013-02-12;null;null;null;null;null;null;null;null;null;null;
2013-02-13;null;null;null;null;null;null;null;null;null;null;
2013-02-14;null;null;null;null;null;null;null;null;null;null;
2013-02-15;null;null;null;null;null;null;null;null;null;null;
2013-02-16;null;null;null;null;null;null;null;null;null;null;
2013-02-17;null;null;null;null;null;null;null;null;null;null;
2013-02-18;null;null;null;null;null;null;null;null;null;null;
2013-02-19;null;null;null;null;null;null;null;null;null;null;
2013-02-20;null;null;null;null;null;null;null;null;null;null;
2013-02-21;null;null;null;null;null;null;null;null;null;null;
2013-02-22;null;null;null;null;null;null;null;null;null;null;
2013-02-23;null;null;null;null;null;null;null;null;null;null;
2013-02-24;null;null;null;null;null;null;null;null;null;null;
2013-02-25;null;null;null;null;null;null;null;null;null;null;
2013-02-26;null;null;null;null;null;null;null;null;null;null;
2013-02-27;null;null;null;29,2;null;null;null;67;6,6;null;
2013-02-28;null;1015,754167;20,904167;25,4;22,85;20,8;89,208333;73;5,9;1,720833;
2013-03-01;6,8;1015,8125;20,395833;26,9;22,758333;20,4;87;67;5,2;1,504167;
2013-03-02;1,8;1015,970833;20,841667;29,2;24,083333;20,7;83,166667;57;6,3;1,533333;
2013-03-03;,4;1014,675;22,091667;31,3;25,970833;21;80,583333;56;5,4;1,741667;
2013-03-04;0;1011,375;22,4625;33,4;27,341667;22,1;76,458333;50;5;1,666667;
2013-03-05;0;1009,9875;21,941667;34;26,670833;22,1;77,291667;45;11,4;1,704167;
2013-03-06;10,2;1010,841667;22,641667;32,8;26,154167;21,9;82,125;58;6,1;1,591667;
2013-03-07;4,8;1014,216667;22,741667;30,8;26,104167;21,6;82,458333;64;6,2;2,1;
2013-03-08;0;1014,879167;23,525;32,1;27,5375;23,8;79,791667;57;6;1,5625;
2013-03-09;7,8;1012,179167;24,154167;31,7;27,233333;24,3;84,125;64;5,7;1,8;
2013-03-10;7;1007,833333;23,304167;33,1;27,029167;23;81,375;52;5,9;1,683333;
2013-03-11;2,6;1007,866667;23,095833;31,4;26,7375;23,3;81,416667;59;19,2;1,808333;
2013-03-12;13,4;1008,258333;23,975;31,7;27,033333;23,9;84,25;61;5,5;1,3375;
2013-03-13;,8;1006,991667;23,204167;32,2;25,833333;23,8;86,041667;54;12,7;1,6125;
2013-03-14;22,6;1014,183333;22,133333;25,5;23,4875;22,8;92,166667;78;3,7;1,1625;
2013-03-15;15;1016,3875;20,966667;29,2;24,2375;20,6;82,958333;57;6,4;1,916667;
2013-03-16;2;1014,6875;22,583333;31,1;25,525;22,6;84,708333;57;5,2;1,316667;
2013-03-17;0;1014,141667;22,470833;28,1;24,058333;23;90,958333;73;7,5;1,383333;
2013-03-18;90;1018,466667;19,5125;24,7;21,5375;20,9;88,625;66;10;1,129167;
2013-03-19;5,2;1018,454167;18,525;21,5;19,8375;18,9;92,083333;81;4,9;1,679167;
2013-03-20;4,6;1015,745833;18,470833;26,9;21,566667;18;83,583333;60;4,9;1,633333;
2013-03-21;,4;1012,2;21,195833;24,7;22,483333;20,8;92,5;84;4,5;1,4375;
2013-03-22;1,8;1012,616667;20,8375;31,3;24,758333;20,1;80,375;52;6,6;1,183333;
2013-03-23;0;1014,491667;21,375;29,8;24,3625;21,7;84,125;63;7,3;1,65;
2013-03-24;59,2;1013,216667;21,208333;28,2;23,995833;21,3;85;68;7,8;1,7875;
2013-03-25;0;1011,5625;21,720833;28,7;24,3125;22;86,083333;66;4;1,141667;
2013-03-26;0;1013,416667;21,333333;27,6;23,7875;21,5;86,5;67;4,1;1,2875;
2013-03-27;4,6;1011,904167;20,566667;25,5;22,5875;20,8;88,583333;76;8,2;1,320833;
2013-03-28;2,6;1013,885;18,515;28,7;null;19,5;76,1;51;6,2;1,405;
2013-03-29;0;null;null;28;null;19,6;77,8125;57;7,9;null;
2013-03-30;3;1019,975;19,566667;27,9;23,141667;20,2;81,375;53;5,9;1,8125;
2013-03-31;1,2;1018,4625;20,579167;29,3;23,820833;19,2;83,208333;61;5,2;1,579167;
2013-04-01;0;1016,9875;21,05;31;24,625;20,3;81,625;56;6,4;1,933333;
2013-04-02;,2;1015,233333;21,854167;28,3;24,408333;22,2;86,208333;69;7,8;1,516667;
2013-04-03;25,2;1015,041667;20,925;27,8;23,545833;20,8;85,833333;65;4,9;1,275;
2013-04-04;0;1012,304167;21,920833;29,9;25,05;22,3;83,708333;64;7,5;1,575;
2013-04-05;0;1007,804167;22,291667;27,6;24,175;22,9;89,416667;73;6,4;1,454167;
2013-04-06;7;1011;21,475;29,9;24,516667;20,6;83,916667;64;5,5;1,570833;
2013-04-07;0;1013,429167;21,766667;30;24,783333;22;84,125;59;5,1;1,383333;
2013-04-08;18,4;1015,1125;20,9;28,1;23,241667;21;87,25;69;6,9;1,516667;
2013-04-09;14,6;1015,55;19,945833;27,6;22,85;19,8;84,291667;64;5,4;1,654167;
2013-04-10;3,6;1016,475;19,425;26,3;22,354167;19,6;84,375;62;5,2;1,766667;
2013-04-11;0;1016,058333;20,633333;29,3;24,083333;21,4;81,916667;59;5,6;1,454167;
2013-04-12;0;1012,170833;21,333333;30,6;24,95;20,8;81,625;57;6,1;1,475;
2013-04-13;,6;1008,0375;22,029167;28,6;24,575;22,7;86,125;66;6,5;1,233333;
2013-04-14;15,2;1014,358333;18,791667;23,9;21,620833;20,4;84,583333;61;7,1;1,504167;
2013-04-15;,2;1015,691667;17,604167;24,6;21,0125;18,2;82;57;4,6;1,158333;
2013-04-16;0;1012,220833;16,2;28,3;21,0375;15,1;76,416667;44;6,1;1,504167;
2013-04-17;0;1015,795833;16,125;26,2;20,854167;15,1;75,708333;48;5,2;1,995833;
2013-04-18;0;1017,116667;16,483333;26,2;20,645833;15,4;78,75;51;5,8;1,9875;
2013-04-19;0;1017,883333;17,5875;26,9;21,308333;17,2;80,5;53;6,3;1,479167;
2013-04-20;0;1018,85;17,1375;26,9;21,758333;18,2;76,166667;54;6,9;1,708333;
2013-04-21;0;1019,754167;16,508333;27,4;21,1625;16,2;76,583333;50;6,4;1,925;
2013-04-22;2,4;1022,104167;17,820833;24,6;20,266667;17,2;86,291667;65;4,9;2,0625;
2013-04-23;2,6;1022,4;16,720833;26,5;20,375;16,5;80,958333;55;4,9;1,808333;
2013-04-24;0;1021,2625;16,391667;27,4;21,108333;16,5;77,041667;41;5;2,116667;
2013-04-25;0;1020,308333;17,066667;26,7;21,045833;16,7;79,791667;50;6,3;2,108333;
2013-04-26;0;1018,3;17,670833;27;21,229167;16,1;81,625;55;5,6;1,720833;
2013-04-27;0;1017,333333;17,345833;27,1;21,129167;15,8;80,458333;54;4,3;1,633333;
2013-04-28;0;1017,783333;16,770833;28,5;21,945833;18,4;75,041667;36;6,6;2,175;
2013-04-29;0;1015,7625;17,645833;26,8;21,208333;17,5;81,5;54;4,7;1,616667;
2013-04-30;0;1014,475;18,354167;30,5;22,045833;16,4;81,25;50;5,4;1,729167;
2013-05-01;0;1017,0625;19,604167;28,1;22,5125;18;84,375;65;5,9;1,5625;
2013-05-02;0;1017,245833;19,908333;28,2;23,2;19,3;82,833333;57;5,2;1,516667;
2013-05-03;0;1014,2625;19,654167;29,3;23,2125;18,6;81,333333;61;5,1;1,766667;
2013-05-04;,2;1011,983333;18,391667;32,9;23,2875;17,1;76,708333;39;4,6;1,516667;
2013-05-05;0;1012,233333;19,958333;29,3;23,691667;19;80,375;63;5,8;1,245833;
2013-05-06;5,2;1014,733333;17,720833;24,1;20,5625;17,4;84,25;67;16,8;1,770833;
2013-05-07;0;1016,070833;15,129167;25,2;18,970833;14,3;80,333333;52;6,1;2,204167;
2013-05-08;3,2;1019,383333;14,516667;24,7;19,395833;15,3;75,541667;44;8,5;1,829167;
2013-05-09;0;1020,875;13,620833;25,3;18,4375;12,9;76,25;43;5;2,145833;
2013-05-10;0;1021,308333;15,420833;25,8;19,308333;14;80,041667;54;5,5;2,229167;
2013-05-11;0;1020,308333;16,408333;26,8;20,683333;16,6;78,625;49;4,9;2,004167;
2013-05-12;,2;1017,625;16,075;28,3;20,3375;15;79,125;43;4,8;1,854167;
2013-05-13;0;1017,133333;15,75;28,9;20,5625;15,2;76,833333;39;4,4;1,55;
2013-05-14;0;1015,75;16,583333;31,2;21,808333;15,2;75,458333;36;4,4;1,4125;
2013-05-15;0;1013,9875;18,104167;32,3;23,45;17,6;75,083333;36;4,8;1,370833;
2013-05-16;0;1014,166667;19,1125;29,5;22,983333;18,1;79,875;54;11,4;1,6875;
2013-05-17;19;1021,229167;18,645833;24,3;20,841667;20;87,5;73;6,3;1,320833;
2013-05-18;,4;1023,1;17,966667;23,8;20,141667;18,1;87,833333;68;6;1,320833;
2013-05-19;11;1021,3625;18,225;23,3;20,408333;18,9;87,791667;65;5,2;1,358333;
2013-05-20;0;1015,8625;18,695833;26,6;21,85;18,8;83,333333;60;5,2;1,2375;
2013-05-21;0;1013,245833;19,516667;27,5;22,258333;19,1;85,25;63;5;1,254167;
2013-05-22;,4;1014,416667;19,258333;24,5;21,508333;20,2;87,5;69;4,1;1,029167;
2013-05-23;4,2;1015,075;18,425;25,4;20,2125;18,1;89,958333;68;6;1,179167;
2013-05-24;22,6;1017,020833;17,479167;23,2;19,608333;17,8;87,958333;66;4,8;1,458333;
2013-05-25;6,6;1019,166667;16,8875;24,9;19,841667;17,2;84,291667;59;5,8;1,383333;
2013-05-26;2,2;1019,866667;16,8375;24,7;20,095833;16,2;82,875;56;5;1,9;
2013-05-27;0;1015,283333;17,245833;24,1;19,745833;16,4;86,125;64;6,5;1,504167;
2013-05-28;0;1011,366667;16,7875;26,6;19,8375;15,2;83,875;57;4,6;1,225;
2013-05-29;3,4;1009,241667;18,441667;26,3;21,208333;17,7;85,125;57;6,2;1,304167;
2013-05-30;,2;1012,308333;18,1125;27,3;22,829167;19,4;75,833333;44;11,4;1,4375;
2013-05-31;1,8;1019,391667;17,895833;21,9;19,833333;18,7;88,833333;74;6,5;1,233333;
2013-06-01;2,4;1017,120833;17,616667;26;20,316667;16;85,458333;62;5,3;1,675;
2013-06-02;,2;1013,929167;17,829167;28,6;20,7875;16,1;84,875;51;6,6;1,429167;
2013-06-03;2,6;1017,270833;18,379167;22,4;20,5125;18,9;87,666667;75;5,6;,925;
2013-06-04;1,6;1020,766667;15,991667;24,9;19,695833;16,6;79,875;55;10,2;1,604167;
2013-06-05;0;1019,266667;16,2;25,7;19,083333;14;84,708333;60;4,8;1,7;
2013-06-06;,2;1017,683333;16,1625;27,6;19,820833;14,1;81,333333;47;6;1,508333;
2013-06-07;0;1019,429167;17,533333;26,7;20,841667;16,7;82,791667;58;5,4;1,491667;
2013-06-08;0;1022,095833;18,283333;26,3;21,216667;17,5;84,083333;64;5,2;1,775;
2013-06-09;3;1021,658333;18,770833;26,3;21,804167;19,7;83,833333;54;6;1,595833;
2013-06-10;,2;1019,129167;17,216667;27,3;20,870833;16,2;81,166667;52;5,3;1,791667;
2013-06-11;0;1018,854167;16,8625;28,2;20,6;15,1;80,958333;44;4,5;1,408333;

