Nome: TIMOTEO
Codigo Estacao: A511
Latitude: -19.573824
Longitude: -42.622413
Altitude: 493.42
Situacao: Operante
Data Inicial: 2013-01-01
Data Final: 2013-10-12
Periodicidade da Medicao: Diaria

Data Medicao;PRECIPITACAO TOTAL, DIARIO (AUT)(mm);PRESSAO ATMOSFERICA MEDIA DIARIA (AUT)(mB);TEMPERATURA DO PONTO DE ORVALHO MEDIA DIARIA (AUT)(°C);TEMPERATURA MAXIMA, DIARIA (AUT)(°C);TEMPERATURA MEDIA, DIARIA (AUT)(°C);TEMPERATURA MINIMA, DIARIA (AUT)(°C);UMIDADE RELATIVA DO AR, MEDIA DIARIA (AUT)(%);UMIDADE RELATIVA DO AR, MINIMA DIARIA (AUT)(%);VENTO, RAJADA MAXIMA DIARIA (AUT)(m/s);VENTO, VELOCIDADE MEDIA DIARIA (AUT)(m/s);
2013-01-01;null;null;null;null;null;null;null;null;null;null;
2013-01-02;null;null;null;null;null;null;null;null;null;null;
2013-01-03;null;null;null;null;null;null;null;null;null;null;
2013-01-04;null;null;null;null;null;null;null;null;null;null;
2013-01-05;null;null;null;null;null;null;null;null;null;null;
2013-01-06;null;null;null;null;null;null;null;null;null;null;
2013-01-07;null;null;null;null;null;null;null;null;null;null;
2013-01-08;null;null;null;null;null;null;null;null;null;null;
2013-01-09;null;null;null;null;null;null;null;null;null;null;
2013-01-10;null;null;null;null;null;null;null;null;null;null;
2013-01-11;null;null;null;null;null;null;null;null;null;null;
2013-01-12;null;null;null;null;null;null;null;null;null;null;
2013-01-13;null;null;null;null;null;null;null;null;null;null;
2013-01-14;null;null;null;null;null;null;null;null;null;null;
2013-01-15;null;null;null;null;null;null;null;null;null;null;
2013-01-16;null;null;null;null;null;null;null;null;null;null;
2013-01-17;null;null;null;null;null;null;null;null;null;null;
2013-01-18;null;null;null;null;null;null;null;null;null;null;
2013-01-19;null;null;null;null;null;null;null;null;null;null;
2013-01-20;null;null;null;null;null;null;null;null;null;null;
2013-01-21;null;null;null;null;null;null;null;null;null;null;
2013-01-22;null;null;null;null;null;null;null;null;null;null;
2013-01-23;null;null;null;null;null;null;null;null;null;null;
2013-01-24;null;null;null;null;null;null;null;null;null;null;
2013-01-25;null;null;null;null;null;null;null;null;null;null;
2013-01-26;null;null;null;null;null;null;null;null;null;null;
2013-01-27;null;null;null;null;null;null;null;null;null;null;
2013-01-28;null;null;null;null;null;null;null;null;null;null;
2013-01-29;null;null;null;null;null;null;null;null;null;null;
2013-01-30;null;null;null;null;null;null;null;null;null;null;
2013-01-31;null;null;null;null;null;null;null;null;null;null;
2013-02-01;null;null;null;null;null;null;null;null;null;null;
2013-02-02;null;null;null;null;null;null;null;null;null;null;
2013-02-03;null;null;null;null;null;null;null;null;null;null;
2013-02-04;null;null;null;null;null;null;null;null;null;null;
2013-02-05;null;null;null;null;null;null;null;null;null;null;
2013-02-06;null;null;null;null;null;null;null;null;null;null;
2013-02-07;null;null;null;null;null;null;null;null;null;null;
2013-02-08;null;null;null;null;null;null;null;null;null;null;
2013-02-09;null;null;null;null;null;null;null;null;null;null;
2013-02-10;null;null;null;null;null;null;null;null;null;null;
2013-02-11;null;null;null;null;null;null;null;null;null;null;
2013-02-12;null;null;null;null;null;null;null;null;null;null;
2013-02-13;null;null;null;null;null;null;null;null;null;null;
2013-02-14;null;null;null;null;null;null;null;null;null;null;
2013-02-15;null;null;null;null;null;null;null;null;null;null;
2013-02-16;null;null;null;null;null;null;null;null;null;null;
2013-02-17;null;null;null;null;null;null;null;null;null;null;
2013-02-18;null;null;null;31,2;null;null;null;38;4,3;null;
2013-02-19;2;959,208333;17,875;30,6;25,345833;21,5;64,375;42;7,2;1,5625;
2013-02-20;0;959,845833;17,533333;30,5;24,945833;20,8;64,833333;42;7,2;1,341667;
2013-02-21;0;959,775;16,870833;30,1;24,7375;20,1;62,458333;43;7,9;1,354167;
2013-02-22;0;958,633333;17,104167;30,3;24,470833;20,4;64,375;45;6,6;1,2375;
2013-02-23;0;958,291667;17,895833;31,3;25,1625;20,7;66,166667;38;5,9;1,033333;
2013-02-24;0;959,466667;18,716667;29,2;23,904167;20,7;73,291667;52;6,6;1,108333;
2013-02-25;,6;958,979167;17,691667;30,6;24,516667;20,6;67,333333;43;7,9;1,458333;
2013-02-26;0;957,429167;18,35;31,1;25,241667;20,4;67,125;46;6,5;1,133333;
2013-02-27;0;957,45;19,420833;32;25,15;21,7;71,666667;48;14,1;,966667;
2013-02-28;8;958,979167;19,291667;28,6;22,8875;19,2;81,541667;55;5,6;,85;
2013-03-01;5,8;958,8875;19,754167;28,7;23,691667;21,4;79,25;55;6,7;1,320833;
2013-03-02;16,4;960,258333;20,141667;27,2;22,641667;20;86,208333;69;5,1;,604167;
2013-03-03;1;961,108333;19,283333;29,8;24,141667;21;75,666667;50;8,6;1,191667;
2013-03-04;0;959,991667;17,970833;29,6;24,529167;20,9;67,958333;49;7,8;1,6375;
2013-03-05;0;957,808333;19,041667;31,4;25,333333;20,4;69,125;48;8,7;1,3;
2013-03-06;0;957,741667;20,45;31,6;26,05;22,6;71,708333;53;6,6;1,025;
2013-03-07;0;959,525;20,2;30,6;24,9625;21,4;75,625;55;5,5;,820833;
2013-03-08;0;960,420833;20,120833;30,3;25,366667;22,6;73,875;51;7;1,2625;
2013-03-09;0;959,095833;17,895833;30,7;25,241667;21;65,166667;45;8,2;1,408333;
2013-03-10;0;956,7375;19,425;30,8;25,2875;21,6;70,416667;55;6;,9875;
2013-03-11;0;954,579167;20,916667;32,6;25,433333;22,5;77,25;51;5,9;,8125;
2013-03-12;9,6;954,916667;20,333333;32,8;25,933333;20,2;72,791667;51;6,9;,979167;
2013-03-13;1,4;954,829167;21,054167;32,8;24,4625;21,1;82,5;56;14,9;,8375;
2013-03-14;52,6;957,220833;21,016667;28,7;23,316667;20,5;87,583333;66;7,7;,691667;
2013-03-15;8,6;959,395833;20,9375;25,6;22,6375;21,6;90,333333;73;5,5;,691667;
2013-03-16;1,8;959,783333;19,708333;28,1;23,541667;20,3;80,125;58;5,8;,725;
2013-03-17;,6;958,875;19,620833;29,9;23,9;20,6;78,166667;54;7,5;1,0875;
2013-03-18;1,2;958,308333;20,133333;29,6;23,170833;21,3;83,666667;56;7,5;,641667;
2013-03-19;11,2;959,5375;17,708333;25,9;21,795833;19,7;78,208333;57;7,6;1,1125;
2013-03-20;,2;959,483333;17,195833;27,1;21,958333;17,9;75,041667;57;5,8;,679167;
2013-03-21;0;958,833333;19,45;28,8;23,379167;20,1;79,333333;58;5,8;,929167;
2013-03-22;0;958,766667;19,754167;29,4;24,395833;21,5;76,208333;53;6,3;1,066667;
2013-03-23;0;958,066667;20,5125;27,9;23,825;21,2;81,958333;66;4,2;,333333;
2013-03-24;0;956,858333;19,420833;29,1;23,4125;20,7;78,875;55;4,6;,6625;
2013-03-25;0;958;19,929167;26,8;22,8125;21,6;84,125;67;6,1;,829167;
2013-03-26;13,6;958,670833;20,8;28,5;23,254167;20,4;86,791667;66;4,4;,508333;
2013-03-27;12,6;956,654167;21,65;28,9;23,783333;20,9;88,041667;69;5,9;,7125;
2013-03-28;2,4;956,775;20,495;25,5;null;20,5;87,4;73;6,3;1,025;
2013-03-29;2,6;null;null;22,2;null;19,8;92,3125;83;4,2;null;
2013-03-30;14,8;963,745833;18,516667;22,2;19,820833;18;92,291667;80;3,5;,279167;
2013-03-31;2,4;963,554167;19,379167;25,6;21,395833;19,1;88,583333;71;5,6;,883333;
2013-04-01;0;961,870833;19,608333;29;23,0625;19,8;81,916667;58;4,8;,575;
2013-04-02;0;960,454167;19,825;29,2;23,9375;21,1;78,583333;54;6,6;1,108333;
2013-04-03;0;959,9;19,404167;29,1;23,666667;20,5;78,166667;52;6,1;,929167;
2013-04-04;0;959,183333;19,625;28,4;23,725;21,1;78,291667;59;5,3;1,058333;
2013-04-05;0;957,658333;19,895833;27,6;23,608333;21,2;79,916667;67;6,1;1,254167;
2013-04-06;3,4;956,954167;20,775;29,8;23,633333;19,6;84,958333;67;5,5;,525;
2013-04-07;11,6;958,041667;21,2375;29;24,104167;21,6;84,416667;67;7,5;1,208333;
2013-04-08;,2;958,4875;20,8625;25,6;22,8;22;89;74;5,9;,954167;
2013-04-09;13,6;958,720833;20,175;26,1;22,308333;20,6;87,916667;70;6,4;,804167;
2013-04-10;55,6;959,908333;19,445833;22,5;20,520833;19,2;93,541667;88;4,7;,683333;
2013-04-11;6,4;961,1875;19,575;23,2;20,895833;19,8;92,125;81;4;,495833;
2013-04-12;,2;960,129167;19,929167;27,3;22,554167;20,4;85,333333;69;4,8;,954167;
2013-04-13;0;957,016667;21,0625;28,1;23,329167;21,3;87,416667;70;6,8;,891667;
2013-04-14;3;956,220833;19,6375;28,5;23,320833;19,4;80,666667;59;5,7;,75;
2013-04-15;2,2;959,0125;18,55;23,8;20,8125;19,8;87,208333;72;5,3;,95;
2013-04-16;6,2;957,233333;19,058333;25,4;21,120833;19;88,166667;75;4,4;,804167;
2013-04-17;0;957,375;19,266667;28,2;22,875;19,9;81,541667;54;6,3;,9;
2013-04-18;,2;959,954167;16,895833;26,3;21,791667;18,1;74,291667;58;8,7;1,158333;
2013-04-19;0;960,633333;17,7875;25,6;21,1125;18,3;81,666667;64;5,7;,8375;
2013-04-20;0;961,175;16,5375;26,9;20,741667;17,9;78,458333;45;4,8;,466667;
2013-04-21;0;961,825;15,058333;26,1;19,841667;15,2;75,166667;47;6;,475;
2013-04-22;0;963,566667;15,266667;25,4;19,916667;17,1;75,291667;50;5,9;,695833;
2013-04-23;,2;964,591667;15,120833;24,6;19,370833;14,2;77,708333;51;5,3;,475;
2013-04-24;0;964,0375;15,604167;25,8;20,266667;16,5;75,583333;50;4,5;,5625;
2013-04-25;0;963,616667;15,6;25,4;20,416667;18,1;74,958333;50;6,5;,908333;
2013-04-26;0;963,116667;14,095833;26;19,533333;15,2;72,791667;40;9,7;,658333;
2013-04-27;0;961,445833;13,891667;26,7;19,641667;14,8;70,875;41;5;,525;
2013-04-28;0;961,725;14,695833;26,1;19,929167;15,5;73,208333;45;4,6;,266667;
2013-04-29;0;961,533333;15,058333;25,5;19,2875;14,6;77,541667;55;4,8;,525;
2013-04-30;,2;961,041667;16,454167;25,7;19,6125;15,5;82,791667;61;4,4;,541667;
2013-05-01;,2;961,133333;16,795833;28,1;21,045833;16;78,5;48;5,3;,483333;
2013-05-02;0;961,445833;16,966667;28;21,758333;18;75,625;48;6,2;,570833;
2013-05-03;0;960,65;16,654167;27,5;21,254167;17,3;76,666667;49;5,6;,75;
2013-05-04;,2;959,391667;15,958333;28;21,004167;15,7;74,5;50;5,4;,545833;
2013-05-05;0;958,520833;16,083333;28,3;21,158333;16,2;74,333333;47;5;,716667;
2013-05-06;0;957,3375;16,070833;28,9;21,925;16,1;70,25;46;4,2;,65;
2013-05-07;0;960,375;16,475;25,9;20,6125;17;77,583333;61;7,1;1,133333;
2013-05-08;0;960,841667;15,208333;26,5;21,258333;17,3;70,416667;45;7;1,045833;
2013-05-09;0;964,229167;14,779167;22,1;18,041667;16,1;81,458333;51;5,6;,55;
2013-05-10;,4;964,779167;15,270833;25,8;19,058333;15,5;80,833333;43;5,2;,5375;
2013-05-11;0;964,833333;13,508333;25,3;19,5375;16;69,666667;41;7,2;1,016667;
2013-05-12;0;963,675;13,629167;26,1;19,691667;15,1;69,458333;45;6,1;,895833;
2013-05-13;0;963,304167;16,083333;24,9;19,883333;16;79,375;59;4,7;,425;
2013-05-14;0;963,2375;17,041667;27,6;21,691667;17,9;76,208333;49;6;,804167;
2013-05-15;0;962,116667;17,125;27;20,783333;16,9;80,208333;55;5,8;,516667;
2013-05-16;0;961,241667;17,979167;26,8;21,333333;18;82,083333;60;5,2;,595833;
2013-05-17;,2;962,075;17,779167;27,7;21,508333;17;80,708333;51;5,8;,545833;
2013-05-18;1;964,058333;17,979167;25,9;21,379167;18;81,541667;62;6;,825;
2013-05-19;1,4;964,516667;16,525;26,2;19,9625;16,3;81,416667;54;4,7;,679167;
2013-05-20;0;961,291667;16,683333;26,9;20,970833;17,5;77,416667;54;5,9;,966667;
2013-05-21;0;957,320833;17,5;28,1;21,675;17,1;78,25;55;5,3;,566667;
2013-05-22;0;957,525;18,370833;24,9;21,541667;18,1;82,5;69;4;,4625;
2013-05-23;20,8;957,945833;18,1625;22,3;19,641667;18,8;91,291667;80;6,6;,820833;
2013-05-24;10,2;960,0375;16,5;19;17,808333;16,9;92,25;83;5,3;,620833;
2013-05-25;,6;961,825;16,379167;19,6;17,804167;16,5;91,625;84;3,1;,433333;
2013-05-26;1,2;964,029167;15,6;23,5;18,845833;16,5;82,541667;57;6,4;1,025;
2013-05-27;0;962,708333;15,3;23,4;19,220833;16,5;78,208333;60;6,6;1,3375;
2013-05-28;2,4;958,525;17,120833;24,6;19,729167;16,2;85,458333;68;5,3;,670833;
2013-05-29;12,8;958,354167;17,7125;22,6;19,295833;16,6;90,666667;79;9,2;,579167;
2013-05-30;0;959,220833;17,55;24,8;19,625;16,6;88,333333;70;3,7;,304167;
2013-05-31;,4;961,5625;17,9;25,3;20,504167;17,2;85,75;62;4,2;,345833;
2013-06-01;0;962,841667;17,904167;23,3;20,7875;19,1;83,833333;69;5,7;,766667;
2013-06-02;0;961,254167;17,8;25,9;21;17,8;82,666667;61;5,8;,5625;
2013-06-03;0;961,116667;17,995833;25,3;20,35;17,3;86,916667;70;6,4;,575;
2013-06-04;39;963,779167;16,025;20,2;17,591667;15,5;90,833333;77;6,6;,366667;
2013-06-05;,2;964,091667;16,483333;22,5;19,058333;16,1;85,541667;70;3,3;,3125;
2013-06-06;0;963,866667;17,858333;24,3;20,733333;18,6;84;69;4,4;,583333;
2013-06-07;0;963,825;17,85;25,7;20,270833;17,2;86,625;62;3,8;,375;
2013-06-08;0;964,95;18,058333;27,1;21,525;18,7;81,833333;54;3,5;,254167;
2013-06-09;,2;965,2375;17,5625;22,7;19,733333;18,4;87,458333;69;4,7;,375;
2013-06-10;,4;965,079167;15,308333;24,7;19,8625;17,5;76,041667;50;5,6;1,275;
2013-06-11;0;964,786957;15,491304;24,3;19,226087;14,7;79,73913;62;6,5;,556522;
2013-06-12;,2;964,558333;16,191667;25,5;19,2375;14,8;83,5;57;4,5;,429167;
2013-06-13;0;962,958333;16,520833;25,3;19,591667;15,5;83,375;62;4,8;,479167;
2013-06-14;0;961,358333;16,558333;26,1;20,291667;16,3;80,666667;52;4,8;,516667;
2013-06-15;,2;961,270833;16,1;24,2;19,216667;16,1;82,916667;59;5,5;,5125;
2013-06-16;0;962,333333;15,779167;24,9;19,741667;16,6;79,041667;52;6,2;,9375;
2013-06-17;0;962,020833;16,3625;25,4;20,583333;17,5;77,541667;54;6,6;1,3625;
2013-06-18;0;961,4625;16,783333;26;20,475;16,4;80,333333;58;3,9;,358333;
2013-06-19;0;961,725;16,9625;25,4;20,7625;17,6;79,625;59;8,1;,85;
2013-06-20;0;961,7375;16,458333;24,4;19,645833;16,5;82,458333;62;5,4;,645833;
2013-06-21;0;960,075;16,883333;25,9;19,995833;15,8;83,458333;57;5,9;,616667;
2013-06-22;0;959,283333;17,766667;27,1;21,679167;17,5;79,083333;60;4,5;,545833;
2013-06-23;,2;961,8875;19,154167;27,5;22,491667;19,1;82,291667;61;4,7;,304167;
2013-06-24;0;964,383333;16,954167;21,9;19,9;18,2;83,333333;73;3,5;,6625;
2013-06-25;0;964,086364;15,995455;22,5;19,731818;18,3;79,227273;61;6,2;1,1;
2013-06-26;0;962,95;15,545833;24,1;19,125;16,3;80,333333;62;5,9;,525;
2013-06-27;0;963,304167;16,629167;23,1;19,054167;15,8;86,208333;71;4,6;,466667;
2013-06-28;,2;961,1375;16,6125;24,9;19,270833;15,9;85,375;62;5,7;,520833;
2013-06-29;0;959,808333;17,166667;26,2;20,783333;16,7;80,75;61;5,1;,604167;
2013-06-30;,2;959,458333;17,395833;28,8;21,925;17;77,375;47;4,8;,583333;
2013-07-01;0;960,908333;16,725;27,6;22,275;17,4;71,75;53;6,3;,704167;
2013-07-02;0;962,358333;16,579167;25,1;20,516667;17,4;78,666667;59;6,2;,754167;
2013-07-03;0;966,604167;15,225;21,2;18,804167;16,6;79,958333;62;3,9;,429167;
2013-07-04;0;968,316667;13,733333;23,2;18,795833;15,5;73,416667;51;5,1;,804167;
2013-07-05;0;967,691667;11,854167;23;18,016667;14;68,541667;47;11,3;,7375;
2013-07-06;0;964,566667;12,270833;24,1;17,391667;11,8;73,25;51;6,4;,708333;
2013-07-07;0;962,745833;15,083333;26,3;19,895833;14,2;74,958333;55;4,2;,475;
2013-07-08;0;963,616667;15,816667;26,8;20,658333;15,9;75,5;47;4;,429167;
2013-07-09;0;966,320833;12,604167;25,6;20,070833;15,1;63,208333;43;5,9;,720833;
2013-07-10;0;967,616667;13,516667;22,1;18,579167;16,3;72,875;53;5,9;,791667;
2013-07-11;,2;966,620833;13,441667;21,9;17,879167;15,4;76,041667;55;4,9;,7625;
2013-07-12;0;966,0375;13,354167;24,5;19,245833;15,9;69,666667;47;5,8;,579167;
2013-07-13;,2;964,854167;15,758333;23,1;19,804167;17,7;77,791667;65;4,1;,520833;
2013-07-14;0;963,575;16,5625;25,9;20,795833;17,6;78,208333;50;5,7;,920833;
2013-07-15;0;960,545833;16,0625;27,7;20,895833;16;74,916667;53;4,9;,541667;
2013-07-16;0;961,0375;16,191667;27,7;21,816667;17;72,166667;42;5,7;,558333;
2013-07-17;0;963,204167;15,925;26;21,6;19;71;51;7,8;1,529167;
2013-07-18;0;961,933333;15,208333;26,3;21,204167;18,2;69,541667;50;8,4;1,3;
2013-07-19;0;960,929167;15,7375;27,6;21,516667;17,1;70,541667;50;5,3;1,133333;
2013-07-20;0;959,6875;15,541667;26;21,7375;17,7;68,125;57;6,4;,966667;
2013-07-21;0;959,895833;16,541667;27,6;22,516667;18,6;69,708333;55;7,5;1,3875;
2013-07-22;0;960,341667;16,920833;28,5;23,416667;19,6;67,5;54;6;1,370833;
2013-07-23;0;959,558333;17,0125;27,4;22,458333;19,1;71,75;56;7,1;1,45;
2013-07-24;0;962,2875;16,954167;26,6;22,008333;18,5;73,833333;54;6,8;1,041667;
2013-07-25;,6;964,0875;16,183333;24,3;19,8375;16,5;80,125;64;7,7;1,5625;
2013-07-26;0;966,170833;15,254167;23,2;19,333333;17,9;77,541667;62;5,9;1,204167;
2013-07-27;0;965,804167;12,616667;24,8;18,820833;14,6;67,708333;53;5,7;1,029167;
2013-07-28;0;963,779167;14,841667;25,7;20,125;16,9;72,75;48;6,1;1,05;
2013-07-29;0;964,95;13,754167;25,1;19,266667;15,2;71,708333;42;5;,491667;
2013-07-30;0;966,2625;13,125;25;18,470833;14,4;72,75;41;4,4;,4375;
2013-07-31;0;966,175;12,6875;23,4;17,970833;13,5;72,625;47;5,8;,8375;
2013-08-01;0;965,0875;12,158333;25,8;18,533333;12,7;68,75;44;6,1;,870833;
2013-08-02;0;963,691667;11,083333;26,3;19,15;12,9;61,416667;37;6,7;,879167;
2013-08-03;0;962,8;10,920833;26,9;19,795833;12,8;58,625;37;7,1;,55;
2013-08-04;0;962,479167;12,575;29;21,408333;15,1;58,5;38;7;,645833;
2013-08-05;0;962,841667;13,929167;29,3;22,229167;15,8;61,458333;36;6,7;,695833;
2013-08-06;0;964,6125;13,2125;27;21,641667;17,9;60,458333;37;7,4;1,329167;
2013-08-07;0;962,933333;13,475;25,3;19,745833;16,2;68,041667;47;7;1,025;
2013-08-08;0;962,170833;13,9375;26,4;20,9125;17;66,291667;38;8,8;1,108333;
2013-08-09;0;962,583333;14,0875;25,7;21,141667;17;64,958333;47;6,6;1,645833;
2013-08-10;0;961,608333;13,454167;27,6;21,608333;17,2;62,375;36;9,3;1,775;
2013-08-11;0;959,5875;14,775;27,1;21,616667;17,6;66,333333;45;8,3;1,4875;
2013-08-12;0;960,558333;14,433333;28,1;22,408333;18,4;62,083333;41;7,6;1,266667;
2013-08-13;0;961,745833;12,933333;28;22,258333;18,2;57,458333;30;7,1;1,704167;
2013-08-14;0;960,75;15,241667;28,7;22,916667;19,4;63,083333;44;7;1,579167;
2013-08-15;0;961,425;14,008333;23,9;19,133333;17,8;72,666667;55;6,5;1,2;
2013-08-16;,2;965,4;12,9625;22,2;16,725;13,4;79,625;57;5;,341667;
2013-08-17;0;964,445833;13,725;25,6;19,958333;15,4;68,166667;46;7;,65;
2013-08-18;3,2;965,4875;14,570833;23,5;18,658333;16,2;78,125;52;4,7;,554167;
2013-08-19;,2;966,433333;12,5;23,6;18,154167;14,9;70,958333;44;4,6;,691667;
2013-08-20;0;966,204167;12,2875;26;18,929167;13,4;67,291667;42;6,4;,875;
2013-08-21;0;965,329167;14,270833;25,1;19,454167;16;72,625;53;4,4;,5125;
2013-08-22;0;963,245833;16,008333;26,1;21,216667;17,6;73,291667;52;6,6;1,104167;
2013-08-23;0;962,5875;15;28,1;22,233333;18,8;65,333333;40;6,6;1,329167;
2013-08-24;0;963,241667;12,366667;28,3;22,120833;17,7;56,875;29;7,1;1,6625;
2013-08-25;0;962,641667;13,270833;28,5;22,270833;17,5;58,083333;38;8,2;1,6375;
2013-08-26;0;959,608333;15,958333;29,1;22,725;18,2;67,833333;42;7;1,583333;
2013-08-27;0;958,25;14,495833;32,5;24,941667;19,1;53,833333;32;5,8;,925;
2013-08-28;0;963,233333;15,1625;26;20,379167;18,6;72,625;48;7,1;1,375;
2013-08-29;0;967,6875;13,304167;21,3;18,1625;15,3;74,208333;59;5,5;,6875;
2013-08-30;0;966,8875;12,045833;25,4;19,741667;16,7;63,25;37;7,8;1,308333;
2013-08-31;0;965,225;9,033333;26,2;19,4875;14,2;53,291667;30;7,9;1,420833;
2013-09-01;0;962,6;11,466667;27,3;20,879167;16,4;56,625;33;7,1;1,325;
2013-09-02;0;960,325;13,779167;29,4;23,066667;18,6;58,458333;32;9;1,9625;
2013-09-03;0;959,266667;13,629167;29;23,175;18,3;56,333333;40;8,4;1,979167;
2013-09-04;0;962,491667;13,666667;24,7;20,420833;19,4;67,166667;44;8,3;1,3875;
2013-09-05;12,4;966,545833;14,8;20,7;17,229167;14,5;86,375;69;3,9;,116667;
2013-09-06;0;966,020833;14,241667;25,8;20,370833;16,5;69,708333;46;5,4;,875;
2013-09-07;0;965,504167;12,6625;24,6;19,6875;14,9;65;46;6,7;1,1625;
2013-09-08;0;965,704167;12,504167;27,2;21,029167;16,4;60,541667;35;8,4;1,55;
2013-09-09;0;965,370833;13,029167;28,2;21,7875;17,3;59,416667;37;9,3;1,241667;
2013-09-10;0;965,695833;14,004167;28,6;22,554167;19;60,375;36;7,2;1,5;
2013-09-11;0;965,2;13,070833;26,5;21,029167;17,1;62,166667;37;7;1,354167;
2013-09-12;0;963,95;12,754167;27,7;20,995833;17;62,125;32;7;1,395833;
2013-09-13;,2;963,9625;14,775;27,7;20,3625;16,6;71,916667;43;8,7;1,616667;
2013-09-14;,2;964,204167;14,320833;27,2;20,975;16,7;67,458333;44;7,4;1,3625;
2013-09-15;,2;963,083333;15,35;26,3;21,266667;18;70,083333;49;8,4;1,475;
2013-09-16;0;959,5;14,641667;29,2;22,7;17,8;63;36;9,1;1,854167;
2013-09-17;0;958,266667;15,791667;29,1;23,129167;19,4;64,625;45;8,6;1,704167;
2013-09-18;5,8;961,495833;17,483333;29;23,666667;18,9;69,625;48;6,8;,858333;
2013-09-19;0;963,904167;17,258333;29,2;24,416667;21,4;65,541667;44;6,2;1,183333;
2013-09-20;0;962,591667;15,6375;28;23,6625;20,3;61,958333;42;9,4;1,6625;
2013-09-21;0;960,5125;14,95;29,4;23,3875;19,3;60,333333;39;7,9;1,941667;
2013-09-22;0;959,375;16,858333;32,2;25,475;20,5;60,708333;41;8,7;1,845833;
2013-09-23;0;957,875;15,691667;36,8;28,983333;22,8;46,5;27;8,2;1,8125;
2013-09-24;0;957,366667;17,575;33,7;27,479167;22,3;56,416667;33;8,9;1,229167;
2013-09-25;0;956,15;18,9;32,4;25,6125;21,6;67,416667;44;11,4;1,266667;
2013-09-26;0;961,316667;11,133333;25,2;19,045833;17;60,208333;53;11,4;,9875;
2013-09-27;,6;962;15,075;26,9;19,779167;16,6;76,208333;44;5,6;,708333;
2013-09-28;0;961,583333;14,333333;28,2;22,070833;18,4;62,583333;43;7,3;1,408333;
2013-09-29;,8;961,291667;15,833333;23,5;19,095833;17,6;82,541667;55;6,4;,991667;
2013-09-30;14,6;960,2;16,941667;22,7;19,066667;16,9;87,875;72;3,7;,670833;
2013-10-01;2;959,470833;18,008333;27,2;21,970833;18,5;78,916667;57;6,2;1,275;
2013-10-02;0;959,179167;17,370833;29,2;22,158333;19,5;76;47;12,4;1,029167;
2013-10-03;17,6;960,675;18,033333;25,8;21,266667;17,7;82,666667;63;5,6;,608333;
2013-10-04;,2;958,5125;19,2125;28,9;23,466667;21,3;77,708333;57;8,8;1,508333;
2013-10-05;41,2;956,770833;19,054167;29;22,329167;19,1;83,041667;61;7;,75;
2013-10-06;,4;960,279167;16,3625;23,5;20,125;19,3;78,958333;69;7,1;1,2;
2013-10-07;2;964,616667;15,608333;19;16,55;16,1;94,291667;82;7,5;,991667;
2013-10-08;16,2;966,820833;14,454167;17,5;15,55;14,4;93,25;80;5,2;,370833;
2013-10-09;22,2;966,158333;14,133333;20,1;16,416667;14,1;86,875;69;4,8;,458333;
2013-10-10;5,2;965,133333;13,983333;24;18,475;15,1;77,333333;47;6,9;1,033333;
2013-10-11;0;964,791667;11,654167;25,9;19,741667;16,1;61,625;36;7,2;1,5;
2013-10-12;0;964,729167;13,45;23,7;18,841667;16;71,208333;53;7,3;1,245833;

