Nome: UNAI
Codigo Estacao: A542
Latitude: -16.554101
Longitude: -46.881935
Altitude: 640.85
Situacao: Operante
Data Inicial: 2013-01-01
Data Final: 2013-10-12
Periodicidade da Medicao: Diaria

Data Medicao;PRECIPITACAO TOTAL, DIARIO (AUT)(mm);PRESSAO ATMOSFERICA MEDIA DIARIA (AUT)(mB);TEMPERATURA DO PONTO DE ORVALHO MEDIA DIARIA (AUT)(°C);TEMPERATURA MAXIMA, DIARIA (AUT)(°C);TEMPERATURA MEDIA, DIARIA (AUT)(°C);TEMPERATURA MINIMA, DIARIA (AUT)(°C);UMIDADE RELATIVA DO AR, MEDIA DIARIA (AUT)(%);UMIDADE RELATIVA DO AR, MINIMA DIARIA (AUT)(%);VENTO, RAJADA MAXIMA DIARIA (AUT)(m/s);VENTO, VELOCIDADE MEDIA DIARIA (AUT)(m/s);
2013-01-01;null;null;null;null;null;null;null;null;null;null;
2013-01-02;null;null;null;null;null;null;null;null;null;null;
2013-01-03;null;null;null;null;null;null;null;null;null;null;
2013-01-04;null;null;null;null;null;null;null;null;null;null;
2013-01-05;null;null;null;null;null;null;null;null;null;null;
2013-01-06;null;null;null;null;null;null;null;null;null;null;
2013-01-07;null;null;null;null;null;null;null;null;null;null;
2013-01-08;null;null;null;null;null;null;null;null;null;null;
2013-01-09;null;null;null;null;null;null;null;null;null;null;
2013-01-10;null;null;null;null;null;null;null;null;null;null;
2013-01-11;null;null;null;null;null;null;null;null;null;null;
2013-01-12;null;null;null;null;null;null;null;null;null;null;
2013-01-13;null;null;null;null;null;null;null;null;null;null;
2013-01-14;null;null;null;null;null;null;null;null;null;null;
2013-01-15;null;null;null;null;null;null;null;null;null;null;
2013-01-16;null;null;null;null;null;null;null;null;null;null;
2013-01-17;null;null;null;null;null;null;null;null;null;null;
2013-01-18;null;null;null;null;null;null;null;null;null;null;
2013-01-19;null;null;null;null;null;null;null;null;null;null;
2013-01-20;null;null;null;null;null;null;null;null;null;null;
2013-01-21;null;null;null;null;null;null;null;null;null;null;
2013-01-22;null;null;null;null;null;null;null;null;null;null;
2013-01-23;null;null;null;null;null;null;null;null;null;null;
2013-01-24;null;null;null;null;null;null;null;null;null;null;
2013-01-25;null;null;null;null;null;null;null;null;null;null;
2013-01-26;null;null;null;null;null;null;null;null;null;null;
2013-01-27;null;null;null;null;null;null;null;null;null;null;
2013-01-28;null;null;null;null;null;null;null;null;null;null;
2013-01-29;null;null;null;null;null;null;null;null;null;null;
2013-01-30;null;null;null;null;null;null;null;null;null;null;
2013-01-31;null;null;null;null;null;null;null;null;null;null;
2013-02-01;null;null;null;null;null;null;null;null;null;null;
2013-02-02;null;null;null;null;null;null;null;null;null;null;
2013-02-03;null;null;null;null;null;null;null;null;null;null;
2013-02-04;null;null;null;null;null;null;null;null;null;null;
2013-02-05;null;null;null;null;null;null;null;null;null;null;
2013-02-06;null;null;null;null;null;null;null;null;null;null;
2013-02-07;null;null;null;null;null;null;null;null;null;null;
2013-02-08;null;null;null;null;null;null;null;null;null;null;
2013-02-09;null;null;null;null;null;null;null;null;null;null;
2013-02-10;null;null;null;null;null;null;null;null;null;null;
2013-02-11;null;null;null;null;null;null;null;null;null;null;
2013-02-12;null;null;null;null;null;null;null;null;null;null;
2013-02-13;null;null;null;null;null;null;null;null;null;null;
2013-02-14;null;null;null;null;null;null;null;null;null;null;
2013-02-15;null;null;null;null;null;null;null;null;null;null;
2013-02-16;null;null;null;null;null;null;null;null;null;null;
2013-02-17;null;null;null;null;null;null;null;null;null;null;
2013-02-18;null;null;null;null;null;null;null;null;null;null;
2013-02-19;null;null;null;null;null;null;null;null;null;null;
2013-02-20;null;null;null;32,6;null;null;null;37;7,4;null;
2013-02-21;0;940,608333;17,395833;31,7;25,541667;19,3;62,458333;39;6,6;1,729167;
2013-02-22;0;940,329167;16,225;33;25,495833;18,3;59,791667;31;7,6;1,666667;
2013-02-23;0;939,879167;17,666667;32,6;25,841667;20,1;62,916667;33;7,6;1,6625;
2013-02-24;0;940,308333;18,720833;29,9;24,6;20,9;71;45;9,6;1,5875;
2013-02-25;4,4;941,395833;19,429167;28,3;22,4375;19,8;83,875;58;9,6;1,466667;
2013-02-26;3;940,716667;18,9625;32,9;24,116667;19,8;76,041667;37;14,3;1,645833;
2013-02-27;9,2;940,641667;19,6;32,7;24,625;19,8;75,416667;43;9,4;1,441667;
2013-02-28;1,2;940,483333;20,2125;31,5;24,7375;21,3;77,041667;50;8,5;1,3375;
2013-03-01;4,4;941,004167;20,383333;26,8;22,954167;21;86,041667;67;6,3;2,295833;
2013-03-02;0;941,2375;19,883333;31,2;25,1125;20,4;74,833333;47;5,9;1,991667;
2013-03-03;0;942,1875;19,354167;32,7;26,208333;21,3;68,166667;40;7,9;1,983333;
2013-03-04;0;941,545833;18,7875;33,4;26,191667;19,9;67,25;32;7,1;1,291667;
2013-03-05;0;940,529167;18,566667;34,5;26,425;19,6;65,541667;30;7,6;1,454167;
2013-03-06;0;940,283333;18,829167;34,2;27,070833;20,5;63,708333;34;6;1,391667;
2013-03-07;0;941,404167;19,216667;34,9;26,925;20,1;65,25;34;7,8;1,75;
2013-03-08;0;941,975;19,104167;34,9;27,633333;21,3;63,5;31;7,5;1,929167;
2013-03-09;0;940,895833;19,383333;34,8;27,55;21;64,416667;34;5,8;1,3125;
2013-03-10;0;939,945833;19,725;34,9;27,041667;21,3;65,666667;36;8,3;1,566667;
2013-03-11;0;938,7375;20,320833;34,2;24,929167;21,3;77,375;37;15,4;1,475;
2013-03-12;21;938,433333;20,995833;33,4;25,525;20,7;78,583333;43;9,8;,954167;
2013-03-13;9,6;938,65;20,566667;32,1;25,841667;20,6;73,916667;47;10,5;1,954167;
2013-03-14;0;939,291667;21,316667;31,2;25,075;22,4;80,916667;53;13,7;1,729167;
2013-03-15;1,8;940,208333;21,5375;29,6;23,741667;21,8;88,083333;60;7;1,329167;
2013-03-16;6,4;940,841667;19,541667;31,1;24,508333;19,9;76,708333;39;7,2;1,441667;
2013-03-17;0;940,5625;18,370833;32,7;25,220833;18,8;69,083333;32;4,8;1,1625;
2013-03-18;0;939,3125;18,925;33;25,75;19,4;69;39;7,4;1,591667;
2013-03-19;0;939,2875;18,925;31,3;25,133333;20,9;69,958333;41;7,9;2,329167;
2013-03-20;6,4;940,354167;19,841667;26,8;22,266667;20,5;86,583333;68;6,3;1,695833;
2013-03-21;5,8;941,008333;19,8;28,1;22,429167;19,9;85,833333;59;12,6;,995833;
2013-03-22;2,6;941,504167;20,104167;30,8;24,195833;20,8;79,958333;47;5,4;,854167;
2013-03-23;,2;940,641667;20,025;30;24,383333;21,2;78,291667;47;7,6;1,883333;
2013-03-24;0;938,783333;19,6;30,1;23,129167;18,6;82,041667;51;6,6;1,4375;
2013-03-25;17,6;940,3875;20,279167;28,1;22,7375;20,1;86,791667;60;8,2;1,458333;
2013-03-26;30,8;941,35;20,279167;30,2;23,9;20,4;81,5;54;13,2;1,283333;
2013-03-27;3,2;940,504167;21,0625;33,4;23,9875;21,4;85,25;46;14,1;1,266667;
2013-03-28;12,8;940,755;20,455;28,9;null;21,1;85,95;62;16,5;,955;
2013-03-29;14,4;null;null;30,3;null;19,9;75,75;53;6;null;
2013-03-30;28,2;943,7;20,670833;25,5;22,491667;20,9;89,666667;72;7;1,725;
2013-03-31;7;944,55;20,116667;29,7;23,941667;20,2;80,583333;54;4,7;1,475;
2013-04-01;0;943,679167;19,85;31,9;24,641667;19,4;76,625;45;8,2;1,479167;
2013-04-02;0;942,045833;19,308333;31,6;24,6875;18,9;74,5;44;4,8;,975;
2013-04-03;0;941,629167;19,554167;31,8;24,6625;20;75,583333;42;6,9;1,520833;
2013-04-04;0;941,1625;19,645833;31,5;24,441667;20,1;76,333333;45;11,4;1,108333;
2013-04-05;2;941,041667;20,1875;29,6;23,5375;20,4;82,583333;58;13,6;1,408333;
2013-04-06;9,4;941,4875;19,991667;31,2;23,075;19,8;83,958333;51;11,1;1,383333;
2013-04-07;26,8;942,016667;19,2875;30,2;23,983333;20,1;77,666667;38;8,4;1,354167;
2013-04-08;0;940,45;20,695833;31,3;24,8375;20,4;79,541667;47;6,3;1;
2013-04-09;21,4;940,3125;20,475;29,4;23,954167;20,1;82,125;55;10,7;1,554167;
2013-04-10;11,2;940,458333;20,954167;27,6;23,0625;21,4;88,375;67;7,4;1,295833;
2013-04-11;12,6;941,941667;20,4125;28,2;22,779167;20,7;87,416667;59;8,6;1,645833;
2013-04-12;1,6;942,016667;20,770833;29,6;23,766667;20,8;84,541667;55;7;,845833;
2013-04-13;0;940,845833;20,820833;29,7;22,9125;20,9;88,458333;58;11,6;1,4;
2013-04-14;11;940,495833;20,2875;29,8;23,508333;19,3;83,583333;55;5,3;,841667;
2013-04-15;1,6;941,225;20,9375;30,1;23,7625;20,2;85,375;59;23;1,316667;
2013-04-16;19,8;940,0125;20,304167;28,9;23,820833;20;82,166667;56;5,5;1,2375;
2013-04-17;0;940,5875;17,208333;28,7;23,020833;17,5;71,958333;43;5,7;1,4;
2013-04-18;,2;940,975;18,329167;29,1;22,404167;17,2;79,458333;52;6,3;1,679167;
2013-04-19;0;942,254167;18,341667;28;22,7875;18,3;77,5;52;5,7;1,733333;
2013-04-20;0;942,8125;16,0375;28;21,308333;15,8;74,833333;39;7,9;1,583333;
2013-04-21;0;942,979167;15,166667;27,9;20,704167;14,7;73,083333;40;6,7;1,491667;
2013-04-22;0;944,479167;14,85;27,4;21,033333;16,9;69,041667;42;7;2,220833;
2013-04-23;0;945,104167;14,966667;27,1;20,729167;16,4;71,208333;45;7,4;2,166667;
2013-04-24;0;945,008333;15,3875;26,6;20,866667;15,6;72,083333;51;6,5;2,091667;
2013-04-25;0;944,641667;15,808333;27,7;20,875;14,5;74,5;49;5,7;1,295833;
2013-04-26;0;944,1375;16,395833;28,5;21,5875;16,1;74,333333;48;8,5;1,5;
2013-04-27;0;943,008333;16,491667;27,2;21,2;15,6;76,208333;52;6,5;1,333333;
2013-04-28;0;942,854167;15,4625;27,9;20,816667;15,1;74,25;43;7,2;1,4625;
2013-04-29;0;942,775;14,875;28,7;21;13,4;70,583333;43;5,3;1,445833;
2013-04-30;0;942,954167;15,5;29,2;21,608333;14,3;70,958333;37;4,7;1,3375;
2013-05-01;0;942,9375;15,670833;30;21,8;14,8;71,458333;40;6,5;1,391667;
2013-05-02;0;943,1625;15,354167;30;22,1125;15,2;69;36;6;1,5375;
2013-05-03;0;942,745833;14,4375;29,9;21,529167;13,9;67,791667;32;5,8;1,504167;
2013-05-04;0;942,270833;14,154167;29,6;21,2375;13,6;68,208333;31;8,5;1,279167;
2013-05-05;0;941,695833;13,583333;30,4;21,491667;13,2;65,458333;30;4,8;1,116667;
2013-05-06;0;941;14,391667;31,7;22,804167;14,2;63,833333;26;5,5;1,316667;
2013-05-07;0;943,1;16,525;30,3;23,929167;17,8;65,083333;41;5,8;1,308333;
2013-05-08;0;944,275;13,2125;26,6;20,3875;14,3;65,958333;38;7,7;1,545833;
2013-05-09;0;944,85;13,245833;28,6;20,466667;12,5;66,875;35;5,2;1,3875;
2013-05-10;0;944,979167;15,195833;29,7;21,3;13,9;70,291667;41;6,5;1,620833;
2013-05-11;,2;945,233333;14,4625;28,2;20,404167;13;71,916667;40;6,1;1,741667;
2013-05-12;0;944,491667;14,341667;28,6;20,820833;14,1;68,583333;42;6;1,8375;
2013-05-13;0;943,875;15,7125;29,4;22,479167;16,5;67,708333;40;6,9;1,604167;
2013-05-14;0;944,133333;16,675;29,1;22,416667;16,2;71,583333;44;7,2;1,791667;
2013-05-15;0;943,429167;16,116667;30,5;22,516667;15,9;69,833333;40;7,5;1,629167;
2013-05-16;0;943,020833;16,270833;30,4;22,8875;17,1;69,125;37;7,1;1,529167;
2013-05-17;0;943,75;16,079167;29,1;22,166667;16,6;70,833333;42;6,3;1,341667;
2013-05-18;0;944,858333;15,341667;29,6;21,6;15,3;70,375;37;7,3;1,5625;
2013-05-19;0;945,5625;16,154167;28,5;22,208333;16,9;70,208333;42;7,2;2,108333;
2013-05-20;0;943,929167;15,266667;28,9;21,679167;15;69,625;38;5,4;1,445833;
2013-05-21;0;940,9875;14,354167;30,5;21,4125;13,2;68,75;31;4,9;,970833;
2013-05-22;0;940,420833;14,0875;32;22,575;13,8;63,708333;27;5,3;,895833;
2013-05-23;0;940,083333;15,216667;31,9;22,8125;15,8;65,875;32;5,1;1,220833;
2013-05-24;0;940,8875;15,304167;32,3;23,370833;15,4;63,916667;31;7,7;1,370833;
2013-05-25;0;942,529167;15,908333;28,9;22,220833;16,2;69,375;41;6,4;1,575;
2013-05-26;0;943,375;16,704167;28,7;21,833333;15,7;74,041667;49;5,6;2,070833;
2013-05-27;1;943,366667;17,729167;28,7;22,225;17,6;77,375;51;6,1;1,366667;
2013-05-28;0;940,733333;17,3;31;23,145833;17,6;72,875;38;7,8;1,3;
2013-05-29;0;941,2;17,004167;25,1;21,345833;17,4;76,75;62;11;2,2875;
2013-05-30;12,6;943,575;17,191667;22,7;19,070833;15,9;89,083333;77;9,2;1,541667;
2013-05-31;1,2;943,245833;17,979167;26,1;20,845833;17,2;85;59;6,2;1,495833;
2013-06-01;0;944,0125;18,541667;26,9;22,225;18,6;80,041667;60;4,7;1,495833;
2013-06-02;0;943,270833;18,225;29,7;22,841667;18,1;77,5;46;5,5;1,0375;
2013-06-03;5,8;944,054167;18,858333;22,7;20,445833;19,5;90,708333;78;8,5;1,8875;
2013-06-04;10,4;945,05;16,7;24,9;19,816667;16,9;83,208333;61;7,1;1,983333;
2013-06-05;0;944,754167;17,633333;27;21,541667;18,1;79,583333;56;6,3;1,908333;
2013-06-06;0;945,229167;17,579167;27,9;21,845833;16,7;78,25;53;5,7;1,483333;
2013-06-07;0;945,2625;17,504167;29,2;22,333333;17,9;76,25;49;6,2;1,566667;
2013-06-08;0;946,120833;17,170833;28,8;22,5125;16,9;73,041667;48;6,9;2,041667;
2013-06-09;0;945,6125;16,666667;28,5;22,583333;18,8;70,875;43;8,6;2,366667;
2013-06-10;0;945,6625;15,979167;28;21,058333;16,2;74,583333;46;9,4;1,6625;
2013-06-11;0;946,079167;14,733333;28;20,6625;14,3;72,125;40;7,6;1,379167;
2013-06-12;0;946,2125;14,770833;27,9;20,533333;13,7;72,375;43;7,9;1,5125;
2013-06-13;,2;945,058333;14,379167;28,2;20,375;13,4;71,458333;42;6,6;1,4;
2013-06-14;0;943,4375;14,125;28,4;20,133333;13,2;71,583333;37;5,5;1,15;
2013-06-15;0;942,725;14,216667;28,6;20,4875;13,1;70,333333;39;5,3;,875;
2013-06-16;0;942,833333;14,170833;29,5;21,391667;14,5;66,916667;34;5,7;1,15;
2013-06-17;0;943,4625;14,758333;30,1;21,575;14,4;68,25;39;6;1,266667;
2013-06-18;0;943,216667;15,708333;29,7;22,283333;15,9;69,125;39;5,7;1,375;
2013-06-19;0;943,170833;15,175;29,8;21,979167;15,4;68,541667;35;5,7;1,358333;
2013-06-20;0;943,120833;14,708333;29,5;21,504167;14,6;68,791667;33;6,7;1,5;
2013-06-21;0;942,029167;14,525;30,1;21,158333;13,4;68,958333;40;6,2;1,2875;
2013-06-22;0;942,408333;16,354167;31,2;22,745833;16,5;69,958333;37;6,7;1,541667;
2013-06-23;0;944,054167;16,379167;30,4;22,720833;15,8;70,666667;40;6,4;1,4875;
2013-06-24;0;944,366667;16,058333;29,6;22,716667;16,6;68,083333;43;7,7;2;
2013-06-25;0;944,868182;15,390909;28,6;21,068182;15;71,772727;43;5,8;1,845455;
2013-06-26;0;944,108333;15,466667;29,7;21,875;15,1;69,708333;37;7,3;1,7;
2013-06-27;0;944,591667;14,983333;30,7;21,85;13,8;68,5;34;6,8;1,216667;
2013-06-28;0;942,754167;14,441667;30,4;21,870833;14,4;66,625;32;6,2;1,108333;
2013-06-29;0;942,066667;13,770833;30,6;21,75;13,9;64,791667;32;4,7;1,054167;
2013-06-30;0;942,425;12,441667;31,4;22,158333;13,6;59,875;21;4,8;1,033333;
2013-07-01;0;942,995833;11,754167;31,2;21,9625;14,3;56,875;23;7;1,266667;
2013-07-02;0;943,4375;11,741667;29,3;20,741667;12,3;59,208333;32;6,7;1,516667;
2013-07-03;0;945,4375;13,466667;28,6;21,891667;17;60,375;37;9,3;2,7875;
2013-07-04;0;947,975;13,916667;26,2;20,954167;17,1;65,291667;44;7,8;2,533333;
2013-07-05;0;947,766667;13,929167;28,3;20,504167;14,7;67,916667;42;9,5;2,116667;
2013-07-06;0;945,8;11,508333;27,7;20,229167;13,1;60,25;32;5,8;2,0375;
2013-07-07;0;945,316667;10,558333;28,5;19,2125;10;61,083333;29;5;1,583333;
2013-07-08;0;945,883333;9,6125;28,3;19,891667;11,9;56,791667;22;9,4;1,929167;
2013-07-09;0;946,733333;10,458333;28,8;19,95;11,4;57,375;31;9,2;2,129167;
2013-07-10;0;947,4125;12,179167;27,2;20,4375;13,3;60,708333;35;8,4;2,295833;
2013-07-11;0;946,633333;11,9;26,9;19,558333;13,9;64,375;31;8,6;2,283333;
2013-07-12;0;946,570833;12,470833;26,5;19,883333;14,1;63,791667;43;7,2;2,1375;
2013-07-13;0;945,658333;13,25;29,1;21,416667;13,7;62,416667;34;10,5;1,3875;
2013-07-14;0;944,804167;13,783333;30;21,141667;12,9;65,958333;37;8,7;1,379167;
2013-07-15;0;943,541667;14,341667;31,4;22,170833;14,8;64,458333;33;5,4;1,2;
2013-07-16;0;943,979167;12,804167;30,1;21,6875;13,6;61,875;30;6,8;1,5625;
2013-07-17;0;944,2125;12,058333;31,1;21,770833;13;56,958333;31;7,3;1,541667;
2013-07-18;0;943,120833;13,7125;30,4;22,05;15;62,333333;33;8;1,570833;
2013-07-19;0;942,954167;13,870833;31,4;23,15;17,6;59,708333;30;7,5;1,258333;
2013-07-20;0;941,45;12,1125;32,6;23,141667;15,2;54,666667;24;8,5;1,45;
2013-07-21;0;941,5375;11,55;34;23,620833;14,2;51,75;21;9,6;1,383333;
2013-07-22;0;942,0625;11,825;33,6;23,825;15;51,5;23;7,9;1,283333;
2013-07-23;0;942,166667;13,8;30,8;22,566667;16,5;59,5;36;10,7;2,608333;
2013-07-24;0;944,225;13,541667;29,9;20,6;13,3;66,875;37;9,7;1,9;
2013-07-25;0;945,545833;13,9625;29,5;21,925;15,5;62,625;38;5;1,866667;
2013-07-26;0;947,75;13,233333;29,1;21,0625;14,1;63,208333;37;6,2;1,925;
2013-07-27;0;946,520833;12,854167;30,2;22,129167;15,5;59,416667;29;7,1;1,816667;
2013-07-28;0;945,358333;9,916667;30,8;21,470833;12;52,625;23;6,6;1,591667;
2013-07-29;0;945,795833;9,058333;31;21,208333;11,8;50,041667;23;6,6;1,7875;
2013-07-30;0;946,495833;9,7125;30,3;21,245833;12,2;51,041667;24;8,8;1,9625;
2013-07-31;0;946,408333;9,575;29,6;21,058333;11,6;51,375;24;7,8;1,954167;
2013-08-01;0;946,058333;8,85;29,5;20,258333;10,8;51,958333;22;6,6;1,666667;
2013-08-02;0;945,129167;7,383333;30;20,158333;10,1;49,375;18;6,2;1,3375;
2013-08-03;0;944,525;5,954167;30,1;20,15;10,2;45,416667;17;8,3;1,379167;
2013-08-04;0;944,7;6,895833;31;20,6625;9,6;45,708333;19;5,5;1,375;
2013-08-05;0;944,416667;8,545833;31,8;22,016667;12,3;46,291667;20;9,2;1,85;
2013-08-06;0;944,908333;8,225;31,1;21,9;12,9;46,041667;19;9;1,795833;
2013-08-07;0;943,008333;8,55;31,1;21,791667;13,1;45,583333;21;8,4;1,825;
2013-08-08;0;942,304167;9,233333;29,5;21,416667;12,1;48,125;27;8,1;2,016667;
2013-08-09;0;943,3875;10,1625;30,3;21,570833;12,2;52,375;26;8,3;1,7375;
2013-08-10;0;943,066667;10,325;30,6;21,845833;15,6;51,416667;23;7,8;1,633333;
2013-08-11;0;941,654167;10,054167;31,3;22,429167;14,4;49,666667;20;5,2;1,541667;
2013-08-12;0;941,379167;9,329167;32,9;23,616667;15,7;43,708333;18;6,5;1,575;
2013-08-13;0;942,2125;8,966667;32,9;23,65;14,2;42,458333;20;8,2;1,604167;
2013-08-14;0;942,258333;10,4625;33,8;24,216667;14,5;45,541667;22;11,1;2,045833;
2013-08-15;0;943,0125;12,108333;29,8;22,4375;15,6;54;33;10,9;3,066667;
2013-08-16;0;943,816667;13,041667;31,3;23,483333;17,1;53,875;31;7,5;2,225;
2013-08-17;0;944,491667;12,8125;31,1;23,629167;17,4;53,458333;28;8,5;2,233333;
2013-08-18;0;944,629167;11,8;29,5;23,083333;18;50,541667;30;8,2;2,545833;
2013-08-19;0;946;10,820833;28,1;21,958333;16,4;51,083333;29;8,9;3,129167;
2013-08-20;0;946,070833;9,366667;28,6;21,154167;12,8;49,791667;27;8,5;2,595833;
2013-08-21;0;945,225;11,5375;30,4;22,304167;15,5;52,916667;29;17,3;2,1;
2013-08-22;0;943,408333;11,7;31,7;23,2;14,8;51,375;26;8,3;1,820833;
2013-08-23;0;942,575;11,791667;32,2;24,3875;15,7;48,166667;25;9,6;2,316667;
2013-08-24;0;943,554167;9,483333;31,7;23,895833;15,6;43,583333;22;8,9;2,229167;
2013-08-25;0;943,5375;8,595833;32,1;23,158333;12,8;41,458333;24;8;2,1125;
2013-08-26;0;941,4125;8,5875;34,6;24,375;13,7;41,958333;15;7,1;1,495833;
2013-08-27;0;942,704167;11,458333;32,8;24,379167;18,9;46;27;11;3,604167;
2013-08-28;0;945,604167;4,5375;29,6;21,508333;14,1;37,375;15;9,3;2,716667;
2013-08-29;0;946,025;7,416667;32,1;22,391667;12,2;38,916667;26;9,4;2,5125;
2013-08-30;0;946,170833;12,408333;31,2;23,370833;15,2;52,791667;29;7,9;2,204167;
2013-08-31;0;944,966667;9,320833;30,5;22,733333;14,3;45,5;22;8,4;2,225;
2013-09-01;0;942,979167;8,066667;31,6;22,5875;14,3;42,125;22;8,9;1,620833;
2013-09-02;0;941,020833;10,120833;33,1;23,55;15,2;45,583333;22;9,5;1,695833;
2013-09-03;0;940,516667;11,6875;31,6;24,129167;16,8;47,625;29;9,4;2,016667;
2013-09-04;0;943,775;14,5625;28,6;22,854167;19,7;60,5;42;11,7;2,895833;
2013-09-05;1,4;946,429167;15,391667;23,6;19,191667;16,2;79,416667;62;9,1;2,904167;
2013-09-06;0;945,425;13,85;31,9;22,608333;15,9;62,291667;29;8,8;2,8;
2013-09-07;0;944,895833;12,3125;29,4;23,070833;17,6;52,875;31;9,3;2,729167;
2013-09-08;0;945,483333;11,270833;31,2;23,308333;15,3;49,083333;25;8;2,358333;
2013-09-09;0;945,7125;10,9;30,9;23,6;17,3;46,541667;26;9,7;2,958333;
2013-09-10;0;945,933333;10,054167;31,1;23,591667;17,5;44,041667;26;10;3,029167;
2013-09-11;0;944,216667;9,925;31,1;23,3125;15,7;44,208333;26;10,7;2,679167;
2013-09-12;0;943,3;8,666667;30,9;23,2625;15,8;41,25;21;15,3;3,316667;
2013-09-13;0;943,529167;9,841667;30,1;22,6375;15,5;46,208333;27;9,3;2,454167;
2013-09-14;0;943,854167;10,716667;31,2;24,054167;17,7;44,958333;26;8,1;2,108333;
2013-09-15;0;942,741667;10,8625;34,1;25,05;15,7;44,5;21;6,5;1,645833;
2013-09-16;0;939,6375;11,666667;35,7;26,975;17,4;41,125;22;7,4;1,545833;
2013-09-17;0;938,254167;14,645833;37,4;27,479167;20,9;48,041667;21;22,4;2,525;
2013-09-18;10,2;944,841667;18,729167;26,3;21,270833;19,2;85,75;55;14,1;1,920833;
2013-09-19;,4;944,679167;17,095833;33,1;24,825;18,4;67,416667;32;9,7;2,070833;
2013-09-20;0;942,741667;14,491667;33,4;25,825;19,1;52,166667;27;10,1;2,520833;
2013-09-21;0;940,995833;12,7625;34,4;26,295833;18;46,083333;25;7,5;1,425;
2013-09-22;0;940,845833;11,670833;38;28,258333;19;41,208333;14;13,1;1,595833;
2013-09-23;0;940,9125;11,3;38;29,029167;19,3;35,833333;19;7,2;1,4625;
2013-09-24;0;940,5375;16,329167;36;27,916667;24,3;51,291667;29;18,6;2,55;
2013-09-25;,6;940,791667;15,158333;35,3;25,95;19,7;56,166667;22;7,7;2,520833;
2013-09-26;0;940,683333;9,9875;36;27,116667;17,1;37,291667;18;7,4;2,070833;
2013-09-27;0;940,745833;12,491667;36;28,108333;21;39,291667;24;7;2,475;
2013-09-28;0;941,2125;14,379167;36,6;28;19,8;46,166667;22;10,7;2,0125;
2013-09-29;0;941,666667;17,7375;32,7;23,458333;19,8;71,958333;37;11,5;2,595833;
2013-09-30;28,6;941,0125;17,475;31,7;23,633333;18,6;71,708333;38;7,8;1,408333;
2013-10-01;9;942,129167;19,133333;26,8;22,604167;20,1;81,708333;56;8,7;2,129167;
2013-10-02;2,6;941,179167;18,504167;33,2;24,208333;19;74,041667;31;5,9;1,283333;
2013-10-03;1,2;942,579167;18,275;29,4;23,520833;19,7;73,958333;49;11;2,108333;
2013-10-04;0;940,675;19,158333;33,1;24,425;21,5;74,166667;38;16,1;2,1125;
2013-10-05;4;940,970833;19,2;30,5;24,216667;20,5;76,041667;43;8,5;2,191667;
2013-10-06;0;941,0375;16,683333;33,6;26,075;19,3;59,125;32;6,6;1,525;
2013-10-07;0;942,466667;17,75;31,8;24,870833;19,9;66,958333;40;12,9;2,0375;
2013-10-08;44,8;944,808333;18,408333;26,3;21,7125;19,3;82,625;60;7;2,170833;
2013-10-09;29;945,475;16,225;22,2;19,058333;17;84,291667;69;12,9;2,579167;
2013-10-10;0;944,35;14,433333;29;21,683333;15,5;66,291667;36;8,5;2,070833;
2013-10-11;0;943,370833;13,483333;30,2;22,9375;15,5;57,833333;32;8,2;2,379167;
2013-10-12;0;943,479167;12,7875;30,4;23,15;15,3;54,583333;32;7,5;2,075;

