Nome: PLANALTO
Codigo Estacao: A855
Latitude: -25.721863
Longitude: -53.74792
Altitude: 399.1
Situacao: Operante
Data Inicial: 2013-01-01
Data Final: 2013-10-12
Periodicidade da Medicao: Diaria

Data Medicao;PRECIPITACAO TOTAL, DIARIO (AUT)(mm);PRESSAO ATMOSFERICA MEDIA DIARIA (AUT)(mB);TEMPERATURA DO PONTO DE ORVALHO MEDIA DIARIA (AUT)(°C);TEMPERATURA MAXIMA, DIARIA (AUT)(°C);TEMPERATURA MEDIA, DIARIA (AUT)(°C);TEMPERATURA MINIMA, DIARIA (AUT)(°C);UMIDADE RELATIVA DO AR, MEDIA DIARIA (AUT)(%);UMIDADE RELATIVA DO AR, MINIMA DIARIA (AUT)(%);VENTO, RAJADA MAXIMA DIARIA (AUT)(m/s);VENTO, VELOCIDADE MEDIA DIARIA (AUT)(m/s);
2013-01-01;34,8;966,466667;19,0375;26,2;21,541667;18,9;85,791667;77;19;2,691667;
2013-01-02;5,8;968,733333;18,1125;27,1;22,0375;17,3;79;68;6,9;2,15;
2013-01-03;0;969,379167;18,879167;29,2;23,675;19,5;74,916667;63;9,3;3,216667;
2013-01-04;0;969,616667;19,629167;29,5;24,645833;20;73,958333;67;11,2;3,891667;
2013-01-05;0;966,9375;22,004167;30,7;26,666667;22,8;76,041667;64;8,1;2,866667;
2013-01-06;27,2;964,35;21,2625;30,6;25,029167;21,2;80,041667;70;20,4;3,95;
2013-01-07;1;962,120833;20,704167;29,5;23,933333;20,1;82,291667;72;16,8;3,183333;
2013-01-08;43,6;962,32381;21,504762;25,4;null;21,4;88,47619;86;11,3;2,438095;
2013-01-09;0;null;null;28,9;null;22,2;null;75;6,7;null;
2013-01-10;,2;null;null;32,1;null;20,9;59,769231;53;11,4;null;
2013-01-11;0;null;null;29,5;null;20,3;59;45;7,7;null;
2013-01-12;0;null;null;28,8;null;19,9;58,076923;48;8,3;null;
2013-01-13;0;null;null;30,1;null;20;61,642857;50;8,4;null;
2013-01-14;0;null;null;31;null;22,7;61,307692;48;8,3;null;
2013-01-15;0;null;null;30,5;null;24,4;null;55;6,4;null;
2013-01-16;0;null;null;30,3;null;24,8;null;53;7;null;
2013-01-17;0;null;null;30,5;null;22,6;null;55;5,7;null;
2013-01-18;0;null;null;31,2;null;23,6;null;50;9,5;null;
2013-01-19;0;null;null;30;null;24,5;null;46;8,7;null;
2013-01-20;0;null;null;30;null;22,9;null;44;15,6;null;
2013-01-21;0;null;null;30,9;null;21,4;null;43;19,1;null;
2013-01-22;0;null;null;31;null;20,5;null;42;18;null;
2013-01-23;0;null;null;31,7;null;21,8;null;43;9,2;null;
2013-01-24;0;null;null;33,3;null;23,5;null;43;10;null;
2013-01-25;0;null;null;27,1;null;25,3;null;65;9,4;null;
2013-01-26;0;null;null;27,7;null;25,2;null;46;8,1;null;
2013-01-27;0;null;null;32,1;null;20,7;null;33;15,1;null;
2013-01-28;0;null;null;33,9;null;22,7;null;39;13,9;null;
2013-01-29;0;null;null;33,5;null;23,4;null;39;17,6;null;
2013-01-30;0;null;null;34,2;null;23;null;31;15,2;null;
2013-01-31;0;null;null;34,9;null;24,4;null;38;15,6;null;
2013-02-01;0;null;null;33;null;25,9;null;51;6,1;null;
2013-02-02;null;null;null;32,7;null;27,3;null;52;9,4;null;
2013-02-03;null;null;null;30,4;null;24,4;null;54;10,7;null;
2013-02-04;null;null;null;30,5;null;25,5;null;40;5,7;null;
2013-02-05;null;null;null;31,8;null;24,1;null;43;10,1;null;
2013-02-06;null;null;null;32,8;null;27,3;null;44;12;null;
2013-02-07;null;null;null;26,3;null;25,3;null;65;10,8;null;
2013-02-08;null;null;null;28,4;null;22,2;null;59;5,9;null;
2013-02-09;null;null;null;26,8;null;25,4;null;71;7,7;null;
2013-02-10;null;null;null;28,4;null;23,9;null;65;7,4;null;
2013-02-11;null;null;null;27,4;null;24,3;null;74;13,7;null;
2013-02-12;null;null;null;null;null;23,9;null;null;null;null;
2013-02-13;null;null;null;null;null;null;null;null;null;null;
2013-02-14;null;null;null;null;null;null;null;null;null;null;
2013-02-15;null;null;null;null;null;null;null;null;null;null;
2013-02-16;null;null;null;null;null;null;null;null;null;null;
2013-02-17;null;null;null;30,9;null;null;null;64;11,2;null;
2013-02-18;null;null;null;31,1;null;27,7;null;68;8,7;null;
2013-02-19;null;null;null;28,9;null;29,3;null;65;7;null;
2013-02-20;null;null;null;29,8;null;25,9;null;68;6,4;null;
2013-02-21;null;null;null;null;null;25,5;null;null;null;null;
2013-02-22;null;null;null;29,1;null;null;null;59;7;null;
2013-02-23;null;null;null;31,5;null;21,9;null;52;15,7;null;
2013-02-24;null;null;null;31,6;null;23,3;null;54;10;null;
2013-02-25;null;null;null;null;null;25,4;null;null;null;null;
2013-02-26;null;null;null;27,7;null;null;null;61;7,8;null;
2013-02-27;null;null;null;30,8;null;26;null;45;5;null;
2013-02-28;null;null;null;32,9;null;23,5;null;47;6,3;null;
2013-03-01;null;null;null;33;null;27,5;null;46;7,7;null;
2013-03-02;0;null;null;null;null;27,2;null;null;null;null;
2013-03-03;null;null;null;30,5;null;null;null;57;7,7;null;
2013-03-04;0;null;null;null;null;27,7;null;null;null;null;
2013-03-05;null;null;null;null;null;null;null;null;null;null;
2013-03-06;null;null;null;null;null;null;null;null;6,9;null;
2013-03-07;0;null;null;null;null;null;null;null;null;null;
2013-03-08;null;null;null;31,3;null;null;null;67;6,2;null;
2013-03-09;0;null;null;null;null;25,6;null;null;null;null;
2013-03-10;null;null;null;null;null;null;null;null;null;null;
2013-03-11;null;null;null;null;null;null;null;null;null;null;
2013-03-12;null;null;null;null;null;null;null;null;null;null;
2013-03-13;null;null;null;27,2;null;null;null;63;5,5;null;
2013-03-14;0;null;null;null;null;24,3;null;null;7,6;null;
2013-03-15;0;null;null;null;null;null;null;null;null;null;
2013-03-16;null;null;null;26,5;null;null;null;72;5,2;null;
2013-03-17;,2;null;null;30,4;null;21,7;null;55;13,8;null;
2013-03-18;0;null;null;null;null;22,8;null;null;null;null;
2013-03-19;null;null;null;25,6;null;null;null;62;9,8;null;
2013-03-20;0;null;null;null;null;23,4;null;null;null;null;
2013-03-21;null;null;null;24,5;null;null;null;68;7,4;null;
2013-03-22;0;968,883333;16,3125;27,6;21,583333;16,4;73,458333;50;7,2;1,829167;
2013-03-23;0;968,104167;16,333333;30;22,945833;17,4;67;47;10,5;3,3;
2013-03-24;15,6;964,970833;18,004167;24,6;20,5;19,6;85,583333;69;10,1;3,154167;
2013-03-25;19,2;965,429167;16,691667;26,9;20,975;15,9;78,083333;53;6,4;2,595833;
2013-03-26;0;968,1625;16,6625;28,5;22,970833;18,9;69,375;44;11,4;2,120833;
2013-03-27;0;969,366667;11,529167;26,4;20,995833;15,7;57,25;33;9;2,7;
2013-03-28;0;969,98;11,215;27,8;null;14;59,1;36;8,4;2,535;
2013-03-29;0;null;null;28,3;null;18,1;55,75;39;12,2;null;
2013-03-30;0;970,7875;14,375;28,4;22,675;18,7;60,625;42;10,1;3,858333;
2013-03-31;0;969,979167;15,854167;31,3;23,495833;18,1;63,416667;43;8;2,645833;
2013-04-01;0;968,104167;18,491667;31,7;25,183333;20,4;67,125;50;10,1;3,258333;
2013-04-02;28,4;967,295833;19,145833;27,5;22,3875;20;82,166667;65;15,5;3,145833;
2013-04-03;0;967,354167;19,4375;27;23,008333;20,1;80,75;65;6;2,229167;
2013-04-04;0;963,583333;20,270833;25,1;22,995833;21,7;84,833333;77;14,3;2,745833;
2013-04-05;4;964,283333;16,725;24;20,466667;18,4;79,958333;59;8,6;2,720833;
2013-04-06;,2;966,154167;16,220833;25,6;19,9625;15,5;79,75;64;7,5;2,008333;
2013-04-07;0;967,208333;19,229167;27,2;22,7125;17,2;81;67;6,5;2,225;
2013-04-08;2;967,875;19,404167;27,8;22,729167;20,4;82,041667;63;9,5;2,0125;
2013-04-09;,2;967,841667;17,866667;28,9;22,570833;18;75,875;54;7,4;2,283333;
2013-04-10;0;967,045833;17,908333;28,9;23,558333;19,3;71,416667;56;9,1;2,795833;
2013-04-11;0;965,454167;18,270833;29,4;24,3125;20,1;69,75;54;12,2;3,758333;
2013-04-12;0;963,379167;18,408333;25,9;21,9625;22,4;80,375;66;17,2;3,866667;
2013-04-13;16,2;967,508333;15,2;22,6;19,1625;17,7;78,791667;57;11,2;3,679167;
2013-04-14;0;970,333333;9,045833;23,4;16,466667;10,1;64,416667;33;5,9;2,104167;
2013-04-15;0;971,229167;9,725;25;16,941667;9,1;64,208333;41;8;2,1375;
2013-04-16;0;970,029167;11,654167;24,5;17,9375;11,8;67,875;52;10,5;2,629167;
2013-04-17;0;970,341667;9,15;25,1;18,008333;11,1;58,291667;33;6,9;2,358333;
2013-04-18;0;970,308333;10,508333;25,6;17,8875;10,6;63,416667;44;6,5;2,408333;
2013-04-19;0;971,341667;12,183333;27,1;19,508333;12,8;64,416667;42;6;1,995833;
2013-04-20;0;971,641667;12,35;27,4;20,225;15,2;62,083333;40;8,1;2,766667;
2013-04-21;0;972,208333;12,004167;26,7;19,9875;15,3;61,166667;43;8,4;3,004167;
2013-04-22;0;973,883333;12,433333;26,2;19,9875;15,9;62,875;46;10,1;3,8;
2013-04-23;0;974,416667;12,1125;26,4;19,9875;15,5;61,916667;42;11;3,758333;
2013-04-24;0;973,420833;11,254167;27;19,741667;14,1;59,791667;36;7,5;2,441667;
2013-04-25;0;971,820833;11,95;27,5;20,508333;15,2;59,75;37;7,4;2,725;
2013-04-26;0;970,3875;13,945833;28,4;21,5125;15,8;63,083333;45;6,5;2,325;
2013-04-27;0;969,1125;16,645833;29,5;23,3125;18,8;67;48;7,8;2,654167;
2013-04-28;0;969,279167;17,625;29,9;23,65;19,3;69,833333;51;7,5;2,520833;
2013-04-29;0;968,825;17,5375;24,6;21,729167;19,8;77,25;67;8,8;2,795833;
2013-04-30;0;968,666667;17,045833;28,8;22,145833;18,1;73,958333;51;5,2;2,475;
2013-05-01;0;969,058333;18,416667;31,6;24,654167;20,1;69,791667;45;7,1;2,279167;
2013-05-02;0;968,366667;18,433333;31,3;25,066667;20,4;68;45;7,8;2,783333;
2013-05-03;0;966,070833;17,741667;31,1;25,204167;20,8;64,791667;42;11,2;3,208333;
2013-05-04;3;967,904167;16,75;25,3;20,145833;19,1;81,208333;63;12;3,020833;
2013-05-05;25,2;969,308333;16,179167;22,1;18,6875;17;85,541667;75;8,8;2,2375;
2013-05-06;0;971,15;10,754167;21,3;15,7375;10,2;73,833333;46;7,3;1,225;
2013-05-07;0;973,675;9,225;20,7;14,4375;8,3;71,833333;54;12,5;2,383333;
2013-05-08;0;973,266667;5,5875;22,6;14,258333;7,4;58,625;31;9,4;3,104167;
2013-05-09;0;973,125;6,35;25,6;16,2625;9,1;53,666667;32;6,7;2,754167;
2013-05-10;0;971,4125;6,858333;26,7;18,2125;11,6;49,333333;30;7,6;3,1;
2013-05-11;0;970,704167;9,370833;27,6;19,7375;13,6;51,916667;37;6,9;3,125;
2013-05-12;0;969,745833;13,079167;20,9;17,608333;15,5;75,333333;54;7,7;3,266667;
2013-05-13;10;968,633333;16,4125;20,6;18,379167;16,9;88,25;86;8,5;3,308333;
2013-05-14;10,2;968,554167;16,779167;21,5;18,779167;17,3;88,333333;81;9;3,008333;
2013-05-15;3,6;966,679167;16,925;19;18,35;18,1;91,416667;87;11,4;3,708333;
2013-05-16;61,6;970,6875;14,004167;18,7;16,575;15,1;85,041667;72;12;3,816667;
2013-05-17;0;973,529167;10,041667;23,4;14,395833;7,4;76,083333;57;8;1,633333;
2013-05-18;0;973,466667;15,1625;21;18,2625;11,3;82,291667;74;7,5;3,370833;
2013-05-19;,6;972,258333;17,175;23,1;20,1125;16,8;83,416667;76;7,4;3,0375;
2013-05-20;0;970,9125;18,066667;23,5;20,416667;18;86,583333;77;6,3;1,2875;
2013-05-21;0;968,5375;17,716667;23,3;19,9875;17,9;87,041667;77;4,7;1,241667;
2013-05-22;,2;968,2875;18,0375;22,7;19,891667;18,1;89,166667;80;7,6;1,0375;
2013-05-23;3,4;968,925;16,9125;21,5;18,8875;16,9;88,416667;80;5,6;1,554167;
2013-05-24;0;971,075;15,1625;20,1;17,154167;14,7;88,208333;79;4,9;1,366667;
2013-05-25;,2;972,608333;12,566667;20,9;15,916667;11,6;81,291667;63;6,4;1,925;
2013-05-26;0;970,433333;12,083333;22,8;17,1375;13,2;73,166667;53;9,4;2,895833;
2013-05-27;9;966,541667;15,891667;23,2;19,320833;15,1;80,875;68;5,6;2,45;
2013-05-28;5,8;961,233333;17,391667;21;19,375;18,6;88,458333;84;8,8;3,975;
2013-05-29;1,2;960,325;17,4875;25,1;20,333333;17,8;83,833333;75;17,6;3,791667;
2013-05-30;3,8;970,108333;8,5875;18,2;14,1875;9,5;70,875;45;7,8;2,125;
2013-05-31;0;969,15;9,675;23,7;14,608333;7,8;72,916667;60;7,7;3,254167;
2013-06-01;8,8;966,666667;16,504167;19,8;18,741667;10,6;86,958333;75;9,3;2,6875;
2013-06-02;23,2;968,2125;17,120833;21,6;18,841667;15,7;89,916667;79;9,6;1,229167;
2013-06-03;,2;972,645833;13,641667;21,3;16,054167;10,5;86;74;5,7;1,670833;
2013-06-04;,2;973,104167;13,033333;22,7;16,204167;10,9;81,875;69;6,4;2,270833;
2013-06-05;,2;971,695833;13,666667;21,4;16,3625;13;84,5;69;5,9;2,470833;
2013-06-06;0;972,116667;13,541667;23,3;17,683333;12,8;77,333333;62;5,8;2,725;
2013-06-07;0;972,841667;13,920833;24;17,9375;13,6;78,083333;60;6,3;2,333333;
2013-06-08;0;975,029167;13,366667;22,7;17,466667;13,3;77,416667;63;6,3;2,570833;
2013-06-09;0;972,333333;14,475;25,1;18,879167;14,7;76,041667;61;8,7;3,1375;
2013-06-10;0;971,716667;16;21,5;19,1875;16,3;81,833333;72;6,7;1,9625;
2013-06-11;,2;972,220833;15,608333;24,1;18,5125;13,1;83,708333;65;5;1,654167;
2013-06-12;,2;973,229167;14,029167;23,4;18,066667;13,4;78,333333;56;6,5;2,3375;
2013-06-13;0;972,6875;10,495833;23,4;16,391667;11,1;69,541667;45;6,1;2,295833;
2013-06-14;0;971,020833;11,066667;21,4;16,233333;12,2;72,083333;55;9,4;3,291667;
2013-06-15;4,6;969,391667;12,883333;18,3;15,904167;13,8;82,25;71;9,3;3,795833;
2013-06-16;3;967,345833;14,654167;17,3;16,4125;15,3;89,333333;87;8,1;2,758333;
2013-06-17;5,2;969,5125;15,104167;20,8;16,783333;13,3;90;80;3,6;,816667;
2013-06-18;0;968,866667;15,620833;21;17,704167;14,6;87,625;81;6,8;2,716667;
2013-06-19;41,8;967,258333;17,620833;21,3;19,2375;15,9;90,458333;87;13,4;3,154167;
2013-06-20;38,8;967,275;17,0375;20,2;18,225;17,9;92,666667;90;8,9;2,9625;
2013-06-21;35,8;965,683333;12,395833;16,9;13,320833;13,6;94;94;11,5;4,6;
2013-06-22;2,8;970,058333;8,816667;13,9;10,891667;9;87,25;73;8,1;2,175;
2013-06-23;,2;971,341667;10,0375;17;12,258333;7,9;86,5;76;8,9;3,175;
2013-06-24;55,4;969,304167;16,008333;17,4;17,020833;10,4;93,541667;92;9,3;2,983333;
2013-06-25;27;969,613636;14,745455;17,4;15,581818;14,8;94,863636;94;7,2;1,531818;
2013-06-26;14,6;970,191667;13,954167;16;14,779167;14;94,75;94;4,2;1,2375;
2013-06-27;,4;970,9375;15,1625;20,7;16,425;13,4;92,291667;85;5,9;1,495833;
2013-06-28;,2;967,116667;16,916667;22,1;18,6125;15;90,166667;82;7;2,875;
2013-06-29;11,4;964,491667;18,6375;22;20,391667;17,1;89,583333;87;14,2;2,3625;
2013-06-30;2,8;967,5;15,7125;22;17,816667;14,7;87,583333;82;6,8;2,170833;
2013-07-01;0;971,533333;12,075;20,2;15,3625;11,3;81,458333;61;7,7;1,808333;
2013-07-02;0;973,183333;10,0875;20,4;14,15;10;77,333333;57;10,3;3,6375;
2013-07-03;0;971,604167;12,433333;24,3;16,795833;11,5;76,166667;62;9,2;4,066667;
2013-07-04;0;972,004167;16,095833;26,6;21,495833;13,4;72;57;12,1;4,345833;
2013-07-05;0;972,533333;15,408333;26,6;21,170833;16,8;70,333333;54;8;3,591667;
2013-07-06;0;970,445833;16,433333;26;21,0125;17,2;75,458333;62;6,9;2,458333;
2013-07-07;0;970,245833;16,85;26,1;20,954167;17;77,875;66;6,4;2,4;
2013-07-08;19,2;973,620833;17,945833;22;20,1125;18,2;87,416667;78;11,2;1,033333;
2013-07-09;,2;974,7375;16,8;23,4;19,5875;16,8;84,416667;73;9,1;2,8375;
2013-07-10;0;974,325;15,220833;24,7;19,320833;15,2;77,625;64;8,7;3,541667;
2013-07-11;0;972,895833;14,3375;25,4;19,658333;15,7;72,708333;47;7,7;3;
2013-07-12;0;972,533333;13,791667;25,4;19,066667;14,7;71,958333;58;6,1;2,691667;
2013-07-13;0;971,325;14,175;24,5;19,2125;15,3;73,166667;58;6,7;2,695833;
2013-07-14;0;970,845833;15,395833;22,5;19,279167;16,6;78,333333;69;6,6;1,9;
2013-07-15;,2;971,629167;13,7625;21,5;17,629167;15,5;78,791667;57;7,5;1,470833;
2013-07-16;0;973,208333;7,716667;20,5;13,7625;8;67,916667;49;6,4;1,754167;
2013-07-17;0;970,675;9,345833;24;15,1375;9,3;69,583333;50;6,8;2,75;
2013-07-18;0;965,65;13,5375;23,6;18,279167;11,8;73,958333;61;6,5;2,5375;
2013-07-19;1,6;965,5125;15,6375;20,2;18,075;16,5;85,791667;79;7,2;2,483333;
2013-07-20;0;962,920833;11,979167;15,6;13,091667;12,2;93;90;7,6;1,779167;
2013-07-21;13,2;965,920833;9,729167;13,4;11,216667;10,6;90,625;82;8,6;2,854167;
2013-07-22;0;974,270833;2,708333;8,3;5,9625;4,8;79,708333;72;10,5;2,7625;
2013-07-23;0;978,608333;1,0125;9,6;5,104167;,3;75,958333;55;6,8;1,745833;
2013-07-24;0;979,183333;,633333;13,2;6,1;-,1;68,791667;52;7,5;1,833333;
2013-07-25;0;979,6375;1,229167;16,1;7,8875;,9;65,166667;41;7,4;1,508333;
2013-07-26;0;979,55;5,325;19,6;12;4,5;64,833333;46;9,3;3,433333;
2013-07-27;0;976,145833;8,254167;21,8;14,429167;9,1;67,458333;50;9,7;3,05;
2013-07-28;0;973,9375;9,6;25,1;16,525;10,8;65,125;44;6,8;2,054167;
2013-07-29;0;974,304167;11,241667;27,6;19,15;13,3;61,833333;42;6,4;2,029167;
2013-07-30;0;973,7375;13,108333;26,9;19,675;13,8;66,916667;48;5,7;2,4375;
2013-07-31;0;970,725;11,2375;28,3;19,8;12,8;59,958333;34;6,8;2,775;
2013-08-01;0;968,841667;11,208333;29,1;21,820833;15,6;52,416667;34;8,2;3,216667;
2013-08-02;0;967,983333;13,35;29;22,754167;18,6;56,416667;39;25,2;3,554167;
2013-08-03;3,4;968,066667;15,904167;23,1;18,745833;15,8;83,666667;75;7,1;1,670833;
2013-08-04;3,4;969,395833;14,195833;21,5;18,516667;16,2;77,333333;49;11,7;2,279167;
2013-08-05;0;969,75;11,566667;28;17,916667;10,4;67,291667;53;8,4;3,054167;
2013-08-06;0;970,220833;16,379167;22,8;21,1625;13,6;74,291667;68;11,4;4,129167;
2013-08-07;0;966,195833;13,925;28,7;22,075;17,1;62,375;38;10,4;4,325;
2013-08-08;0;962,654167;12,304167;29,2;24,216667;19,1;48,25;34;12,3;3,425;
2013-08-09;0;965,870833;13,420833;25,5;18,795833;19;73,041667;42;12,8;2,216667;
2013-08-10;25,4;972,170833;7,458333;13,4;8,9375;7,4;90,416667;87;9,2;3,575;
2013-08-11;,4;972,370833;6,454167;15,1;9,579167;5,6;81,291667;67;6,6;1,829167;
2013-08-12;0;967,554167;8,045833;20,8;12,958333;6,8;73,625;53;7,3;2,483333;
2013-08-13;0;967,670833;9,933333;19,9;15,525;10,6;69,666667;62;14,4;3,425;
2013-08-14;1,6;978,716667;5,145833;11,9;9,454167;7,9;75,375;55;11,3;3,433333;
2013-08-15;0;978,054167;2,945833;17,3;9,016667;1,7;67,291667;48;9;2,7;
2013-08-16;0;975,445833;6,279167;19,8;13,320833;6,7;63,916667;43;9,5;3,1875;
2013-08-17;0;975,270833;6,979167;21,1;14,383333;8,3;62,083333;45;10,3;3,25;
2013-08-18;0;974,570833;9,391667;22,8;16,725;12,2;62,958333;46;11,1;4,633333;
2013-08-19;0;972,904167;10,566667;25,5;18,241667;12,8;62;44;11,2;4,454167;
2013-08-20;0;972,070833;12,004167;27;19,8625;14,7;61,958333;40;10,6;4,141667;
2013-08-21;0;968,825;11,55;29,1;21,7;15,9;54,125;33;10,3;3,366667;
2013-08-22;0;964,920833;11,575;29,7;22,8125;16,9;50,041667;33;11,3;3,004167;
2013-08-23;,2;965,575;14,516667;24;20,145833;17,9;71,25;46;6,9;1,558333;
2013-08-24;1,4;970,379167;11,8;19,3;13,625;11,4;88,916667;80;8,6;2,225;
2013-08-25;0;972,154167;8,770833;12,6;10,095833;9,3;91,583333;87;6,8;2,366667;
2013-08-26;18,8;972,220833;8,029167;10,6;9,008333;8,8;93,583333;93;9,6;3,141667;
2013-08-27;1,2;977,654167;4,316667;10,9;6,904167;4,7;84,166667;67;8,7;2,441667;
2013-08-28;0;978,595833;2,725;17,7;8,4625;,6;69,166667;47;7,5;1,895833;
2013-08-29;0;975,845833;6,170833;23,3;14,041667;5,7;62,208333;33;5,7;2,095833;
2013-08-30;0;971,591667;8,025;28,5;18,6;11,1;52,166667;32;8,2;2,916667;
2013-08-31;0;968,108333;10,583333;29,8;22,416667;15,2;47,833333;31;8,1;3,579167;
2013-09-01;0;966,325;12,520833;25,8;21,554167;18,6;56,75;45;8,2;3,595833;
2013-09-02;1,2;965,875;13,941667;20,6;17,891667;17,7;78,25;63;19;4,470833;
2013-09-03;25,8;967,025;15,375;23,8;18,770833;15,1;81,458333;64;7,9;2,204167;
2013-09-04;0;972,229167;12,704167;24,4;18,816667;13,9;69,625;42;9,1;2,35;
2013-09-05;0;972,883333;13,766667;26,5;19,979167;15,6;68,208333;52;7,6;3,2375;
2013-09-06;0;972,3625;14,0875;27,4;20,745833;15,1;66,75;47;11;4,2;
2013-09-07;0;969,583333;14,045833;29,8;22,75;17;59,833333;39;10,2;3,858333;
2013-09-08;0;971,245833;13,770833;26,9;21,1125;18,8;63,583333;47;18,5;4,083333;
2013-09-09;1,6;972,666667;15,0125;31,6;22,1875;15,2;66,583333;40;6,9;2,1625;
2013-09-10;0;972,033333;13,9;32,4;25,020833;19,6;52,875;29;9,6;3,0125;
2013-09-11;0;969,366667;11,645833;33;24,654167;17,9;45,833333;26;9,1;3,379167;
2013-09-12;0;966,4625;11,270833;32,9;25,2625;17,9;43,916667;24;10,5;3,129167;
2013-09-13;0;967,029167;10,729167;33,1;25,891667;19,2;40,583333;22;10;2,7625;
2013-09-14;0;967,125;10,879167;33,5;25,816667;19,1;40,625;22;8,3;2,7;
2013-09-15;0;966,170833;13,183333;26;21,720833;18,3;59,458333;39;6;1,670833;
2013-09-16;17,2;963,741667;15,383333;20,6;17,183333;18,1;89,166667;78;10,2;2,329167;
2013-09-17;26,8;968,229167;9,929167;14,5;12,0875;10,3;86,916667;75;11,3;4,079167;
2013-09-18;0;973,966667;4,6875;17,9;11,058333;4,7;67,416667;38;8,4;2,779167;
2013-09-19;0;973,2875;7,845833;23,4;15,1;7,2;63,125;43;7;1,320833;
2013-09-20;,2;965,15;17,091667;33,1;22,5375;13,2;72,875;43;22,6;3,654167;
2013-09-21;7,8;960,275;18,325;27,4;23,066667;19;75,375;57;9;3,345833;
2013-09-22;70,2;964,529167;15,879167;21,2;17,425;16,3;90,875;70;15,4;3,716667;
2013-09-23;29;972,316667;13,429167;17,1;14,983333;14,4;90,5;79;8,3;2,933333;
2013-09-24;1,2;975,929167;4,379167;16,9;11,983333;8,1;62,75;31;11,3;4,683333;
2013-09-25;0;974,658333;5,133333;21,3;12,6875;4,8;63;35;10;2,3875;
2013-09-26;0;971,854167;6,641667;24,1;16,404167;8,7;55,833333;28;9,2;3,7125;
2013-09-27;0;969,154167;7,5125;23,8;18,025;13,5;51,333333;36;11,9;4,4625;
2013-09-28;3,6;967,7125;11,4;19,9;16,416667;14;74,083333;43;12;4,870833;
2013-09-29;8;967,9125;14,641667;24;18,05;13;81,208333;56;7,6;1,970833;
2013-09-30;2,2;965,920833;16,8625;23,4;19,370833;17,2;85,708333;71;7,5;2,6875;
2013-10-01;7,8;967,341667;14,766667;24,2;18,441667;14,6;80,25;51;4,6;,833333;
2013-10-02;,8;967,225;14,845833;28,4;21,025;15,3;70,375;39;6,4;,754167;
2013-10-03;,8;966,525;18,404167;26,7;20,795833;18,9;86,541667;64;7,7;,683333;
2013-10-04;14;968,345833;14,616667;25,6;20,6875;18,3;71,791667;35;10,5;2,495833;
2013-10-05;0;970,554167;8,095833;24,6;17,095833;9;58,208333;31;7,1;2,158333;
2013-10-06;0;971,345833;8,795833;26,3;18,695833;10,8;55,375;30;8,9;2,4;
2013-10-07;0;973,245833;9,8125;27,4;20,254167;14,9;52,666667;29;13;4,433333;
2013-10-08;0;973,5875;6,841667;25,5;19,041667;13;46,708333;22;14,1;4,9125;
2013-10-09;0;970,529167;11,170833;29;21,0375;14,9;54,916667;34;11,9;4,495833;
2013-10-10;0;970,091667;12,825;24,7;20,991667;17,3;59,916667;50;10,6;3,929167;
2013-10-11;0;969,479167;14,454167;25,4;21,141667;18,4;66,291667;50;8,7;3,4375;
2013-10-12;1,6;968,5;16,604167;23,7;20,545833;18,9;78,333333;61;7,9;2,516667;

