Nome: RESENDE
Codigo Estacao: A609
Latitude: -22.45138888
Longitude: -44.44499999
Altitude: 438.83
Situacao: Operante
Data Inicial: 2013-01-01
Data Final: 2013-06-11
Periodicidade da Medicao: Diaria

Data Medicao;PRECIPITACAO TOTAL, DIARIO (AUT)(mm);PRESSAO ATMOSFERICA MEDIA DIARIA (AUT)(mB);TEMPERATURA DO PONTO DE ORVALHO MEDIA DIARIA (AUT)(°C);TEMPERATURA MAXIMA, DIARIA (AUT)(°C);TEMPERATURA MEDIA, DIARIA (AUT)(°C);TEMPERATURA MINIMA, DIARIA (AUT)(°C);UMIDADE RELATIVA DO AR, MEDIA DIARIA (AUT)(%);UMIDADE RELATIVA DO AR, MINIMA DIARIA (AUT)(%);VENTO, RAJADA MAXIMA DIARIA (AUT)(m/s);VENTO, VELOCIDADE MEDIA DIARIA (AUT)(m/s);
2013-01-01;null;null;null;null;null;null;null;null;null;null;
2013-01-02;null;null;null;null;null;null;null;null;null;null;
2013-01-03;null;null;null;null;null;null;null;null;null;null;
2013-01-04;null;null;null;null;null;null;null;null;null;null;
2013-01-05;null;null;null;null;null;null;null;null;null;null;
2013-01-06;null;null;null;null;null;null;null;null;null;null;
2013-01-07;null;null;null;null;null;null;null;null;null;null;
2013-01-08;null;null;null;null;null;null;null;null;null;null;
2013-01-09;null;null;null;null;null;null;null;null;null;null;
2013-01-10;null;null;null;null;null;null;null;null;null;null;
2013-01-11;null;null;null;null;null;null;null;null;null;null;
2013-01-12;null;null;null;null;null;null;null;null;null;null;
2013-01-13;null;null;null;null;null;null;null;null;null;null;
2013-01-14;null;null;null;null;null;null;null;null;null;null;
2013-01-15;null;null;null;null;null;null;null;null;null;null;
2013-01-16;null;null;null;null;null;null;null;null;null;null;
2013-01-17;null;null;null;null;null;null;null;null;null;null;
2013-01-18;null;null;null;null;null;null;null;null;null;null;
2013-01-19;null;null;null;null;null;null;null;null;null;null;
2013-01-20;null;null;null;null;null;null;null;null;null;null;
2013-01-21;null;null;null;null;null;null;null;null;null;null;
2013-01-22;null;null;null;null;null;null;null;null;null;null;
2013-01-23;null;null;null;null;null;null;null;null;null;null;
2013-01-24;null;null;null;null;null;null;null;null;null;null;
2013-01-25;null;null;null;null;null;null;null;null;null;null;
2013-01-26;null;null;null;null;null;null;null;null;null;null;
2013-01-27;null;null;null;null;null;null;null;null;null;null;
2013-01-28;null;null;null;null;null;null;null;null;null;null;
2013-01-29;null;null;null;null;null;null;null;null;null;null;
2013-01-30;null;null;null;null;null;null;null;null;null;null;
2013-01-31;null;null;null;null;null;null;null;null;null;null;
2013-02-01;null;null;null;null;null;null;null;null;null;null;
2013-02-02;null;null;null;null;null;null;null;null;null;null;
2013-02-03;null;null;null;null;null;null;null;null;null;null;
2013-02-04;null;null;null;null;null;null;null;null;null;null;
2013-02-05;null;null;null;null;null;null;null;null;null;null;
2013-02-06;null;null;null;null;null;null;null;null;null;null;
2013-02-07;null;null;null;null;null;null;null;null;null;null;
2013-02-08;null;null;null;null;null;null;null;null;null;null;
2013-02-09;null;null;null;null;null;null;null;null;null;null;
2013-02-10;null;null;null;null;null;null;null;null;null;null;
2013-02-11;null;null;null;null;null;null;null;null;null;null;
2013-02-12;null;null;null;null;null;null;null;null;null;null;
2013-02-13;null;null;null;null;null;null;null;null;null;null;
2013-02-14;null;null;null;null;null;null;null;null;null;null;
2013-02-15;null;null;null;null;null;null;null;null;null;null;
2013-02-16;null;null;null;null;null;null;null;null;null;null;
2013-02-17;null;null;null;null;null;null;null;null;null;null;
2013-02-18;null;null;null;null;null;null;null;null;null;null;
2013-02-19;null;null;null;null;null;null;null;null;null;null;
2013-02-20;null;null;null;null;null;null;null;null;null;null;
2013-02-21;null;null;null;null;null;null;null;null;null;null;
2013-02-22;null;null;null;null;null;null;null;null;null;null;
2013-02-23;null;null;null;null;null;null;null;null;null;null;
2013-02-24;null;null;null;null;null;null;null;null;null;null;
2013-02-25;null;null;null;null;null;null;null;null;null;null;
2013-02-26;null;null;null;null;null;null;null;null;null;null;
2013-02-27;null;null;null;null;null;null;null;null;null;null;
2013-02-28;null;null;null;25,2;null;null;null;70;8,3;null;
2013-03-01;7,2;965,816667;18,704167;21,4;20,391667;18,9;90,125;80;6,2;1,6125;
2013-03-02;17,2;966,370833;19,129167;24,4;21,35;19,7;87,5;71;6,4;1,725;
2013-03-03;23;965,325;19,795833;32;24,408333;20,5;77,75;45;8,3;1,654167;
2013-03-04;5,6;963,283333;19,559091;34;24,9375;19,2;73,181818;39;17;2,070833;
2013-03-05;50;961,758333;null;34,1;24,029167;19;60,416667;42;17,9;1,541667;
2013-03-06;1,4;962,2875;19,779167;33,2;24,908333;20,2;75;46;11;1,7125;
2013-03-07;4;964,816667;20,25;31,3;24,225;20,4;79,666667;52;13,1;1,8625;
2013-03-08;0;965,529167;20,6375;31,4;25,275;21,3;76,791667;53;8;1,579167;
2013-03-09;0;963,308333;21,170833;32,9;25,2375;22,2;79,083333;52;9,8;1,616667;
2013-03-10;2;960,279167;20,070833;33,4;25,866667;21,4;73,708333;37;7,3;1,604167;
2013-03-11;,6;959,154167;20,004167;31,2;25,066667;21,1;74,708333;49;17,7;1,766667;
2013-03-12;3,6;959,425;20,8875;32,6;25,729167;21,7;76,75;45;6;1,533333;
2013-03-13;28,4;959,4;20,7125;33,5;23,683333;20,4;85;45;21,7;1,945833;
2013-03-14;2,4;963,629167;20,029167;29,8;23,283333;21,1;82,875;55;10,8;2,4;
2013-03-15;0;966,220833;17,9375;28,4;23,633333;20,7;71,083333;53;8,6;2,645833;
2013-03-16;,2;964,816667;20,05;31,5;24,2375;21,4;79;49;11,9;2,220833;
2013-03-17;40,4;964,191667;20,008333;28,6;23,2875;20,1;82,875;60;13,3;2,820833;
2013-03-18;9,6;966,8375;17,766667;23,8;20,841667;20,4;82,875;67;8,9;3,016667;
2013-03-19;5;967,8625;16,029167;21,6;19,0625;17,6;82,875;66;7,7;1,904167;
2013-03-20;3,8;965,683333;16,495833;25,1;20,308333;16,4;79,708333;60;8,6;2,554167;
2013-03-21;,4;963,55;19,016667;22,4;20,9125;19,6;89,083333;79;6,8;1,420833;
2013-03-22;1,8;963,4375;18,995833;31,4;23,204167;19,4;79,833333;43;12,2;1,408333;
2013-03-23;,8;964,320833;19,066667;30,3;23,7125;19,7;77,166667;46;7,6;1,804167;
2013-03-24;1;962,779167;19,108333;28,5;23,670833;20,5;76,916667;52;9,2;2,025;
2013-03-25;1,2;962,141667;19,7875;30,2;23,641667;20,5;80,166667;53;11;1,716667;
2013-03-26;4,4;963,7375;19,6125;26,8;22,570833;20,8;83,791667;65;6,2;1,354167;
2013-03-27;9,8;962,147368;18,573684;23,3;null;19,5;89,157895;72;9,1;2,257895;
2013-03-28;10,6;null;null;29,2;null;19,4;null;40;9,7;null;
2013-03-29;,2;967,425;15,8125;26,6;20,9625;15,4;74,041667;51;9,1;1,9625;
2013-03-30;,2;969,741667;17,0875;26,1;20,75;18,7;80,083333;56;7,6;1,9875;
2013-03-31;,8;968,666667;18,4;28,3;22,366667;19,2;79,166667;59;5,7;1,608333;
2013-04-01;2,8;967,229167;19,529167;29,5;23,575;20,6;79,083333;55;4,8;1,204167;
2013-04-02;0;965,804167;19,116667;28,5;22,929167;21;79,791667;60;8,3;1,879167;
2013-04-03;6;965,529167;18,516667;23,3;20,483333;17,9;88,833333;74;4,9;1,258333;
2013-04-04;7,6;963,366667;20,129167;28,4;23,15;20,4;83,875;63;5,2;1,4375;
2013-04-05;,6;960,595833;20,491667;24,1;22,116667;21,3;90,625;83;4;1,1;
2013-04-06;12,4;961,633333;19,958333;30,6;23,6;19,7;81,75;51;9,7;1,591667;
2013-04-07;0;963,6625;19,508333;30,5;23,695833;20,1;78,666667;49;7,5;1,6125;
2013-04-08;19;964,895833;19,141667;27;21,833333;20;85,458333;53;13,3;1,783333;
2013-04-09;14;965,254167;17,479167;25,5;21,329167;18,3;79,375;61;30,7;1,904167;
2013-04-10;,4;966,179167;17,833333;23,2;20,570833;19,1;84,583333;73;8,5;2,054167;
2013-04-11;4;966,333333;18,65;26,8;21,641667;18,8;83,916667;59;8;2,120833;
2013-04-12;,8;963,5125;19,241667;30,4;23,708333;19,3;77,541667;50;7,2;1,1375;
2013-04-13;0;959,5875;20,520833;27,1;23,254167;21;85,041667;70;9;1,570833;
2013-04-14;,2;963,2125;17,383333;24,4;20,833333;20,2;80,833333;67;14,5;3,820833;
2013-04-15;,6;965,1;15,4625;24,9;20,191667;17,4;75,125;55;4,5;1,379167;
2013-04-16;0;962,395833;14,691667;27,7;21,008333;17,1;71;33;8,2;2,079167;
2013-04-17;0;965,141667;13,4375;25,5;20,004167;16,4;68,25;36;8,6;1,654167;
2013-04-18;0;966,366667;13,65;25,8;19,579167;13,8;71,125;41;7,7;1,845833;
2013-04-19;0;967,041667;15,270833;27,1;20,954167;17,8;71,541667;46;9,5;1,904167;
2013-04-20;0;967,9625;14,170833;26,4;20,954167;17,6;67,125;37;8,7;1,829167;
2013-04-21;0;968,9375;13,866667;26,3;19,608333;14,8;71,666667;44;7,4;1,733333;
2013-04-22;0;971,070833;13,908333;25,1;18,720833;14,2;75,041667;46;5,7;1,604167;
2013-04-23;0;971,579167;13,3375;25,7;18,204167;12,4;75,416667;43;7;1,870833;
2013-04-24;0;970,533333;14,266667;25,1;19,766667;15;72,333333;46;6,6;1,675;
2013-04-25;0;969,891667;14,066667;25,1;19,8875;15,3;71,083333;42;5,6;1,391667;
2013-04-26;0;968,420833;14,616667;26,3;19,8625;16,3;73,791667;43;4,9;1,266667;
2013-04-27;0;967,125;14,095833;27,5;19,533333;13;74,041667;38;5,2;1,441667;
2013-04-28;0;967,45;14,425;26,5;20,854167;15,2;68,833333;45;6;1,675;
2013-04-29;0;966,3625;15,608333;23,8;19,783333;17;77,708333;58;5,6;1,6125;
2013-04-30;,2;965,541667;15,595833;29,7;20,15;14,4;78,25;42;4,7;1,108333;
2013-05-01;,2;966,808333;16,141667;29,6;21,183333;15,1;75,833333;41;8,6;1,375;
2013-05-02;0;967,079167;16,258333;28,6;22,366667;17,8;70,458333;44;5,8;1,666667;
2013-05-03;0;965,191667;17,25;27,5;21,391667;19,2;78,375;52;5,3;1,279167;
2013-05-04;0;963,704167;14,85;32,4;21,316667;14,6;71,625;27;5,7;1,279167;
2013-05-05;0;963,045833;15,733333;30;21,791667;15,8;71,583333;35;4,6;1,1875;
2013-05-06;,6;964,045833;15,4375;22;18,1875;17,4;84,208333;72;16,3;2,5875;
2013-05-07;1;965,516667;13,879167;26,7;18,791667;13,7;75,375;41;4,7;1,254167;
2013-05-08;,2;968,154167;11,5875;23,2;16,5875;11,6;74,625;43;6,1;1,670833;
2013-05-09;0;970,0375;11,325;25,3;17,6;10,6;70;36;8;1,420833;
2013-05-10;0;970,591667;12,945833;25,6;19,291667;15;69,125;40;6,9;1,858333;
2013-05-11;0;970,195833;13,554167;25,9;18,520833;13,8;75,333333;43;5;1,395833;
2013-05-12;,2;968,245833;13,020833;27,4;18,341667;11,4;74,416667;39;4,4;1,225;
2013-05-13;0;967,941667;13,079167;27,5;18,1625;12,1;75,666667;34;4,4;1,095833;
2013-05-14;0;967,066667;14,858333;30,3;20,1;13;74,625;41;5;1,016667;
2013-05-15;0;965,954167;15,8375;30,2;21,208333;14,5;74,041667;41;3,8;1,291667;
2013-05-16;0;965,508333;15,916667;29,8;21,254167;14,9;74,25;38;5,9;1,279167;
2013-05-17;2,4;969,504167;17,554167;22,8;20,266667;19,5;84,583333;73;8,3;2,008333;
2013-05-18;1,4;971,7875;15,666667;23,4;19,0875;17;80,958333;60;6,7;2,108333;
2013-05-19;0;970,695833;15,591667;22,7;19,066667;17;80,75;64;5,5;1,716667;
2013-05-20;0;965,883333;16,75;28,1;21,2;18,2;76,958333;51;4,2;1,25;
2013-05-21;0;962,916667;16,495833;28,5;21,5625;16,9;76;42;11,4;2,283333;
2013-05-22;0;963,8625;16,604167;25,5;20,629167;18,8;78,458333;54;15;1,566667;
2013-05-23;13;964,516667;15,258333;23,9;19,420833;16,7;78,333333;49;8;1,679167;
2013-05-24;1,6;966,329167;15,383333;19,3;17,408333;16,5;88,166667;75;5,5;1,379167;
2013-05-25;5,8;968,1375;14,075;23,6;18,104167;15,6;78,875;48;5,3;1,591667;
2013-05-26;0;969,266667;13,533333;24,5;18,379167;14;75,458333;45;8,4;2,070833;
2013-05-27;0;966,366667;13,904167;24,5;17,141667;12,2;82,416667;56;12,4;1,641667;
2013-05-28;5;962,508333;14,9;24,2;17,125;13,6;87,958333;51;14,2;1,445833;
2013-05-29;12;961,4125;16,645833;22,5;18,75;14,8;88;65;5;1,15;
2013-05-30;,2;963,1875;16,279167;24,4;19,816667;16,9;81,333333;57;5,2;1,291667;
2013-05-31;0;968,283333;15,95;22,9;19,429167;17,5;80,75;62;7,1;2,554167;
2013-06-01;0;967,383333;16,1625;26,5;20,116667;17,2;79,083333;55;6,1;1,35;
2013-06-02;0;965,4375;16,1375;26,6;19,3375;15,9;82,958333;58;17,5;1,829167;
2013-06-03;1,2;966,916667;16,254167;19,4;18,091667;17,2;89,083333;77;10,5;1,779167;
2013-06-04;,6;969,916667;14,55;22,6;18,2375;15,9;80,083333;47;20;1,8;
2013-06-05;0;969,191667;14,383333;24,7;18,2125;14,4;79,625;52;4,3;1,175;
2013-06-06;,2;968,395833;13,466667;26,6;17,5125;11,5;79,833333;41;3,5;,9875;
2013-06-07;,2;969,270833;14,670833;27,5;19,070833;13,2;78,375;41;4,5;1,433333;
2013-06-08;0;971,425;16,1625;26,4;20,929167;15,7;75,75;45;5,8;1,479167;
2013-06-09;0;971,05;15,958333;25,2;20,470833;17,3;76,625;52;6,5;1,845833;
2013-06-10;0;969,645833;14,908333;26;19,495833;15,3;77,208333;40;3,4;1,266667;
2013-06-11;,2;969,354167;14,804167;27;18,991667;13,9;79,125;44;3,5;,920833;

