Nome: CABACEIRAS
Codigo Estacao: A348
Latitude: -7.483206
Longitude: -36.286469
Altitude: 391.96
Situacao: Operante
Data Inicial: 2013-01-01
Data Final: 2013-10-12
Periodicidade da Medicao: Diaria

Data Medicao;PRECIPITACAO TOTAL, DIARIO (AUT)(mm);PRESSAO ATMOSFERICA MEDIA DIARIA (AUT)(mB);TEMPERATURA DO PONTO DE ORVALHO MEDIA DIARIA (AUT)(°C);TEMPERATURA MAXIMA, DIARIA (AUT)(°C);TEMPERATURA MEDIA, DIARIA (AUT)(°C);TEMPERATURA MINIMA, DIARIA (AUT)(°C);UMIDADE RELATIVA DO AR, MEDIA DIARIA (AUT)(%);UMIDADE RELATIVA DO AR, MINIMA DIARIA (AUT)(%);VENTO, RAJADA MAXIMA DIARIA (AUT)(m/s);VENTO, VELOCIDADE MEDIA DIARIA (AUT)(m/s);
2013-01-01;0;null;null;34,1;null;24,4;null;33;11,3;null;
2013-01-02;0;null;null;32,5;null;24,4;53,083333;41;11,3;null;
2013-01-03;0;null;null;33,7;null;24,9;null;32;17,2;null;
2013-01-04;0;null;null;32,9;null;24,2;null;36;12,4;null;
2013-01-05;0;null;null;33,3;null;24,3;null;34;12;null;
2013-01-06;0;null;null;32;null;24,3;null;38;10,3;null;
2013-01-07;0;null;null;34,5;null;25,1;null;31;10,6;null;
2013-01-08;0;null;null;33,1;null;24,5;null;33;9,4;null;
2013-01-09;0;null;null;32,7;null;27,7;null;38;9,8;null;
2013-01-10;0;null;null;34,2;null;22,9;null;28;11,1;null;
2013-01-11;0;null;null;34,4;null;23,3;null;28;11;null;
2013-01-12;0;null;null;32,9;null;27,1;null;33;15;null;
2013-01-13;0;null;null;29,5;null;30,2;null;58;10,2;null;
2013-01-14;0;null;null;33;null;26,4;null;33;12,8;null;
2013-01-15;0;null;null;31,4;null;26,3;null;43;7,6;null;
2013-01-16;0;null;null;32,3;null;27,4;null;41;9,4;null;
2013-01-17;0;null;null;null;null;31;null;null;null;null;
2013-01-18;null;null;null;34,1;null;null;null;34;7,8;null;
2013-01-19;0;null;null;null;null;31,4;null;null;null;null;
2013-01-20;0;null;null;35,3;null;null;null;30;7,5;null;
2013-01-21;0;null;null;35,2;null;26,7;null;31;9;null;
2013-01-22;0;null;null;35;null;25,9;null;27;12,9;null;
2013-01-23;0;null;null;34,4;null;26,7;null;27;10,4;null;
2013-01-24;0;null;null;34,5;null;25,5;null;27;10;null;
2013-01-25;0;null;null;28,6;null;25,6;null;50;7,8;null;
2013-01-26;null;null;null;null;null;null;null;null;null;null;
2013-01-27;0;null;null;35,5;null;null;null;23;10,6;null;
2013-01-28;0;null;null;34,9;null;27,6;null;27;10,6;null;
2013-01-29;0;null;null;35,9;null;27,9;null;24;10,3;null;
2013-01-30;0;null;null;34,9;null;24,5;null;26;10,3;null;
2013-01-31;0;null;null;null;null;32,9;null;null;null;null;
2013-02-01;null;null;null;null;null;null;null;null;null;null;
2013-02-02;null;null;null;null;null;null;null;null;null;null;
2013-02-03;null;null;null;null;null;null;null;null;null;null;
2013-02-04;null;null;null;null;null;null;null;null;null;null;
2013-02-05;null;null;null;null;null;null;null;null;null;null;
2013-02-06;null;null;null;null;null;null;null;null;null;null;
2013-02-07;null;null;null;null;null;null;null;null;null;null;
2013-02-08;null;null;null;null;null;null;null;null;null;null;
2013-02-09;null;null;null;null;null;null;null;null;null;null;
2013-02-10;null;null;null;null;null;null;null;null;null;null;
2013-02-11;null;null;null;null;null;null;null;null;null;null;
2013-02-12;null;null;null;null;null;null;null;null;null;null;
2013-02-13;null;null;null;null;null;null;null;null;null;null;
2013-02-14;null;null;null;null;null;null;null;null;null;null;
2013-02-15;null;null;null;null;null;null;null;null;null;null;
2013-02-16;null;null;null;null;null;null;null;null;null;null;
2013-02-17;null;null;null;null;null;null;null;null;null;null;
2013-02-18;null;null;null;32,7;null;null;null;40;13,1;null;
2013-02-19;0;967,054167;18,541667;33,5;26,504167;22,2;64,458333;31;12,7;3,9375;
2013-02-20;,6;966,941667;17,929167;34;26,554167;21,6;62,041667;31;10,4;3,766667;
2013-02-21;0;967,0125;19,191667;31,1;24,995833;22,4;71,625;39;12,8;3,404167;
2013-02-22;3;966,958333;17,766667;34,1;26,2625;20,4;64,541667;31;11,3;3,679167;
2013-02-23;0;967,008333;18,204167;35,3;27,129167;21,7;62,041667;29;11,5;3,645833;
2013-02-24;0;966,9375;18,4375;35,1;27,245833;22,4;62,166667;29;11,4;3,675;
2013-02-25;0;967,079167;17,5875;35,1;27,7625;23,2;57,833333;28;12,2;4,25;
2013-02-26;0;967,475;16,883333;35,3;27,554167;21,6;56,833333;26;12,2;4,116667;
2013-02-27;0;968,291667;17,104167;35,7;27,670833;21,9;57,416667;26;12;3,929167;
2013-02-28;0;967,541667;17,945833;35,7;27,883333;22,3;58,833333;27;11,9;4,191667;
2013-03-01;0;967,008333;17,1625;35,8;27,720833;22;56,75;25;12,5;4,520833;
2013-03-02;0;967,304167;17,2;34,9;27,825;23,6;55,583333;29;15,5;4,841667;
2013-03-03;0;968,3875;17,066667;34,5;27,416667;22,7;56,458333;26;12,4;4,320833;
2013-03-04;0;968,495833;19,658333;34,1;26,7375;22,6;66,416667;39;11,6;3,158333;
2013-03-05;5,4;967,866667;19,129167;34,5;27,804167;23,5;62,875;32;11,6;3,7875;
2013-03-06;0;968,058333;18,554167;35,1;27,508333;21,9;61,875;30;11,9;3,754167;
2013-03-07;0;968,85;17,558333;33,9;27,066667;22,3;59,541667;31;10,5;4,079167;
2013-03-08;0;969,645833;17,6875;33;26,716667;22;61,041667;31;10,7;3,2625;
2013-03-09;0;968,966667;19,154167;33,7;26,520833;22,9;65,916667;33;10,1;3,35;
2013-03-10;,4;968,195833;19,608333;34,9;27,2875;22,4;66,041667;33;12,4;3,233333;
2013-03-11;0;966,566667;18,395833;35,7;28,383333;23,9;59,166667;27;11,4;3,858333;
2013-03-12;0;966,145833;17,9625;35,4;27,695833;22,1;59,958333;28;12,3;3,904167;
2013-03-13;0;966,045833;18,220833;35,7;28,1625;23,3;59,416667;27;11,9;3,579167;
2013-03-14;,2;966,070833;18,083333;35,1;27,870833;22,5;59,458333;29;12,5;3,45;
2013-03-15;,4;966,229167;19,445833;33,8;27,233333;22,5;65,166667;37;12,1;3,570833;
2013-03-16;0;966,8125;18,2875;32,6;27,05;22,5;60,708333;37;10,6;3,35;
2013-03-17;0;966,966667;18,4875;35,1;28,091667;23;59,25;30;11,6;3,183333;
2013-03-18;1,4;966,4375;20,229167;33,2;26,108333;22;71,75;42;12,3;3,329167;
2013-03-19;0;965,7625;19,05;34,9;27,2375;22,8;64,583333;29;12,8;3,008333;
2013-03-20;0;966,766667;19,65;32,6;27,308333;24,2;64,875;41;11,3;3,891667;
2013-03-21;0;967,595833;18,291667;35,1;27,275;21,2;62,416667;30;11,3;3,5;
2013-03-22;0;967,758333;17,879167;35,9;27,775;21,5;59,458333;28;11,7;3,179167;
2013-03-23;,2;966,1875;19,070833;34,8;27,6375;22,6;62,708333;33;12,2;3,154167;
2013-03-24;0;965,304167;17,5375;35,5;28,175;23,3;56,125;28;12;3,725;
2013-03-25;0;966,845833;17,695833;35,5;28,05;23,2;57,083333;27;11,2;3,291667;
2013-03-26;0;968,291667;18,054167;36,7;28,533333;23,6;56,875;27;13,5;3,55;
2013-03-27;0;967,716667;18,266667;35,4;28,616667;24,7;56,541667;28;12,1;3,3875;
2013-03-28;0;966,985;18,83;36;null;23,8;58,8;30;9,8;2,825;
2013-03-29;0;null;null;35,8;null;24,3;49,625;25;13,1;null;
2013-03-30;0;969,016667;16,820833;35,2;27,966667;22,5;55,75;22;14,4;4,004167;
2013-03-31;0;969,704167;15,220833;35,5;27,4875;20,7;52,958333;20;12,5;3,529167;
2013-04-01;0;969,283333;16,316667;34,8;26,908333;19,1;54,583333;31;12,4;3,183333;
2013-04-02;0;968,7125;18,441667;33,3;26,8;21,9;61,791667;37;10;3,520833;
2013-04-03;0;968,104167;17,804167;34,6;27,9;23,6;57,041667;31;9,9;3,3;
2013-04-04;0;967,820833;17,566667;34,9;27,720833;23,1;57,833333;27;11,6;3,7;
2013-04-05;0;968,3625;17,1875;34,8;27,845833;22,6;56,208333;28;11,1;3,525;
2013-04-06;0;968,508333;18,35;36,2;28,079167;21,4;59,333333;29;11,1;2,895833;
2013-04-07;0;967,825;18,383333;37,8;28,795833;24,4;58,041667;25;11,7;2,1625;
2013-04-08;19,2;967,3;20,033333;34,4;27,654167;21,9;66,75;34;12,6;1,9375;
2013-04-09;0;966,995833;18,133333;35;27,841667;22,5;59,875;27;10,1;3,091667;
2013-04-10;0;967,329167;18,6375;34,7;27,316667;21,4;63,041667;30;12,6;3,595833;
2013-04-11;0;967,941667;19,1125;35,4;27,470833;21,9;63,833333;27;15,7;3,5375;
2013-04-12;0;968,029167;17,541667;34,4;28,1125;22,6;56,541667;28;11,8;3,829167;
2013-04-13;0;967,245833;18,558333;34,2;27,641667;22,2;59,5;33;10,8;3,779167;
2013-04-14;0;966,645833;18,5625;35,7;28,266667;23,2;59,916667;27;12,3;3,183333;
2013-04-15;0;966,975;18,383333;36,6;28,866667;22,8;57,541667;26;11,6;2,683333;
2013-04-16;0;966,804167;17,945833;35,7;28,379167;22,7;57,875;25;11,2;2,7125;
2013-04-17;0;966,829167;17,6625;35,8;28,616667;22,8;56,791667;21;11,8;2,604167;
2013-04-18;0;966,575;19,575;35,2;27,766667;23,4;63,291667;32;11,2;3,4375;
2013-04-19;0;966,2875;20,395833;33,5;26,825;24,5;68,958333;41;10,6;3,1375;
2013-04-20;20,8;967,229167;20,683333;30,5;25,075;21,1;79,041667;46;10,9;2,041667;
2013-04-21;0;967,245833;19,7;32,3;26,395833;22,5;69,625;35;8,9;2,441667;
2013-04-22;0;967,645833;19,5125;32;26,225;22,1;68,208333;42;10;2,558333;
2013-04-23;3,8;968,470833;20,229167;29,6;24,725;21,2;77,666667;53;9,1;2,25;
2013-04-24;,2;968,870833;21,783333;28,6;23,525;22;90,125;62;8,7;1,554167;
2013-04-25;30,4;968,933333;20,658333;30,5;25,158333;21,2;78,083333;52;10,5;2,204167;
2013-04-26;0;968,95;19,908333;32,2;25,895833;22,5;72;41;11,4;3,408333;
2013-04-27;0;968,025;19,225;31,9;25,579167;21,9;69,875;40;10,5;2,675;
2013-04-28;0;967,6375;19,404167;29,3;24,3625;21;75,583333;51;10,8;2,45;
2013-04-29;8,4;968,079167;21,2875;29,3;24,0375;21,8;85,583333;60;9;2,283333;
2013-04-30;,8;968,645833;20,954167;29,5;24,158333;21,2;83,375;60;14,5;2,158333;
2013-05-01;2,4;968,791667;20,975;29,8;24,3875;21,4;82,5;52;8,9;2,020833;
2013-05-02;1,2;968,525;19,504167;30,5;25,020833;20,2;73,916667;47;10;2,454167;
2013-05-03;0;968,545833;18,954167;30,7;24,470833;18,9;73,5;46;11,1;2,216667;
2013-05-04;0;967,795833;18,275;31,8;25,291667;19,5;68,708333;38;9,8;2,5875;
2013-05-05;0;968,220833;18,033333;32;26,05;21,5;64;32;9;2,725;
2013-05-06;,4;968,995833;18,875;32,2;26,258333;21,7;65,875;40;7,6;2,120833;
2013-05-07;0;969,558333;19,770833;32,7;26,020833;20,6;71,083333;39;9,6;2,254167;
2013-05-08;0;969,983333;20,133333;31,7;26,591667;23,1;70;44;7,6;2,6;
2013-05-09;0;970,2375;20,408333;31,5;25,625;21,7;74,666667;47;11,6;2,6;
2013-05-10;,6;970,225;19,0625;30,9;25,645833;21,2;68,666667;45;10,3;2,854167;
2013-05-11;0;969,633333;18,7;32,4;25,633333;20,5;68,333333;39;9,5;2,916667;
2013-05-12;0;968,916667;18,154167;32,2;25,125;19,1;68,125;34;9,9;2,670833;
2013-05-13;0;968,6375;18;32,2;25,570833;19,6;65,166667;38;9,7;3,154167;
2013-05-14;0;968,920833;20,054167;28,8;24,075;21,5;78,958333;57;10,3;3,008333;
2013-05-15;10,6;968,404167;19,7375;30,8;24,5125;19,9;77,458333;45;9,5;2,3;
2013-05-16;,4;967,708333;19,716667;30,9;25,591667;21,8;72,583333;45;8,9;2,129167;
2013-05-17;0;968,245833;20,766667;31,1;25,1375;21,7;78,083333;49;10,9;2,404167;
2013-05-18;3,4;969,158333;20,566667;30,2;25,070833;22;77,583333;51;10,9;2,829167;
2013-05-19;0;970,091667;17,158333;31;24,320833;19,3;68,25;31;8,9;1,883333;
2013-05-20;0;968,991667;17,358333;31,2;23,466667;15,5;71,333333;45;8,5;1,95;
2013-05-21;0;967,3875;18,704167;32,4;25,3875;18,5;69,833333;39;9,6;2,266667;
2013-05-22;0;967,541667;18,85;32,5;25,804167;19,8;68,666667;38;9,3;2,279167;
2013-05-23;0;968,175;19,2625;31,4;25,208333;20,3;72,333333;41;8,6;2,166667;
2013-05-24;0;968,225;20,195833;30,7;25,708333;22,9;73,083333;50;9,8;2,795833;
2013-05-25;0;969,65;20,466667;29,5;25,395833;22,6;75,375;55;10,3;2,670833;
2013-05-26;1,8;970,245833;19,658333;30,5;25,370833;21,9;73,208333;43;9,4;2,616667;
2013-05-27;,2;969,420833;19,554167;31,8;25,516667;22,5;71,583333;41;11,4;3,329167;
2013-05-28;0;968,316667;18,225;29,9;24,216667;18,7;71,708333;43;9,9;2,475;
2013-05-29;0;968,295833;18,375;32,2;25,591667;21;68,333333;34;10,7;2,766667;
2013-05-30;0;969,366667;18,695833;30,8;24,658333;19,8;71,666667;45;8,7;2,516667;
2013-05-31;0;969,5625;17,408333;32,3;25,25;20;64,958333;31;9;2,4;
2013-06-01;0;969,208333;16,995833;32,6;24,8875;17;65,916667;33;10,2;2,845833;
2013-06-02;0;969,55;19,216667;27,6;23,45;21;77,916667;60;9,7;2,3875;
2013-06-03;6,2;970,016667;19,516667;31,1;24,979167;20;74,541667;42;10,8;1,870833;
2013-06-04;0;970,054167;19,570833;32,2;25,629167;22,5;71,541667;39;11,7;2,816667;
2013-06-05;0;969,8;20,091667;30,7;25,016667;22;75,291667;47;11,3;2,941667;
2013-06-06;,2;970,170833;18,058333;31,3;24,845833;18,8;70,041667;36;10,6;2,558333;
2013-06-07;0;970,583333;15,8;32,1;24,029167;16,7;65,666667;29;9,8;1,933333;
2013-06-08;,4;970,379167;19,733333;29,5;24,1125;21,1;78,041667;49;11,4;2,670833;
2013-06-09;4;969,9;18,533333;30,2;23,870833;21,2;75,333333;42;10,4;2,816667;
2013-06-10;2,4;969,85;18,7625;30,1;23,108333;18;79,541667;46;10,9;2,2625;
2013-06-11;,6;970,795833;17,8625;30,9;24,958333;20,1;68,541667;35;9,9;2,779167;
2013-06-12;0;970,941667;19,758333;28,8;23,8625;20;78,916667;57;10,3;2,55;
2013-06-13;2,8;970,179167;21,675;27,5;23,2375;21,9;91,25;68;10,2;2,108333;
2013-06-14;8,4;969,104167;20,491667;29,3;23,554167;21;84,583333;49;8,4;2,304167;
2013-06-15;0;969,191667;19,05;31;24,516667;19,4;74,625;42;7,7;1,666667;
2013-06-16;0;969,745833;19,391667;31,5;25,4125;20,5;71,708333;37;9,7;2,5375;
2013-06-17;,2;970,5;19,8875;30,3;24,020833;19,6;79,833333;47;8,7;1,908333;
2013-06-18;,2;969,441667;18,904167;30,9;24,35;19,2;74,291667;43;10,8;2,308333;
2013-06-19;1,2;969,166667;18,204167;30,6;25,004167;21,2;69,166667;36;10,4;3,225;
2013-06-20;,8;969,166667;18,429167;30,5;24,354167;19,4;72,791667;40;8,2;2,316667;
2013-06-21;0;969,1375;19,758333;28,4;23,770833;21,7;78,708333;60;10,8;3,125;
2013-06-22;3,4;969,970833;21,216667;25,4;22,895833;21,7;90,541667;76;10;2,05;
2013-06-23;4,6;970,091667;17,8125;29,4;23,8625;18,3;72,583333;41;8,3;1,904167;
2013-06-24;0;970,1375;16,133333;30,1;22,525;15,2;70,75;40;8,7;1,833333;
2013-06-25;0;969,981818;18,290909;28,9;23,081818;17,7;76,363636;49;9,2;2,340909;
2013-06-26;,2;970,120833;18,154167;29,6;24,345833;20,6;69,958333;48;10,2;2,7875;
2013-06-27;0;970,654167;19,5375;27,8;23,191667;20,4;80,583333;61;8,2;1,7;
2013-06-28;1,4;969,225;19,141667;30,3;23,466667;17,7;78,625;49;8,8;2,233333;
2013-06-29;0;968,7875;18,941667;29,9;24,466667;20,3;73,166667;48;8,1;2,3;
2013-06-30;0;968,8;17,220833;30,5;23,616667;16,6;70,708333;41;10;2,483333;
2013-07-01;0;969,375;15,854167;30,8;23,675;15,7;66,291667;32;11,5;2,395833;
2013-07-02;0;969,4875;18,5625;28,7;24,2875;21,2;71,125;53;8,7;2,395833;
2013-07-03;2,4;971,025;19,920833;25;21,883333;20,4;88,916667;70;7,5;1,733333;
2013-07-04;6,4;971,4125;18,55;28,6;23,2;19,9;76,875;50;12,3;3,1625;
2013-07-05;0;971,095833;17,0125;29,5;22,8125;16,5;72,25;43;9,4;2,404167;
2013-07-06;0;970,066667;17,6;29,3;22,5;16,3;75,875;45;9,3;2,0375;
2013-07-07;,4;970,0625;17,370833;29,4;23,5125;18,1;72,208333;37;10,8;2,495833;
2013-07-08;0;971,041667;17,525;29,1;23,1;15,7;73,25;48;9,4;2,2625;
2013-07-09;0;971,4375;17,720833;29,7;24,4875;21;68,041667;43;8,8;2,716667;
2013-07-10;0;971,066667;15,379167;29,3;23,366667;18,2;62,791667;36;11,7;3,458333;
2013-07-11;0;970,383333;16,754167;26,9;21,108333;15,8;77,416667;54;9,7;2,208333;
2013-07-12;21,6;970,641667;20,058333;29,2;23,1875;19,7;84,833333;51;10,7;1,9;
2013-07-13;8,6;970,783333;20,770833;28,9;23,595833;20,6;85,25;57;11,7;2,358333;
2013-07-14;3;970,658333;19,0875;27,2;23,533333;20,3;78,125;54;9;2,375;
2013-07-15;0;970,725;17,920833;28,9;23,604167;20;72,708333;44;8,5;2,345833;
2013-07-16;0;971,266667;17,704167;29,5;22,445833;16;77,458333;44;8,2;1,725;
2013-07-17;0;971,275;17,933333;28,3;23,795833;20,6;71,208333;49;9,4;2,8875;
2013-07-18;0;970,358333;18,858333;27,7;23,05;20,9;77,75;60;9,4;2,55;
2013-07-19;,8;970,2125;18,95;29,1;23,729167;20,4;76,541667;49;10,7;2,975;
2013-07-20;0;970,35;17,520833;27,3;21,604167;15,4;79,75;52;8,2;1,629167;
2013-07-21;0;969,908333;20,566667;26,3;21,791667;18,4;92,875;70;7,3;1,2625;
2013-07-22;7,6;969,7625;18,683333;29,4;23,9125;20,4;75,5;44;10,2;2,620833;
2013-07-23;2;969,183333;18,175;28,2;23,054167;19,4;76,25;49;8,8;1,9125;
2013-07-24;0;970,229167;18,0375;29,8;23,2875;17,3;74,291667;50;8,7;2,3375;
2013-07-25;0;972,483333;18,795833;30,3;24,4125;20;74,333333;33;9,5;2,175;
2013-07-26;0;973,729167;19,0875;27,4;22,366667;17,9;82,875;59;9,2;1,829167;
2013-07-27;0;972,408333;15,770833;29,2;22,3125;15,6;70,916667;35;10,4;2,229167;
2013-07-28;0;971,5625;15,8875;28,4;21,9625;15,8;71;44;10,1;1,7375;
2013-07-29;0;972,375;17,7125;27,1;22,645833;18,8;74,541667;49;9,8;2,020833;
2013-07-30;,2;973,204167;15,420833;28,8;21,666667;13,4;71,791667;38;8,8;2,054167;
2013-07-31;0;972,783333;15,379167;29,6;23,45;16,1;63,208333;36;10,5;3,008333;
2013-08-01;0;972,35;17,4875;26,7;20,975;15,4;81,541667;53;10,6;2,270833;
2013-08-02;3;971,3;17,479167;29,4;22,8875;19,4;74,416667;41;11,3;2,995833;
2013-08-03;0;971,4125;15,704167;30,1;22,079167;14,6;71,375;33;10,2;2,6125;
2013-08-04;0;971,679167;15,654167;30,4;23,7375;16,9;64,5;33;10,9;3,008333;
2013-08-05;0;971,6;17,208333;29,3;22,158333;14;76;47;10,8;2,466667;
2013-08-06;0;970,625;17,770833;30;24,154167;20,2;69,916667;39;11,4;3,829167;
2013-08-07;0;969,45;15,483333;29,4;23,325;17,8;64,666667;33;12,4;3,079167;
2013-08-08;,4;968,941667;15,345833;28,4;21,633333;14,5;69,541667;44;8,6;1,970833;
2013-08-09;0;969,5625;17,529167;30;23,275;18,1;71,958333;44;13,5;2,775;
2013-08-10;,6;969,579167;18,229167;29,5;23,570833;20,7;73,958333;44;10;3,004167;
2013-08-11;,2;969,329167;16,045833;31;23,2625;15,7;68,041667;33;10;2,308333;
2013-08-12;0;969,3125;16,566667;31,1;23,916667;17,5;67,5;33;10,4;2,8875;
2013-08-13;0;970,0375;17,066667;30,7;24,629167;20,2;65,125;37;10;3,429167;
2013-08-14;3;970,5375;19,841667;27,2;22,8875;20,6;83,708333;63;12;2,933333;
2013-08-15;,4;969,691667;17,716667;29,8;23,6875;19,8;71,291667;41;9,1;2,825;
2013-08-16;0;970,658333;16,554167;31,1;24,241667;18,3;66,25;34;11,5;3,183333;
2013-08-17;0;970,458333;17,229167;31,8;24,533333;18,4;66,708333;35;9,2;2,625;
2013-08-18;0;970,7;18,875;27,4;22,975;22,4;78,791667;52;9,6;2,491667;
2013-08-19;13,4;970,8125;18,070833;28,1;22,920833;19,1;76,916667;48;8;2,366667;
2013-08-20;,2;970,645833;18,229167;28,8;22,883333;18,9;76,458333;51;10,8;2,979167;
2013-08-21;0;970,75;16,870833;29;23,041667;17,6;70,541667;42;9,3;3,1;
2013-08-22;0;969,858333;17,558333;30,2;23,675;18,2;71,791667;41;11;2,9625;
2013-08-23;,8;969,7875;16,575;30,8;23,954167;19,8;66,916667;32;10,1;3,041667;
2013-08-24;0;970,1625;16,3;30,7;23,841667;18,8;66;34;16,4;2,983333;
2013-08-25;,2;969,770833;16,395833;31;24,570833;19,3;65;32;10,8;3,204167;
2013-08-26;0;969,2375;16,6375;31,4;24,225;17,5;66,041667;32;11,3;2,595833;
2013-08-27;0;969,7375;16,716667;31,8;25,404167;21,8;62;31;10,1;3,283333;
2013-08-28;0;971,233333;17,129167;32;24,3625;17,1;67,458333;36;9,7;2,891667;
2013-08-29;0;972,229167;17,5;31,6;25,108333;20,4;65,541667;36;10,5;3,366667;
2013-08-30;3,8;971,8125;18,304167;29;23,870833;20,3;72,25;50;9,7;2,729167;
2013-08-31;2,2;971,3;18,925;28,6;22,608333;19,9;81,291667;50;9,3;3,25;
2013-09-01;2,4;970,283333;17,404167;29,3;23,454167;20;71,041667;39;12,1;3,583333;
2013-09-02;0;969,6375;16,875;30,3;23,295833;17,6;70,041667;39;10,7;3,033333;
2013-09-03;0;969,5625;17,583333;29,1;23,870833;18,6;69,791667;48;9;2,879167;
2013-09-04;3,6;971,383333;19,358333;30;24,1875;20,5;76,416667;46;9,3;3,5125;
2013-09-05;,2;971,4625;18,416667;31,2;24,666667;20,6;70,708333;41;11,2;3,720833;
2013-09-06;0;970,8375;17,120833;31,8;24,633333;19,8;66,083333;35;10,3;3,033333;
2013-09-07;0;970,295833;17,470833;31,4;24,504167;20,8;67,25;37;11,6;3,854167;
2013-09-08;0;971,291667;16,875;31;23,791667;18,8;67,708333;35;10,2;3,175;
2013-09-09;0;971,666667;15,9125;31,6;23,145833;15,3;66,375;35;12;2,941667;
2013-09-10;0;971,9375;16,966667;28,3;23,058333;20,3;69,666667;48;11,3;3,520833;
2013-09-11;0;970,091667;13,883333;31;22,895833;14,6;61,875;29;11,4;3,279167;
2013-09-12;0;969,2875;15,283333;29,9;21,929167;14;68,5;38;11,2;3,291667;
2013-09-13;0;970,229167;17,020833;30,9;24,020833;19,4;66,5;41;11,1;3,9;
2013-09-14;0;970,891667;18,529167;29,6;24,433333;21,4;70,791667;49;14,5;4,179167;
2013-09-15;0;970,529167;16,804167;32,1;25,366667;20,8;62,333333;32;14,1;4,445833;
2013-09-16;,4;969,654167;17,1125;31,9;24,2625;18,4;68,291667;32;10,1;3,1;
2013-09-17;0;969,895833;17,1;32,3;24,804167;18,2;66,5;32;11,5;3,066667;
2013-09-18;,4;970,845833;18,079167;32,2;25,220833;21,2;67,166667;32;13,1;4,404167;
2013-09-19;0;971,333333;16,033333;31,7;24,983333;20,5;60,708333;32;12,4;4,916667;
2013-09-20;0;970,1;15,104167;32,4;24,65;17,8;58,958333;28;11,4;3,554167;
2013-09-21;0;969,5375;16,108333;32,4;25,041667;19,4;59,75;35;10,8;3,504167;
2013-09-22;0;971,104167;16,920833;32,4;25,2875;20,8;63,458333;31;11,2;3,8625;
2013-09-23;,2;971,6875;16,6;32,3;25,516667;20,9;62,291667;29;12,3;4,283333;
2013-09-24;0;970,2375;17,020833;32,3;24,491667;16,3;67,083333;32;10,6;3,070833;
2013-09-25;0;968,733333;16,625;34,1;26,05;20,3;60;26;10,5;3,725;
2013-09-26;0;969,145833;17,104167;34;26,3125;21,9;60,583333;30;10,6;3,575;
2013-09-27;0;969,758333;17,3375;33,6;26,0875;20,9;62,083333;29;10,5;3,654167;
2013-09-28;0;970,15;16,566667;33,6;25,695833;19,2;61,75;28;13,5;3,358333;
2013-09-29;0;969,341667;16,316667;32;24,475;17,2;63,583333;31;11,6;3,091667;
2013-09-30;0;969,5375;17,829167;29;23,208333;17,5;73,125;51;11;3,420833;
2013-10-01;0;969,216667;16,870833;32,7;25,320833;19,8;62,583333;32;10,9;3,475;
2013-10-02;0;969,691667;15,9;33,1;25,925;20,9;58,291667;27;10,4;4;
2013-10-03;0;970,4875;16,704167;32,9;25,708333;20,4;61,666667;31;11,1;3,508333;
2013-10-04;0;970,2;16,991667;32,5;25,3;19,7;63,416667;33;12,6;3,833333;
2013-10-05;0;969,070833;16,645833;33,4;25,725;19,1;61,625;30;10,7;3,0875;
2013-10-06;0;968,733333;17,595833;35,1;26,408333;20,5;62,875;28;9,4;3,008333;
2013-10-07;0;970,154167;17,104167;33,5;26,595833;21,4;60,041667;30;12,5;4,0375;
2013-10-08;0;970,75;16,5625;33,4;26,229167;20,6;59,166667;29;10,5;3,929167;
2013-10-09;0;969,991667;16,058333;33,1;25,55;19,7;58,833333;29;11,2;3,983333;
2013-10-10;0;969,354167;15,820833;33,8;25,733333;20,8;57,958333;26;11,8;4,808333;
2013-10-11;0;968,970833;16,108333;33,6;26,091667;21,3;58,125;26;11,7;4,5125;
2013-10-12;,8;969,895833;19,666667;29,3;22,920833;20,5;82,458333;52;12,6;3,391667;

