Nome: PARNAIBA
Codigo Estacao: A308
Latitude: -3.086656
Longitude: -41.783139
Altitude: 52.11
Situacao: Operante
Data Inicial: 2013-01-01
Data Final: 2013-10-12
Periodicidade da Medicao: Diaria

Data Medicao;PRECIPITACAO TOTAL, DIARIO (AUT)(mm);PRESSAO ATMOSFERICA MEDIA DIARIA (AUT)(mB);TEMPERATURA DO PONTO DE ORVALHO MEDIA DIARIA (AUT)(°C);TEMPERATURA MAXIMA, DIARIA (AUT)(°C);TEMPERATURA MEDIA, DIARIA (AUT)(°C);TEMPERATURA MINIMA, DIARIA (AUT)(°C);UMIDADE RELATIVA DO AR, MEDIA DIARIA (AUT)(%);UMIDADE RELATIVA DO AR, MINIMA DIARIA (AUT)(%);VENTO, RAJADA MAXIMA DIARIA (AUT)(m/s);VENTO, VELOCIDADE MEDIA DIARIA (AUT)(m/s);
2013-01-01;0;null;null;34;null;24,4;58,294118;38;11,3;null;
2013-01-02;4,2;null;null;33,3;null;22,2;62,375;43;12,9;null;
2013-01-03;25;null;null;31,9;null;22;67,5625;51;13,1;null;
2013-01-04;13,6;null;null;29,5;null;22;75,923077;59;13,7;null;
2013-01-05;54,8;null;null;31,8;null;21,6;64,8;46;9,2;null;
2013-01-06;0;1005,43;20,64;32,7;null;23,9;67,85;46;14,1;3,91;
2013-01-07;10,2;null;null;33,3;null;23,4;56,6;40;12,1;null;
2013-01-08;0;null;null;34,9;null;25;53,214286;35;12,7;null;
2013-01-09;0;null;null;33,4;null;25,7;54,333333;38;11,5;null;
2013-01-10;0;1003,5;19,583333;32,8;null;25,5;58,666667;44;11,2;4,45;
2013-01-11;0;1002,038889;19,338889;32,5;null;24,9;58,5;43;12,6;4,888889;
2013-01-12;0;1001,352381;18,390476;35,5;null;25,1;53,333333;32;11,2;4,642857;
2013-01-13;0;null;null;36,9;null;23,4;48;27;12;null;
2013-01-14;0;null;null;33,6;null;24,8;55,2;37;14,7;null;
2013-01-15;0;null;null;32,5;null;24,8;59,25;45;9,6;null;
2013-01-16;5,2;1003,452632;20,673684;32,2;null;24,2;65,105263;47;8,9;2,336842;
2013-01-17;0;null;null;33,5;null;24,8;60,411765;45;12,1;null;
2013-01-18;0;null;null;32,5;null;24,1;59,733333;46;12,3;null;
2013-01-19;,2;1005,008696;20,652174;31,2;26,517391;23,7;70,826087;54;10,9;3,095652;
2013-01-20;5,6;1004,978947;20,347368;31,9;null;23,6;65,842105;47;7,8;2,478947;
2013-01-21;0;null;null;30;null;25,1;null;58;6,5;null;
2013-01-22;0;null;null;null;null;28,3;null;null;null;null;
2013-01-23;null;null;null;null;null;null;null;null;null;null;
2013-01-24;null;null;null;null;null;null;null;null;null;null;
2013-01-25;null;null;null;null;null;null;null;null;null;null;
2013-01-26;null;null;null;null;null;null;null;null;null;null;
2013-01-27;null;null;null;null;null;null;null;null;null;null;
2013-01-28;null;null;null;null;null;null;null;null;null;null;
2013-01-29;null;null;null;null;null;null;null;null;null;null;
2013-01-30;null;null;null;null;null;null;null;null;null;null;
2013-01-31;null;null;null;null;null;null;null;null;null;null;
2013-02-01;null;null;null;null;null;null;null;null;null;null;
2013-02-02;null;null;null;null;null;null;null;null;null;null;
2013-02-03;null;null;null;null;null;null;null;null;null;null;
2013-02-04;null;null;null;null;null;null;null;null;null;null;
2013-02-05;null;null;null;null;null;null;null;null;null;null;
2013-02-06;null;null;null;null;null;null;null;null;null;null;
2013-02-07;null;null;null;null;null;null;null;null;null;null;
2013-02-08;null;null;null;null;null;null;null;null;null;null;
2013-02-09;null;null;null;null;null;null;null;null;null;null;
2013-02-10;null;null;null;null;null;null;null;null;null;null;
2013-02-11;null;null;null;null;null;null;null;null;null;null;
2013-02-12;null;null;null;null;null;null;null;null;null;null;
2013-02-13;null;null;null;null;null;null;null;null;null;null;
2013-02-14;null;null;null;null;null;null;null;null;null;null;
2013-02-15;null;null;null;null;null;null;null;null;null;null;
2013-02-16;null;null;null;null;null;null;null;null;null;null;
2013-02-17;null;null;null;null;null;null;null;null;null;null;
2013-02-18;null;null;null;null;null;null;null;null;null;null;
2013-02-19;null;null;null;null;null;null;null;null;null;null;
2013-02-20;null;null;null;null;null;null;null;null;null;null;
2013-02-21;null;null;null;null;null;null;null;null;null;null;
2013-02-22;null;null;null;null;null;null;null;null;null;null;
2013-02-23;null;null;null;null;null;null;null;null;null;null;
2013-02-24;null;null;null;null;null;null;null;null;null;null;
2013-02-25;null;null;null;36,2;null;null;null;34;10,3;null;
2013-02-26;null;1003,633333;22,875;35,8;28,45;24,7;72,833333;49;12,6;4,770833;
2013-02-27;null;1005,033333;24,133333;31,8;27,520833;23,4;82,291667;66;12,2;4,095833;
2013-02-28;null;1003,7125;24,204167;34,4;28,2375;25;79,666667;57;11,5;4,720833;
2013-03-01;null;1002,583333;23,370833;35,7;28,633333;25,2;74,333333;47;13,6;4,891667;
2013-03-02;null;1002,491667;23,625;36,2;29,275;25,8;72,666667;48;11,3;4,683333;
2013-03-03;null;1003,633333;23,154167;37,9;29,5375;25,2;70,375;42;12,6;4,433333;
2013-03-04;null;1004,341667;23,304167;34,9;28,920833;25,4;72,458333;51;12,3;4,283333;
2013-03-05;null;1003,666667;23,316667;36,6;29,229167;25;72,166667;44;15,6;4,325;
2013-03-06;null;1004,2625;23,5;33,9;28,741667;26,1;73,916667;56;12;4,583333;
2013-03-07;null;1005,333333;22,925;33,9;28,254167;24,6;73,833333;53;13,2;4,3;
2013-03-08;null;1006,345833;22,933333;34,9;27,983333;23,3;75,125;50;11,6;3,4625;
2013-03-09;null;1005,870833;23,175;33,8;27,466667;24,4;78,333333;59;12,7;2,895833;
2013-03-10;null;1005,045833;23,854167;34,9;28,154167;24,2;78,583333;53;12,6;3,795833;
2013-03-11;null;1002,983333;24,245833;35,3;28,654167;24,3;78,083333;53;12,8;4,495833;
2013-03-12;null;1003,008333;24,0125;33,9;28,491667;24,7;77,666667;58;13,6;4,370833;
2013-03-13;null;1003,075;24,091667;34,9;28,5;24,1;78,083333;53;12,7;3,954167;
2013-03-14;null;1003,033333;24,795833;33,2;27,783333;24,9;84,375;67;12,9;3,2125;
2013-03-15;null;1002,429167;24,545833;34,3;28,345833;24;80,833333;58;11,3;3,575;
2013-03-16;null;1003,170833;23,925;33,1;28,183333;24,2;78,708333;60;14,7;4,433333;
2013-03-17;null;1004,120833;23,75;33,7;27,870833;22,6;79,5;59;12,8;2,95;
2013-03-18;null;1003,55;24,416667;34,4;28,195833;25;80,666667;61;12,9;3,529167;
2013-03-19;null;1003,391667;24,583333;28,8;25,545833;23,5;94,541667;82;12,6;2,35;
2013-03-20;null;1004,0375;24,6625;33,5;27,3375;23,6;86,583333;59;8,1;1,791667;
2013-03-21;null;1004,65;24,833333;33,4;27,895833;24,1;84,375;63;11,4;2,866667;
2013-03-22;null;1005,195833;24,516667;32;27,75;24,8;83,125;69;10,7;3,6625;
2013-03-23;null;1003,9;23,9875;31,8;26,979167;23,9;84,125;68;10,3;3,454167;
2013-03-24;null;1003,358333;24,895833;30,6;26,670833;24,2;90,25;76;9,3;2,316667;
2013-03-25;null;1004,666667;25,166667;30,7;26,483333;23,7;92,833333;78;9,3;2,108333;
2013-03-26;null;1006,125;25,709091;32,4;27,033333;23,8;91,363636;73;10;2,1;
2013-03-27;null;1005,691667;25,1625;31,3;26,8625;24,2;91;74;10,9;2,3;
2013-03-28;null;1004,78;25,435;31,6;null;23,8;90,15;76;10,5;2,64;
2013-03-29;null;null;null;31,6;null;23,6;93,571429;75;12,4;null;
2013-03-30;null;1005,816667;null;32,7;27,279167;23,8;null;87;10;2,333333;
2013-03-31;null;1007,25;null;30,7;25,516667;24;null;90;6,5;1,604167;
2013-04-01;3,2;1006,708333;null;32;26,875;23,7;95,461538;86;9,6;2,4875;
2013-04-02;0;1005,85;null;31,9;27,1125;24,3;87,733333;77;11,2;3,091667;
2013-04-03;0;1005,541667;24,795833;31,7;26,666667;23,5;90,083333;69;9,5;3,033333;
2013-04-04;1,6;1005,470833;25,225;31;26,641667;23,9;92,291667;76;9,1;2,7375;
2013-04-05;38;1006,429167;25,880952;30,4;26,2375;23,5;96,619048;86;10,4;2,1;
2013-04-06;0;1006,370833;null;31,4;26,791667;23,2;94,5;85;11,3;2,45;
2013-04-07;13,2;1005,933333;null;32,1;27,1375;23;null;82;12;1,983333;
2013-04-08;,2;1004,925;null;31,5;27,270833;24,8;92,214286;82;10,2;2,2625;
2013-04-09;0;1004,0125;26,07619;31,6;27,058333;24;92,714286;75;10,7;3,0875;
2013-04-10;,4;1004,2125;25,76;32,2;26,854167;23,5;91,05;75;11;2,541667;
2013-04-11;,4;1004,745833;25,158333;33,1;27,720833;23,9;86,833333;63;12,5;3,470833;
2013-04-12;0;1004,733333;24,933333;33,5;27,9375;23,9;84,75;62;10,3;3,175;
2013-04-13;0;1004,429167;23,845833;31,9;27,2125;23,6;82,416667;66;10,8;3,504167;
2013-04-14;0;1004,45;24,108333;32,2;27,070833;22,7;84,458333;67;10;2,716667;
2013-04-15;0;1005,2;24,779167;31,5;26,979167;23,9;88,083333;73;9,7;2,4875;
2013-04-16;1;1004,641667;24,591667;31,4;26,375;23,8;90,458333;73;10,1;2,245833;
2013-04-17;8,2;1004,425;25,345833;31,6;26,583333;23,6;93,208333;76;9,8;2,145833;
2013-04-18;0;1004,041667;24,495833;31,5;25,3125;23,2;95,5;74;10,6;1,879167;
2013-04-19;13,6;1004,283333;null;30,4;24,7875;23,1;null;90;8,1;1,05;
2013-04-20;13,4;1005,0375;null;29;24,7375;22,9;null;null;12;1,304167;
2013-04-21;7,8;1004,55;null;31,9;26,125;22,5;null;null;8;1,854167;
2013-04-22;0;1004,870833;null;31,9;25,975;23;null;null;7,8;1,625;
2013-04-23;4,4;1005,833333;null;31;24,9125;23;null;null;7,6;1,420833;
2013-04-24;41;1006,2125;null;31,1;25,054167;22,5;null;null;11,1;1,1;
2013-04-25;9,8;1005,358333;null;31,9;26,7;22,6;null;null;9,4;1,679167;
2013-04-26;0;1005,133333;null;32,7;27,416667;23,9;null;null;9,8;3,041667;
2013-04-27;0;1004,420833;null;31,8;26,508333;23;null;null;6,2;1,645833;
2013-04-28;10,4;1004,8375;null;29,4;25,229167;23,7;null;null;7,7;1,295833;
2013-04-29;7,6;1004,7;null;31,1;24,3875;22,7;null;null;13,4;1,091667;
2013-04-30;10;1005,258333;null;31,8;25,9875;22,4;null;null;9,1;2,145833;
2013-05-01;0;1005,304167;null;32,1;26,808333;23;null;null;11,1;2,379167;
2013-05-02;0;1005,083333;null;32,5;26,875;22,7;null;83;10,3;2,691667;
2013-05-03;34,2;1004,825;null;32;26,054167;22;null;93;9,3;1,791667;
2013-05-04;0;1004,233333;null;31,7;26,65;22,4;null;94;6,2;1,658333;
2013-05-05;,2;1005,191667;null;30,5;26,1875;23,6;null;96;7,4;1,541667;
2013-05-06;0;1006,079167;null;31,6;26,254167;23,2;null;100;9,2;1,708333;
2013-05-07;,4;1006,6625;null;31,8;26,704167;22,8;null;98;8,4;2,195833;
2013-05-08;0;1007,491667;null;31,4;26,5375;23,4;null;95;9,2;2,654167;
2013-05-09;0;1007,116667;null;32,5;26,845833;23,3;null;93;9,8;2,545833;
2013-05-10;0;1006,5625;null;32,1;26,091667;23,1;null;90;9,3;1,766667;
2013-05-11;4,4;1006,125;null;32;25,9875;23;null;90;9,4;1,675;
2013-05-12;12,8;1004,995833;null;32,2;26,429167;21,7;null;90;8,3;1,566667;
2013-05-13;0;1004,8125;null;32,4;27,066667;23,3;null;89;9;1,358333;
2013-05-14;0;1005,129167;null;31,9;26,2125;23,7;98,352941;88;9,5;2,008333;
2013-05-15;7,2;1004,829167;null;31,4;26,1375;23,4;null;94;8,2;1,6625;
2013-05-16;0;1003,841667;null;32,6;27,183333;22,5;null;88;6,2;1,575;
2013-05-17;0;1004,929167;25,727273;32,3;26,466667;21,7;95,363636;83;8,1;2,0375;
2013-05-18;0;1006,270833;null;31,9;25,529167;22,9;97,214286;88;10,7;1,9125;
2013-05-19;89,6;1007,329167;null;30;25,533333;22,6;null;null;7,2;1,925;
2013-05-20;0;1006,033333;null;31,6;26,408333;22,8;null;null;8;2,283333;
2013-05-21;0;1004,545833;null;30,9;26,095833;23,5;null;null;8,1;1,9625;
2013-05-22;12,4;1004,391667;null;31,6;25,920833;23,6;null;93;10,2;2,029167;
2013-05-23;,6;1004,633333;null;32;26,2;23,4;null;94;12,7;2,5375;
2013-05-24;,8;1004,920833;null;32,5;26,425;22,9;null;86;10,4;2,204167;
2013-05-25;,8;1006,125;null;32,5;26,679167;22,7;93,307692;81;7,6;1,783333;
2013-05-26;,2;1006,341667;24,25;31,7;26,245833;23,1;89,291667;69;12,4;3,045833;
2013-05-27;0;1005,595833;22,8625;31,9;26,204167;21,3;83,125;62;10,7;2,108333;
2013-05-28;0;1004,4375;22,866667;32,1;26,383333;21,4;82,125;57;9,1;2,529167;
2013-05-29;0;1004,791667;22,8125;32,3;26,8;22,9;79,791667;57;9,8;3,183333;
2013-05-30;0;1005,929167;22,691667;32,4;26,275;21,6;81,833333;56;8,5;2,595833;
2013-05-31;0;1005,520833;23,166667;32,8;26,829167;21,5;81,791667;53;8,2;2,629167;
2013-06-01;0;1005,191667;22,941667;32,2;25,666667;20,1;85,791667;61;8;1,8875;
2013-06-02;0;1006,216667;22,6125;32,5;25,845833;20,7;83,666667;56;7;2,095833;
2013-06-03;0;1007,2125;23,766667;31,7;26,270833;22,7;86,791667;66;8,7;2,329167;
2013-06-04;0;1006,7625;23,333333;32,1;26,108333;22,1;85,625;61;7,6;2,254167;
2013-06-05;0;1006,258333;23,7;32,4;26,479167;23,4;85,375;62;10;2,783333;
2013-06-06;0;1006,591667;23,345833;31,9;26,5125;21,3;83,541667;61;10,3;3,216667;
2013-06-07;0;1006,491667;23,179167;33;26,933333;21,9;81,25;55;9,3;2,695833;
2013-06-08;0;1006,125;22,291667;34;26,233333;20,3;80,916667;49;8,1;2,175;
2013-06-09;0;1005,841667;22,2875;33,1;26,254167;20,6;80,333333;54;7,1;2,066667;
2013-06-10;0;1005,820833;22,995833;31,9;26,245833;22,2;83,416667;59;8,1;1,675;
2013-06-11;0;1007,054167;22,775;30,4;25,308333;22,8;86,416667;67;10,7;1,825;
2013-06-12;,4;1007,083333;22,8125;32,7;26,6;22,7;80,708333;56;9,2;2,870833;
2013-06-13;0;1006,433333;23,3125;32,2;26,479167;23,2;83,666667;61;8,5;2,129167;
2013-06-14;,2;1005,904167;23,166667;32;26,120833;22,4;84,541667;61;10,7;2,470833;
2013-06-15;3,6;1005,991667;23,65;31,3;26,270833;22,7;86,25;64;10,2;2,125;
2013-06-16;4,8;1005,858333;23,625;33,4;26,691667;22,7;84,5;53;9,8;2,858333;
2013-06-17;0;1006,616667;23,875;32,1;26,845833;23,4;84,333333;61;9,9;3,8625;
2013-06-18;2,2;1005,729167;23,533333;33,1;26,779167;22,7;83,291667;57;11,3;3,616667;
2013-06-19;0;1005,158333;23,470833;33,4;26,525;21,6;84,458333;55;7,7;2,304167;
2013-06-20;0;1005,095833;23,05;33,4;26,275;21,3;83,333333;58;8,7;1,970833;
2013-06-21;0;1005,8;22,433333;31;24,991667;20,9;86,25;66;10,6;2,383333;
2013-06-22;1,2;1006,654167;22,733333;31,3;25,575;22,5;84,916667;64;8,2;1,825;
2013-06-23;3,4;1006,616667;23,245833;32,5;26,304167;22;84,5;58;7,8;1,7625;
2013-06-24;,2;1006,658333;23,0375;31,6;25,233333;21,5;88,333333;69;9,5;2,325;
2013-06-25;7,2;1006,481818;22,809091;32;25,768182;21,5;84,772727;58;6,9;2,322727;
2013-06-26;0;1005,925;23,3125;33,2;26,5875;21,6;83,166667;61;7,8;1,9875;
2013-06-27;0;1006,791667;23,516667;33,2;26,358333;21,7;85,166667;61;11,6;2,175;
2013-06-28;11;1006,308333;23,7875;31,5;26,641667;23,3;85;68;10,3;3,25;
2013-06-29;,2;1005,441667;23,316667;30,6;25,908333;22,9;86,166667;68;10,2;2,595833;
2013-06-30;0;1005,270833;22,475;32,8;24,683333;22,3;88,083333;64;13,6;1,479167;
2013-07-01;7,8;1005,470833;23,5625;32,8;26,420833;22,9;85;65;7,8;1,925;
2013-07-02;0;1006,029167;22,85;32,7;26,341667;21,9;82;58;8,5;2,275;
2013-07-03;0;1006,4875;22,583333;32,2;25,245833;22,3;86;59;10;1,770833;
2013-07-04;44,6;1007,525;22,3875;31,9;25,645833;22,2;83,25;59;11,4;1,716667;
2013-07-05;1,8;1007,6625;22,0875;32;25,741667;21,4;81,458333;54;8,2;1,945833;
2013-07-06;0;1006,570833;22,316667;31;25,141667;21,7;84,833333;65;7,9;2,216667;
2013-07-07;,2;1005,858333;22,4625;32,3;25,175;21,1;85,541667;60;10,9;1,3;
2013-07-08;1,6;1007,041667;23,279167;32,6;26,466667;22,8;83,458333;59;8,7;2,820833;
2013-07-09;0;1007,854167;22,9625;31,3;25,904167;23,1;84,375;65;9;2,425;
2013-07-10;0;1006,5875;23,245833;33,3;26,7;22,3;82,5;56;7,4;2,05;
2013-07-11;3,2;1006,1;22,716667;32,8;26,558333;22,2;80,833333;55;7,8;1,708333;
2013-07-12;0;1006,629167;22,066667;32;25,783333;21;80,958333;59;7,8;2,170833;
2013-07-13;0;1007,425;21,3125;32,2;25,370833;20,1;79,666667;51;10,6;2,933333;
2013-07-14;0;1007,0375;22,4375;32,6;25,404167;20,7;84,916667;57;8;2,0125;
2013-07-15;14,8;1007,145833;22,708333;32,4;25,825;21,5;83,958333;59;11,7;1,9875;
2013-07-16;0;1007,9875;22,045833;32,5;25,708333;21,5;81,125;56;10;3,3;
2013-07-17;0;1006,9;22,741667;33;26,095833;22,1;83;52;7,6;2,629167;
2013-07-18;,2;1005,945833;23,05;32,8;26,129167;21,3;84,291667;59;7,1;1,85;
2013-07-19;,2;1006,233333;22,8375;31,6;25,675;22;85,208333;62;10,1;2,008333;
2013-07-20;,2;1006,329167;22,604167;32,9;26,1875;22,3;81,708333;55;9,5;3,270833;
2013-07-21;0;1006,0375;22,7375;33;26,333333;21,8;82,125;55;7,9;2,458333;
2013-07-22;,2;1006,004167;22,625;31,4;24,6;23;89,25;64;11,7;1,595833;
2013-07-23;42;1005,266667;23,029167;33,1;26,041667;21,9;84,375;60;6,5;1,675;
2013-07-24;0;1006,558333;23,0125;30,9;25,954167;22,3;84,5;66;8;2,404167;
2013-07-25;0;1008,454167;23,070833;32,8;26,925;23,4;80,25;57;10,1;3,691667;
2013-07-26;0;1010,004167;23,0125;30,6;26,358333;23,2;82,25;67;11;3,704167;
2013-07-27;,2;1008,308333;22,504167;31,8;26,054167;22,1;81,541667;61;7,7;2,558333;
2013-07-28;0;1007,408333;21,908333;34,1;26,608333;21,8;77,166667;48;8,1;2,425;
2013-07-29;0;1008,425;21,670833;33,2;26,104167;20,8;78,208333;48;8;2,204167;
2013-07-30;0;1008,991667;21,920833;34,3;26,029167;20,5;79,5;49;8,5;2,375;
2013-07-31;0;1008,55;21,7625;33,5;25,75;20,7;80,083333;46;8,8;2,6375;
2013-08-01;0;1007,2625;22,670833;33,1;26,675;23,2;80,083333;54;8,6;2,4375;
2013-08-02;0;1006,425;22,125;34,9;26,6;22;78,5;44;9,6;2,616667;
2013-08-03;0;1006,55;22,054167;34,9;26,541667;21,6;78,208333;44;8,3;2,358333;
2013-08-04;0;1006,891667;22,254167;34,2;26,945833;22,5;76,791667;48;9,5;3,404167;
2013-08-05;0;1006,654167;21,9125;33,6;26,6;22,2;76,875;48;9,2;3,341667;
2013-08-06;0;1005,733333;22,516667;35,1;27,120833;23,2;77,25;45;12,4;3,691667;
2013-08-07;0;1005,004167;21,708333;33,6;26,233333;21,8;77,583333;50;9,5;2,708333;
2013-08-08;0;1004,041667;21,329167;34,6;25,991667;20,7;76,916667;46;9,9;2,608333;
2013-08-09;0;1004,85;21,545833;33,2;26,275;20,6;76,541667;51;9,3;2,9625;
2013-08-10;0;1004,954167;21,916667;34,4;26,825;20,9;75,916667;49;9,9;2,9;
2013-08-11;0;1005,1375;22,695833;34,3;26,8375;23,4;79,166667;49;10,3;3,4875;
2013-08-12;4,2;1004,9125;22,35;33,9;26,891667;22,3;77,291667;51;12,9;3,770833;
2013-08-13;0;1005,366667;22,508333;34,9;27,195833;23,2;77,25;45;10,4;3,275;
2013-08-14;0;1005,6125;22,716667;34,3;27,3375;23,4;77,333333;49;10,1;3,75;
2013-08-15;0;1004,720833;23,229167;34,9;27,929167;23,7;76,791667;48;10,7;4,25;
2013-08-16;0;1005,225;22,9875;35;27,783333;24,4;76,166667;50;10,3;3,5125;
2013-08-17;0;1005,7125;22,7;35,4;27,65;23,4;75,75;47;10,3;3,658333;
2013-08-18;0;1006,458333;22,920833;32,7;26,725;23,9;80,375;54;11,6;3,983333;
2013-08-19;3;1006,091667;23,041667;33,2;27,029167;22,9;80,166667;53;9,7;2,975;
2013-08-20;3,2;1006,154167;22,825;33,3;26,641667;22;80,875;52;10,5;3,070833;
2013-08-21;,2;1005,883333;22,333333;34,2;27,4375;23;75,125;49;9,8;3,575;
2013-08-22;0;1004,808333;22,329167;35;27,220833;22;76,333333;46;10,4;3,033333;
2013-08-23;0;1004,295833;22,633333;35,5;27,858333;23,5;74,583333;46;13,2;3,420833;
2013-08-24;0;1004,816667;22,570833;35,7;27,8375;24,2;74,125;45;10,8;4,020833;
2013-08-25;0;1005,158333;22,175;34,9;27,416667;22,8;74,291667;47;9,6;2,979167;
2013-08-26;0;1004,841667;22,933333;34,8;27,641667;23,9;77,083333;46;9,6;3,2375;
2013-08-27;0;1005,845833;22,858333;34,7;27,108333;22,3;78,833333;48;9,9;3,070833;
2013-08-28;0;1007,175;23,625;33,5;27,316667;23,7;81,208333;58;10,5;3,858333;
2013-08-29;0;1007,604167;23,633333;34,1;28,1125;25,1;77,541667;52;12,1;4,1125;
2013-08-30;0;1006,920833;23,145833;34,8;27,679167;24,2;77,25;50;10,6;3,420833;
2013-08-31;0;1005,9375;22,720833;36,3;27,55;21,7;76,875;44;10,8;2,85;
2013-09-01;0;1005,041667;22,283333;34,4;27,1625;22,1;76,208333;51;10,1;2,829167;
2013-09-02;0;1004,504167;22,166667;35,1;27,9;23,6;72,333333;46;10,7;3,804167;
2013-09-03;0;1004,808333;21,683333;35,5;27,9125;24,3;70,083333;44;13;5,05;
2013-09-04;0;1006,566667;22,633333;36,2;27,695833;22,3;75,375;47;13,5;3,941667;
2013-09-05;0;1006,325;22,566667;35,8;27,758333;24,1;74,416667;48;12,5;4,875;
2013-09-06;0;1006,125;21,954167;35,2;27,904167;24,3;71,208333;46;13,4;4,858333;
2013-09-07;0;1005,570833;21,8125;35;28,0875;24,1;70,083333;46;12,4;4,441667;
2013-09-08;0;1006,358333;22,004167;36,2;27,945833;24,1;71,458333;44;11,4;4,4;
2013-09-09;0;1006,708333;21,966667;35,4;27,958333;24,3;70,916667;46;10,7;4,2375;
2013-09-10;0;1006,6875;22,1;34,8;27,720833;23,4;72,666667;46;10,7;3,854167;
2013-09-11;0;1004,5375;22,558333;35,3;28,129167;24,7;72,791667;48;10,4;3,625;
2013-09-12;0;1003,8875;21,933333;34,6;27,591667;23,7;72,541667;46;10,8;3,475;
2013-09-13;0;1004,2875;21,958333;36,9;28,075;23,8;70,958333;41;12,2;4,15;
2013-09-14;0;1005,541667;21,6;35,3;28;23,9;69,125;43;14,5;5,591667;
2013-09-15;0;1004,983333;22,05;36,1;28,354167;24,6;69,958333;44;17;5,220833;
2013-09-16;0;1003,954167;21,529167;38,1;28,5;24;67,583333;38;12,9;4,433333;
2013-09-17;0;1004,479167;21,0375;36,2;28,095833;24,2;66,666667;41;15,8;5,825;
2013-09-18;0;1005,625;20,8875;35,9;27,741667;23;67,708333;42;14;5,066667;
2013-09-19;0;1005,404167;20,625;37;28,425;24,2;63,75;37;13;5,383333;
2013-09-20;0;1005,216667;20,804167;36,4;28,3;24,8;65,166667;40;12,6;5,175;
2013-09-21;0;1004,895833;21,295833;37,5;28,316667;23,9;67,666667;39;11,6;4,179167;
2013-09-22;0;1006,15;22,333333;36,3;28,291667;24,6;71,375;45;12,9;4,945833;
2013-09-23;0;1007,370833;21,391667;36,2;28,045833;24,2;68,458333;42;14,5;5,525;
2013-09-24;0;1006,270833;21,691667;36,2;27,775;23,9;71,208333;41;12,2;4,516667;
2013-09-25;0;1005,7;21,9625;32,9;27,025;22,7;74,666667;55;13,6;4,208333;
2013-09-26;0;1005,6875;22,245833;33,7;27,35;23,5;75,125;50;12,1;4,275;
2013-09-27;0;1006,404167;22,920833;33,9;27,195833;23,1;78,333333;59;14,1;4,35;
2013-09-28;0;1006,141667;23,05;34,7;27,833333;23,8;76,5;49;11,3;4,529167;
2013-09-29;0;1004,779167;22,7125;34,8;27,679167;22,8;75,625;51;12,8;4,158333;
2013-09-30;0;1004,616667;21,991667;34,6;27,7625;23,9;72,041667;47;13,3;5,1625;
2013-10-01;0;1004,5;22,170833;36,4;27,908333;23,9;72,166667;45;11,8;4,629167;
2013-10-02;0;1004,745833;21,879167;36,3;27,958333;24,4;70,833333;43;16,5;6,183333;
2013-10-03;0;1006,304167;21,3;35;28,0375;24,3;68,25;41;18,1;6,4;
2013-10-04;0;1005,9125;21,879167;35,7;27,95;24,2;71,041667;44;14,5;5,658333;
2013-10-05;0;1004,7;21,633333;37,1;28,058333;24,1;69,708333;41;14,8;5,791667;
2013-10-06;0;1005,516667;22,095833;34,2;27,708333;24,1;72,75;50;13,5;5,070833;
2013-10-07;0;1007,091667;22,583333;33,6;27,120833;22,3;77,583333;55;10,4;3,2;
2013-10-08;0;1006,9625;22,625;35,2;27,283333;22,6;77,083333;47;12,8;3,916667;
2013-10-09;0;1005,5625;22,65;35,5;28,05;23,7;74,083333;46;14;4,341667;
2013-10-10;0;1004,4375;22,675;35,7;28,35;24,8;72,5;47;11,3;4,7625;
2013-10-11;0;1003,925;21,6875;36,1;28,404167;23,9;68,541667;43;11,5;4,183333;
2013-10-12;0;1004,2125;21,833333;36,9;28,016667;23,3;70,375;43;11,7;3,891667;

