Nome: AVARE
Codigo Estacao: 83773
Latitude: -23.083579
Longitude: -48.911718
Altitude: 831.96
Situacao: Desativada
Data Inicial: 2013-01-01
Data Final: 2013-06-29
Periodicidade da Medicao: Diaria

Data Medicao;EVAPORACAO DO PICHE, DIARIA(mm);INSOLACAO TOTAL, DIARIO(h);PRECIPITACAO TOTAL, DIARIO(mm);TEMPERATURA MAXIMA, DIARIA(°C);TEMPERATURA MEDIA COMPENSADA, DIARIA(°C);TEMPERATURA MINIMA, DIARIA(°C);UMIDADE RELATIVA DO AR, MEDIA DIARIA(%);VENTO, VELOCIDADE MEDIA DIARIA(m/s);
2013-01-01;null;null;0;null;null;null;null;null;
2013-01-02;null;null;14,2;27,6;21,44;17,2;null;1,80054;
2013-01-03;null;null;0;26,4;20,36;15,4;null;2,05776;
2013-01-04;null;null;0;30,4;23,28;15,6;null;1,80054;
2013-01-05;null;null;0;null;null;16;null;0;
2013-01-06;null;null;0;null;null;null;null;null;
2013-01-07;null;null;0;31,6;24,04;16,6;null;,51444;
2013-01-08;null;null;6,2;30;22,72;18,8;null;,77166;
2013-01-09;null;null;9,8;30,4;24,2;18,8;null;1,02888;
2013-01-10;null;null;0;24,8;20,48;18;null;1,80054;
2013-01-11;null;null;0;26,8;18,6;12,8;null;1,80054;
2013-01-12;null;null;0;28,4;19,68;12,6;null;1,80054;
2013-01-13;null;null;33,2;21,4;18,28;15;null;,77166;
2013-01-14;null;null;21,4;21,4;18,48;15,6;null;,77166;
2013-01-15;null;null;5,6;28,4;21;16;null;1,2861;
2013-01-16;null;null;97,2;26,6;20,12;15,8;null;,77166;
2013-01-17;null;null;38,6;27;20,8;14,8;null;,51444;
2013-01-18;null;null;0;null;null;15,8;null;,51444;
2013-01-19;null;null;0;null;null;17;null;1,02888;
2013-01-20;null;null;null;null;null;null;null;null;
2013-01-21;null;null;0;28;20,76;13,8;null;2,05776;
2013-01-22;null;null;0;null;null;13;null;1,54332;
2013-01-23;null;null;0;31,4;21,96;15;null;1,54332;
2013-01-24;null;null;9,8;31,4;23,32;15,8;null;,51444;
2013-01-25;null;null;0;30;22,68;17;null;0;
2013-01-26;null;null;8,4;30,2;22,2;17,8;null;1,02888;
2013-01-27;null;null;0;30,2;23,36;21,2;null;1,80054;
2013-01-28;null;null;0;28,2;22,44;17;null;1,54332;
2013-01-29;null;null;0;30,2;21,6;16,4;null;1,54332;
2013-01-30;null;null;0;28,2;22,8;17,4;null;1,54332;
2013-01-31;null;null;0;27,6;22,48;18,4;null;,51444;
2013-02-01;null;null;16,4;30,4;24,16;19,8;null;,51444;
2013-02-02;null;null;6,8;33,4;24,12;20;null;,51444;
2013-02-03;null;null;37;23,4;20;16,8;null;,77166;
2013-02-04;null;null;3,4;30;22,82;17,4;null;1,02888;
2013-02-05;null;null;0;31,6;22,56;14,4;null;1,54332;
2013-02-06;null;null;0;30,8;20,56;15,6;null;1,54332;
2013-02-07;null;null;14,4;30;22,44;16;null;1,2861;
2013-02-08;null;null;27,6;24,4;19,44;16,4;null;1,2861;
2013-02-09;null;null;4,4;null;null;16,4;null;,51444;
2013-02-10;null;null;null;null;null;null;null;null;
2013-02-11;null;null;null;null;null;null;null;null;
2013-02-12;null;null;null;null;null;null;null;null;
2013-02-13;null;null;1,6;28,4;21,24;16,6;null;,25722;
2013-02-14;null;null;20,2;32,8;25,64;18;null;,77166;
2013-02-15;null;null;0;29,2;22,24;19;null;,25722;
2013-02-16;null;null;5,6;34,4;26,04;18,2;null;0;
2013-02-17;null;null;null;32,6;null;null;null;1,54332;
2013-02-18;null;null;0;36,2;25,72;20;null;1,2861;
2013-02-19;null;null;3,8;32,2;24,6;17,8;null;,51444;
2013-02-20;null;null;0;33,4;23,8;20;null;1,54332;
2013-02-21;null;null;5,4;33,2;23,16;17,8;null;1,54332;
2013-02-22;null;null;6,8;33,2;23;18,4;null;1,02888;
2013-02-23;null;null;21,8;30,2;22,16;16,8;null;1,54332;
2013-02-24;null;null;null;null;null;null;null;null;
2013-02-25;null;null;0;32,6;24,96;18;null;1,2861;
2013-02-26;null;null;0;30,6;22,64;18,6;null;1,54332;
2013-02-27;null;null;19,8;29,8;22,28;16,8;null;1,54332;
2013-02-28;null;null;0;30,2;22,16;16,6;null;1,2861;
2013-03-01;null;null;0;32,6;23,56;16,2;null;1,2861;
2013-03-02;null;null;0;null;null;15,4;null;1,02888;
2013-03-03;null;null;0;null;null;null;null;null;
2013-03-04;null;null;0;33,4;26,16;19,2;null;,77166;
2013-03-05;null;null;0;33,4;23,56;20,4;92;1,37184;
2013-03-06;null;null;32;31,6;23,24;16,6;null;1,02888;
2013-03-07;null;null;14;33,4;25,52;17,2;null;,51444;
2013-03-08;null;null;0;32,6;25;17,2;null;0;
2013-03-09;null;null;0;32,6;24,68;17,2;null;1,2861;
2013-03-10;null;null;0;null;null;null;null;null;
2013-03-11;null;null;0;null;null;null;null;null;
2013-03-12;null;null;9,8;32,8;22,92;17,2;null;1,2861;
2013-03-13;null;null;40,4;27,2;21,32;16,8;null;,51444;
2013-03-14;null;null;26,4;25,4;20,08;16,4;null;1,54332;
2013-03-15;null;null;0;28;21,56;15,6;null;1,2861;
2013-03-16;null;null;18,8;29,8;22,44;19,8;null;,77166;
2013-03-17;null;null;0;null;null;null;null;null;
2013-03-18;null;null;6,8;20,4;16,32;13,6;null;2,05776;
2013-03-19;null;null;0;25,2;18,6;13;null;1,80054;
2013-03-20;null;null;0;20,6;17,88;13;null;1,54332;
2013-03-21;null;null;24,2;24,4;17,36;13;null;,77166;
2013-03-22;null;null;14,8;28,4;22,2;15,8;null;0;
2013-03-23;null;null;0;null;null;15,4;null;1,54332;
2013-03-24;null;null;0;null;null;null;null;null;
2013-03-25;null;null;0;29;21,36;15;null;1,54332;
2013-03-26;null;null;0;23,4;19,64;16,2;null;,51444;
2013-03-27;null;null;18,6;26;22,28;13,6;null;,51444;
2013-03-28;null;null;0;28,4;19,16;12,4;null;1,54332;
2013-03-29;null;null;0;27,4;19,04;12,2;null;1,80054;
2013-03-30;null;null;0;null;null;12,6;null;1,54332;
2013-03-31;null;null;0;null;null;null;null;null;
2013-04-01;null;null;0;32,6;23,08;14;null;1,02888;
2013-04-02;null;null;12,6;23,6;18,6;15,8;null;1,2861;
2013-04-03;null;null;24,8;27,4;21,12;14,8;null;,51444;
2013-04-04;null;null;0;26,2;21,12;16,4;null;,51444;
2013-04-05;null;null;32,4;24,8;20,44;16,2;null;1,2861;
2013-04-06;null;null;7,8;null;null;14,4;null;0;
2013-04-07;null;null;null;null;null;null;null;null;
2013-04-08;null;null;0;30,8;21,72;15,8;null;1,2861;
2013-04-09;null;null;0;30,4;20,92;14,6;null;1,54332;
2013-04-10;null;null;0;28;20,2;14;null;1,54332;
2013-04-11;null;null;0;30,8;21,2;13,6;null;1,54332;
2013-04-12;null;null;0;28,6;22,36;15,8;null;1,02888;
2013-04-13;null;null;39;28,4;20,16;13,4;null;,51444;
2013-04-14;null;null;null;null;null;null;null;null;
2013-04-15;null;null;0;24,2;16,88;10;null;,51444;
2013-04-16;null;null;0;27;17,96;10,4;null;0;
2013-04-17;null;null;0;26,6;17,72;11,4;null;1,54332;
2013-04-18;null;null;0;null;null;8;null;1,54332;
2013-04-19;null;null;0;28,6;18,68;9,8;null;1,54332;
2013-04-20;null;null;null;null;null;null;null;null;
2013-04-21;null;null;null;null;null;null;null;null;
2013-04-22;null;null;0;26,4;17;8,4;null;1,80054;
2013-04-23;null;null;0;null;null;9,6;null;1,54332;
2013-04-24;null;null;0;25,6;18,28;10;null;1,54332;
2013-04-25;null;null;0;26,4;17,8;9,8;null;1,54332;
2013-04-26;null;null;0;30,2;20,16;10,2;null;,51444;
2013-04-27;null;null;0;null;null;8,4;null;2,05776;
2013-04-28;null;null;null;null;null;null;null;null;
2013-04-29;null;null;0;30;20,64;9,8;null;,77166;
2013-04-30;null;null;0;null;null;14;null;0;
2013-05-01;null;null;null;null;null;null;null;null;
2013-05-02;null;null;null;null;null;null;null;null;
2013-05-03;null;null;null;null;null;null;null;null;
2013-05-04;null;null;null;null;null;null;null;null;
2013-05-05;null;null;null;null;null;null;null;null;
2013-05-06;null;null;0;25,6;16,04;8,2;null;1,2861;
2013-05-07;null;null;0;24,4;16,48;5,8;null;,25722;
2013-05-08;null;null;0;24,4;14,92;5,4;null;1,2861;
2013-05-09;null;null;0;25,6;15,6;5,6;null;1,02888;
2013-05-10;null;null;0;null;null;6,8;null;1,54332;
2013-05-11;null;null;null;null;null;null;null;null;
2013-05-12;null;null;null;null;null;null;null;null;
2013-05-13;null;null;0;25,6;17,16;10,6;null;1,02888;
2013-05-14;null;null;0;29,2;19,56;14,2;null;,77166;
2013-05-15;null;null;0;29,4;22,44;16,2;null;1,54332;
2013-05-16;null;null;0;24,6;21,2;16,4;null;,77166;
2013-05-17;null;null;1,2;24,4;15,8;10,2;null;1,2861;
2013-05-18;null;null;0;null;null;16,2;null;1,54332;
2013-05-19;null;null;null;null;null;null;null;null;
2013-05-20;null;null;0;29,4;20,44;11,2;null;,77166;
2013-05-21;null;null;0;26,4;20,08;13,6;null;1,2861;
2013-05-22;null;null;0;22,8;17,92;14;null;,25722;
2013-05-23;null;null;10,2;18,4;15,2;12,6;null;1,2861;
2013-05-24;null;null;7,4;22,8;16,88;11,6;null;,51444;
2013-05-25;null;null;0;null;null;16,6;null;,51444;
2013-05-26;null;null;null;null;null;null;null;null;
2013-05-27;null;null;10,6;22,8;16,24;9,8;null;1,02888;
2013-05-28;null;null;14,2;23,8;16,12;12,2;null;1,2861;
2013-05-29;null;null;45,8;22,8;16,56;11,8;null;1,2861;
2013-05-30;null;null;null;null;null;null;null;null;
2013-05-31;null;null;0;null;null;13,8;null;,51444;
2013-06-01;null;null;null;null;null;null;null;null;
2013-06-02;null;null;null;null;null;null;null;null;
2013-06-03;null;null;0;23,4;16,44;11,2;null;,77166;
2013-06-04;null;null;0;23,6;16,32;10;null;,77166;
2013-06-05;null;null;0;27,9;17,5;10,4;null;,51444;
2013-06-06;null;null;0;26,4;17,32;11,8;null;,77166;
2013-06-07;null;null;0;29,6;19,76;13;null;,51444;
2013-06-08;null;null;0;29;19,12;11,8;null;1,02888;
2013-06-09;null;null;null;null;null;null;null;null;
2013-06-10;null;null;0;29,6;19,24;11,4;null;,51444;
2013-06-11;null;null;0;25;17,24;11;null;,77166;
2013-06-12;null;null;27,2;26,4;16,8;10,6;null;1,02888;
2013-06-13;null;null;0;23,4;16,44;11,2;null;,77166;
2013-06-14;null;null;0;26,4;16,56;10;null;1,02888;
2013-06-15;null;null;0;null;null;10,6;null;1,02888;
2013-06-16;null;null;null;null;null;null;null;null;
2013-06-17;null;null;12,4;25,6;18,68;11,8;null;,51444;
2013-06-18;null;null;0;23,4;16,32;11,4;null;1,02888;
2013-06-19;null;null;0;23,6;17,68;13,8;null;,77166;
2013-06-20;null;null;12,4;null;null;11,8;null;0;
2013-06-21;null;null;2,8;null;null;13,4;null;1,02888;
2013-06-22;null;null;null;null;null;null;null;null;
2013-06-23;null;null;null;null;null;null;null;null;
2013-06-24;null;null;null;null;null;null;null;null;
2013-06-25;null;null;13,8;17,8;13,36;9,2;null;,25722;
2013-06-26;null;null;31,8;19,4;14,84;9,6;null;,51444;
2013-06-27;null;null;15,2;23,6;16,32;9,2;null;,25722;
2013-06-28;null;null;0;25,6;18;10,4;null;,25722;
2013-06-29;null;null;null;null;null;null;null;null;

