Nome: MUNIZ FREIRE
Codigo Estacao: 83013
Latitude: -20.46611111
Longitude: -41.41222222
Altitude: 530
Situacao: Operante
Data Inicial: 2013-01-01
Data Final: 2013-06-29
Periodicidade da Medicao: Diaria

Data Medicao;EVAPORACAO DO PICHE, DIARIA(mm);INSOLACAO TOTAL, DIARIO(h);PRECIPITACAO TOTAL, DIARIO(mm);TEMPERATURA MAXIMA, DIARIA(°C);TEMPERATURA MEDIA COMPENSADA, DIARIA(°C);TEMPERATURA MINIMA, DIARIA(°C);UMIDADE RELATIVA DO AR, MEDIA DIARIA(%);VENTO, VELOCIDADE MEDIA DIARIA(m/s);
2013-01-01;2,8;null;0;31,3;null;19,4;null;null;
2013-01-02;1,9;null;0;34,9;null;19,3;null;null;
2013-01-03;5,5;null;0;32,3;null;20,6;null;null;
2013-01-04;5;null;0;31,8;null;19,8;null;null;
2013-01-05;3,4;null;0;32,3;null;19,1;null;null;
2013-01-06;8,1;null;0;35;null;20,3;null;null;
2013-01-07;6;null;0;33,4;null;20,4;null;null;
2013-01-08;2;null;0;31,4;null;22,1;null;null;
2013-01-09;7;null;0;32,2;null;21,2;null;null;
2013-01-10;6;null;0;31;null;21,4;null;null;
2013-01-11;3;null;0;26,1;null;21,3;null;null;
2013-01-12;2,3;null;37;29;null;17,1;null;null;
2013-01-13;4,2;null;6,4;30,1;null;18,4;null;null;
2013-01-14;4,2;null;0;30;null;20;null;null;
2013-01-15;3,3;null;0;31;null;20,2;null;null;
2013-01-16;5;null;5;30,1;null;20,1;null;null;
2013-01-17;3,7;null;30,1;28,4;null;20,3;null;null;
2013-01-18;2,3;null;15,2;30,4;null;19,4;null;null;
2013-01-19;2,5;null;5;32;null;20,4;null;null;
2013-01-20;2,2;null;57,2;28;null;18,2;null;null;
2013-01-21;2;null;23,1;27,4;null;18,1;null;null;
2013-01-22;1,6;null;0;25;null;18,4;null;null;
2013-01-23;1,7;null;1,2;25,1;null;13;null;null;
2013-01-24;3,7;null;0;28,2;null;19;null;null;
2013-01-25;5,3;null;0;32,2;null;20,1;null;null;
2013-01-26;4,3;null;3;28,1;null;22;null;null;
2013-01-27;1,2;null;0;26;null;22,1;null;null;
2013-01-28;1;null;15,3;24,2;null;19,2;null;null;
2013-01-29;1,3;null;13,3;25;null;19;null;null;
2013-01-30;,7;null;37,4;22,4;null;20,2;null;null;
2013-01-31;1,5;null;51,2;29;null;20,3;null;null;
2013-02-01;1,5;null;40;31;null;20;null;null;
2013-02-02;3,6;null;18,1;29,4;null;20,1;null;null;
2013-02-03;6,8;null;0;31,4;null;20,4;null;null;
2013-02-04;4,1;null;0;31,2;null;19,4;null;null;
2013-02-05;2,5;null;8;28;null;19,3;null;null;
2013-02-06;1,4;null;24,2;28,2;null;19;null;null;
2013-02-07;5,3;null;0;31;null;18,1;null;null;
2013-02-08;5,3;null;0;30,2;null;17,2;null;null;
2013-02-09;4,9;null;0;32;null;19,2;null;null;
2013-02-10;4,5;null;0;32,1;null;20;null;null;
2013-02-11;5;null;0;31,1;null;19;null;null;
2013-02-12;5;null;0;32;null;18,2;null;null;
2013-02-13;6,1;null;0;31,4;null;20;null;null;
2013-02-14;4,9;null;0;32,3;null;20,1;null;null;
2013-02-15;5;null;0;32,1;null;20,2;null;null;
2013-02-16;5;null;0;31,4;null;21,1;null;null;
2013-02-17;4,1;null;0;32,3;null;21;null;null;
2013-02-18;3,2;null;0;33,2;null;20;null;null;
2013-02-19;4,9;null;0;32,4;null;21,2;null;null;
2013-02-20;5,3;null;0;32,1;null;18,1;null;null;
2013-02-21;5,7;null;0;31;null;18,3;null;null;
2013-02-22;4,1;null;0;32,4;null;21;null;null;
2013-02-23;4,9;null;0;33,1;null;19,2;null;null;
2013-02-24;3,8;null;0;29;null;21;null;null;
2013-02-25;3,9;null;0;30,3;null;19;null;null;
2013-02-26;3,1;null;0;32,4;null;20,3;null;null;
2013-02-27;2,9;null;0;32,3;null;22,1;null;null;
2013-02-28;2,5;null;25,1;27,2;null;20,1;null;null;
2013-03-01;2,1;null;18,2;22,4;null;21;null;null;
2013-03-02;3,9;null;83,2;30;null;19,1;null;null;
2013-03-03;4,7;null;0;28,3;null;20,1;null;null;
2013-03-04;6,3;null;0;30,3;null;19;null;null;
2013-03-05;4,4;null;0;31,1;null;19,3;null;null;
2013-03-06;4;null;0;33,3;null;21,3;null;null;
2013-03-07;1,9;null;0;31,4;null;22;null;null;
2013-03-08;1,7;null;9;32;null;21,4;null;null;
2013-03-09;2;null;0;31,2;null;19,3;null;null;
2013-03-10;1,2;null;0;33,1;null;21;null;null;
2013-03-11;,8;null;0;32,2;null;20,3;null;null;
2013-03-12;1;null;29;33,3;null;20,4;null;null;
2013-03-13;1,1;null;0;34,1;null;22,2;null;null;
2013-03-14;1,3;null;21,4;27,3;null;20,3;null;null;
2013-03-15;1;null;16,3;24;null;20;null;null;
2013-03-16;3;null;2,1;31,2;null;18,4;null;null;
2013-03-17;4,8;null;22;31,1;null;19,4;null;null;
2013-03-18;1,2;null;0;24,3;null;21,3;null;null;
2013-03-19;1;null;53,2;21;null;17,3;null;null;
2013-03-20;,6;null;4,2;23,2;null;16,3;null;null;
2013-03-21;2,8;null;5,3;29,2;null;18,1;null;null;
2013-03-22;3,5;null;0;30,4;null;20;null;null;
2013-03-23;1,8;null;0;28,2;null;21,4;null;null;
2013-03-24;1,4;null;10,2;26,2;null;19,3;null;null;
2013-03-25;3,3;null;1;30,1;null;18,3;null;null;
2013-03-26;2,8;null;1,4;30,4;null;20,3;null;null;
2013-03-27;1,8;null;0;28,2;null;21,3;null;null;
2013-03-28;1;null;20,4;22,3;null;20;null;null;
2013-03-29;,9;null;7;21,3;null;18;null;null;
2013-03-30;1,5;null;21,1;22;null;18,2;null;null;
2013-03-31;1;null;0;24,4;null;18,4;null;null;
2013-04-01;2;null;0;29,4;null;19,4;null;null;
2013-04-02;2,6;null;0;31;null;20,4;null;null;
2013-04-03;1,7;null;2,2;28,3;null;18,2;null;null;
2013-04-04;3,1;null;37;28,1;null;20,1;null;null;
2013-04-05;3,1;null;0;28,4;null;20;null;null;
2013-04-06;3;null;0;32;null;20,1;null;null;
2013-04-07;2,3;null;1;30,2;null;19,4;null;null;
2013-04-08;1,2;null;5;25,1;null;20,1;null;null;
2013-04-09;,5;null;30;23,2;null;14;null;null;
2013-04-10;,8;null;12;21,1;null;18,3;null;null;
2013-04-11;,9;null;1,4;24,2;null;17,1;null;null;
2013-04-12;2,8;null;0;27,1;null;19,2;null;null;
2013-04-13;4;null;0;28,4;null;19;null;null;
2013-04-14;1;null;0;23,3;null;21,4;null;null;
2013-04-15;2;null;2;23,1;null;17,1;null;null;
2013-04-16;3,6;null;0;29,2;null;18,1;null;null;
2013-04-17;3,2;null;0;27;null;18;null;null;
2013-04-18;3,2;null;0;27,2;null;14,3;null;null;
2013-04-19;2,5;null;0;27,2;null;17,1;null;null;
2013-04-20;2,5;null;0;26;null;15;null;null;
2013-04-21;2,2;null;0;23,1;null;14;null;null;
2013-04-22;1;null;0;20;null;15;null;null;
2013-04-23;1,8;null;2,2;21,3;null;14,3;null;null;
2013-04-24;2,2;null;0;26,3;null;16,3;null;null;
2013-04-25;2,4;null;0;26,1;null;15;null;null;
2013-04-26;2,6;null;0;27;null;11,4;null;null;
2013-04-27;1;null;0;28,1;null;15,1;null;null;
2013-04-28;3,6;null;0;28;null;13,4;null;null;
2013-04-29;2,7;null;0;25,1;null;14;null;null;
2013-04-30;3,7;null;0;30;null;14,2;null;null;
2013-05-01;2,1;null;0;28,2;null;14,3;null;null;
2013-05-02;2,8;null;0;28,3;null;17,4;null;null;
2013-05-03;3,6;null;0;28,2;null;14,4;null;null;
2013-05-04;4,4;null;0;30,1;null;13,2;null;null;
2013-05-05;4,2;null;0;31,2;null;13,4;null;null;
2013-05-06;1,8;null;0;30,3;null;15;null;null;
2013-05-07;3,4;null;0;26;null;16,4;null;null;
2013-05-08;3,1;null;0;25,2;null;16,2;null;null;
2013-05-09;2,2;null;0;24,4;null;15,4;null;null;
2013-05-10;2,5;null;0;23,3;null;16;null;null;
2013-05-11;1,8;null;0;23,4;null;14;null;null;
2013-05-12;3,2;null;0;27,4;null;13;null;null;
2013-05-13;2,8;null;0;27;null;13,1;null;null;
2013-05-14;3;null;0;28,3;null;15,1;null;null;
2013-05-15;3,1;null;0;28;null;14,3;null;null;
2013-05-16;3,2;null;0;28,1;null;16;null;null;
2013-05-17;1,8;null;0;27;null;16,2;null;null;
2013-05-18;1,4;null;27,2;20,1;null;17,4;null;null;
2013-05-19;2;null;3;22;null;16,4;null;null;
2013-05-20;1;null;0;26;null;15;null;null;
2013-05-21;2,4;null;0;27,3;null;15,1;null;null;
2013-05-22;1,7;null;0;24,2;null;18,3;null;null;
2013-05-23;,9;null;9,4;20,2;null;16,1;null;null;
2013-05-24;2,5;null;1,2;22,4;null;15,1;null;null;
2013-05-25;,6;null;14,2;18,2;null;16;null;null;
2013-05-26;1,7;null;2;24,2;null;14;null;null;
2013-05-27;2,5;null;0;23,2;null;14,2;null;null;
2013-05-28;2,2;null;4;27,3;null;15,3;null;null;
2013-05-29;2,6;null;8,1;26,4;null;11,3;null;null;
2013-05-30;2,7;null;0;27;null;11,4;null;null;
2013-05-31;1,2;null;0;24,3;null;17,2;null;null;
2013-06-01;3;null;0;26,2;null;17,1;null;null;
2013-06-02;3,5;null;0;28;null;16;null;null;
2013-06-03;3,9;null;0;28,1;null;16;null;null;
2013-06-04;3,4;null;19;20,3;null;16,1;null;null;
2013-06-05;2,6;null;1,2;24,3;null;16;null;null;
2013-06-06;2,9;null;0;25,3;null;16,1;null;null;
2013-06-07;2,4;null;0;27;null;15,3;null;null;
2013-06-08;1,8;null;0;25,3;null;17;null;null;
2013-06-09;2,7;null;8,3;20;null;16,3;null;null;
2013-06-10;2;null;0;23,2;null;14,3;null;null;
2013-06-11;2,7;null;0;27,1;null;12,1;null;null;
2013-06-12;3;null;0;27,3;null;12,4;null;null;
2013-06-13;3;null;0;27,4;null;13,3;null;null;
2013-06-14;2;null;0;27;null;18;null;null;
2013-06-15;1,3;null;0;25,2;null;18,2;null;null;
2013-06-16;2,7;null;12;22,3;null;16,4;null;null;
2013-06-17;3,3;null;0;25,2;null;15;null;null;
2013-06-18;2,5;null;0;26,1;null;14;null;null;
2013-06-19;2,3;null;0;26,2;null;14,4;null;null;
2013-06-20;2,2;null;0;26,3;null;13,1;null;null;
2013-06-21;4,1;null;0;25;null;12,3;null;null;
2013-06-22;3,6;null;0;28,2;null;18;null;null;
2013-06-23;1,3;null;0;20;null;17,3;null;null;
2013-06-24;,7;null;2;20,1;null;16,4;null;null;
2013-06-25;2;null;1;23,3;null;16;null;null;
2013-06-26;3;null;0;25;null;12,4;null;null;
2013-06-27;2,6;null;0;26,1;null;14,2;null;null;
2013-06-28;2,4;null;0;27,3;null;13,2;null;null;
2013-06-29;3,5;null;0;27,2;null;16,1;null;null;

