Nome: CRUZ DAS ALMAS
Codigo Estacao: 83222
Latitude: -12.67527777
Longitude: -39.08972221
Altitude: 219.69
Situacao: Operante
Data Inicial: 2013-01-01
Data Final: 2016-01-31
Periodicidade da Medicao: Diaria

Data Medicao;EVAPORACAO DO PICHE, DIARIA(mm);INSOLACAO TOTAL, DIARIO(h);PRECIPITACAO TOTAL, DIARIO(mm);TEMPERATURA MAXIMA, DIARIA(°C);TEMPERATURA MEDIA COMPENSADA, DIARIA(°C);TEMPERATURA MINIMA, DIARIA(°C);UMIDADE RELATIVA DO AR, MEDIA DIARIA(%);VENTO, VELOCIDADE MEDIA DIARIA(m/s);
2013-01-01;5,9;4,7;0;null;null;null;null;null;
2013-01-02;5,9;1,6;0;null;null;null;null;null;
2013-01-03;6,4;3,1;0;null;null;null;null;null;
2013-01-04;6,4;8,9;0;null;null;null;null;null;
2013-01-05;7;8,3;0;null;null;null;null;null;
2013-01-06;7,3;10,1;0;null;null;null;null;null;
2013-01-07;7,9;10,9;0;null;null;null;null;null;
2013-01-08;7,6;10,5;0;null;null;null;null;null;
2013-01-09;8,5;10,4;0;null;null;null;null;null;
2013-01-10;7,7;10,3;0;null;null;null;null;null;
2013-01-11;8,3;10,1;0;null;null;null;null;null;
2013-01-12;null;null;null;null;null;null;null;null;
2013-01-13;7,1;6,5;0;null;null;null;null;null;
2013-01-14;5,2;3,4;,4;null;null;23,9;null;null;
2013-01-15;null;7,1;,1;null;null;null;null;null;
2013-01-16;5,4;6;0;null;null;23,4;null;null;
2013-01-17;5,9;2;0;null;null;24,5;null;null;
2013-01-18;4,9;6;1;null;null;22,3;null;null;
2013-01-19;5;0;0;null;null;24,7;null;null;
2013-01-20;1,9;6,5;0;null;null;null;null;null;
2013-01-21;4;6,5;1,8;null;null;22,3;null;null;
2013-01-22;3,5;4;11;null;null;23,2;null;null;
2013-01-23;2,5;0;72;null;null;null;null;null;
2013-01-24;2,4;3,5;,2;null;null;null;null;null;
2013-01-25;4,2;8,7;0;null;null;null;null;null;
2013-01-26;5;10,4;0;null;null;null;null;null;
2013-01-27;4,3;6,5;0;null;null;null;null;null;
2013-01-28;4,6;9,4;0;null;null;23;null;null;
2013-01-29;5,7;7,9;0;null;null;22,4;null;null;
2013-01-30;4,6;10,3;0;null;null;null;null;null;
2013-01-31;5,8;10,7;0;null;null;22,5;null;null;
2013-02-01;6;10,4;0;null;null;22,1;null;null;
2013-02-02;6,7;10,4;0;null;null;null;null;null;
2013-02-03;6,2;9,9;0;null;null;null;null;null;
2013-02-04;6,7;10,7;0;null;null;22,7;null;null;
2013-02-05;6,3;11;0;null;null;22,3;null;null;
2013-02-06;6,5;11,1;0;null;null;22,6;null;null;
2013-02-07;7,2;7,7;0;null;null;null;null;null;
2013-02-08;4,3;5,2;6,4;null;null;23,7;null;null;
2013-02-09;3,3;9,8;,1;null;null;null;null;null;
2013-02-10;6,5;11;0;null;null;null;null;null;
2013-02-11;6,5;3,9;,1;null;null;null;null;null;
2013-02-12;4,3;10;0;null;null;null;null;null;
2013-02-13;6,4;null;0;null;null;22,1;null;null;
2013-02-14;7,3;10,9;0;null;null;22,3;null;null;
2013-02-15;7,3;11,2;0;null;null;22,5;null;null;
2013-02-16;6,4;10,4;0;null;null;null;null;null;
2013-02-17;7,3;11,1;0;null;null;null;null;null;
2013-02-18;7,2;10,9;0;null;null;null;null;null;
2013-02-19;7;9;,8;null;null;null;null;null;
2013-02-20;7,3;7,7;2;null;null;null;null;null;
2013-02-21;5,5;3,6;,7;null;null;null;null;null;
2013-02-22;3,3;5,8;53;null;null;null;null;null;
2013-02-23;3,3;2,8;0;null;null;null;null;null;
2013-02-24;4,1;5,2;0;null;null;null;null;null;
2013-02-25;2,9;4,2;1,8;null;null;22,7;null;null;
2013-02-26;2,5;7,6;11,4;null;null;22,2;null;null;
2013-02-27;3,7;8,8;0;null;null;null;null;null;
2013-02-28;5,2;10,7;0;null;null;23,5;null;null;
2013-03-01;5,7;10,9;0;null;null;22,3;null;null;
2013-03-02;6;8,4;0;null;null;null;null;null;
2013-03-03;6,7;9,8;0;null;null;22,2;null;null;
2013-03-04;6,2;10,5;,2;null;null;22,9;null;null;
2013-03-05;1,2;10,6;0;null;null;23,3;null;null;
2013-03-06;5,2;10,1;0;null;null;23,7;null;null;
2013-03-07;6;10,7;0;null;null;23,2;null;null;
2013-03-08;5,8;8,8;0;null;null;21,5;null;null;
2013-03-09;6,3;10,8;0;null;null;null;null;null;
2013-03-10;5,9;8,3;0;null;null;null;null;null;
2013-03-11;5,7;8,5;0;null;null;24,4;null;null;
2013-03-12;5,8;9,3;0;null;null;null;null;null;
2013-03-13;6,1;10,1;0;null;null;23,3;null;null;
2013-03-14;6,8;8,7;0;null;null;null;null;null;
2013-03-15;6,2;8,8;0;null;null;null;null;null;
2013-03-16;6,2;,8;1,5;null;null;null;null;null;
2013-03-17;2,5;6,4;0;null;null;null;null;null;
2013-03-18;4,1;9,4;,6;null;null;null;null;null;
2013-03-19;5,7;9,8;1;null;null;null;null;null;
2013-03-20;6;6,9;,7;null;null;22,6;null;null;
2013-03-21;3,9;9,6;2,6;null;null;null;null;null;
2013-03-22;5;7,3;0;null;null;23,9;null;null;
2013-03-23;null;8,5;0;null;null;null;null;null;
2013-03-24;5,5;5,8;0;null;null;null;null;null;
2013-03-25;6,6;7,3;0;null;null;null;null;null;
2013-03-26;6,2;9,1;0;null;null;22,7;null;null;
2013-03-27;6,1;8,8;0;null;null;23,1;null;null;
2013-03-28;6,4;10,1;0;null;null;23,5;null;null;
2013-03-29;6,2;8;0;null;null;null;null;null;
2013-03-30;null;6,1;4,8;null;null;null;null;null;
2013-03-31;2,9;9,2;7,6;null;null;null;null;null;
2013-04-01;4,8;5,7;0;null;null;null;null;null;
2013-04-02;3,3;9,1;,2;null;null;null;null;null;
2013-04-03;5,6;null;11,2;null;null;22,2;null;null;
2013-04-04;5;null;0;null;null;null;null;null;
2013-04-05;5,6;9,4;0;null;null;23;null;null;
2013-04-06;4,6;8,8;0;null;null;null;null;null;
2013-04-07;4,6;2,7;0;null;null;null;null;null;
2013-04-08;4,1;7,3;0;null;null;null;null;null;
2013-04-09;5,8;8;0;null;null;null;null;null;
2013-04-10;6,1;7,9;0;null;null;null;null;null;
2013-04-11;5,8;9,1;0;null;null;null;null;null;
2013-04-12;6,3;8,6;0;null;null;null;null;null;
2013-04-13;5,6;7,6;0;null;null;null;null;null;
2013-04-14;4,8;9,7;0;null;null;null;null;null;
2013-04-15;5,4;4,2;0;null;null;null;null;null;
2013-04-16;3,3;6,8;,7;null;null;null;null;null;
2013-04-17;2,5;1,7;7,5;null;null;null;null;null;
2013-04-18;1,9;3;5,4;null;null;null;null;null;
2013-04-19;1,7;null;2,1;null;null;null;null;null;
2013-04-20;1,1;0;32,8;null;null;null;null;null;
2013-04-21;,8;0;12,7;null;null;null;null;null;
2013-04-22;1,5;9,2;5,3;null;null;null;null;null;
2013-04-23;3,2;7;2,8;null;null;null;null;null;
2013-04-24;1,8;1;5;null;null;null;null;null;
2013-04-25;1;,3;18,4;null;null;null;null;null;
2013-04-26;,8;,4;32,2;null;null;null;null;null;
2013-04-27;1,2;5,7;0;null;null;null;null;null;
2013-04-28;1,2;4,2;,2;null;null;null;null;null;
2013-04-29;2;3,7;2,4;null;null;null;null;null;
2013-04-30;1,3;1,3;3,1;null;null;null;null;null;
2013-05-01;1,1;5,9;1,3;null;null;null;null;null;
2013-05-02;1,6;null;0;null;null;null;null;null;
2013-05-03;1,5;3,5;0;null;null;21,9;null;null;
2013-05-04;,9;6;3,4;null;null;null;null;null;
2013-05-05;1,2;9,9;0;null;null;null;null;null;
2013-05-06;1,4;9,8;0;null;null;null;null;null;
2013-05-07;1,3;10,1;0;null;null;null;null;null;
2013-05-08;1,3;6,6;0;null;null;null;null;null;
2013-05-09;1,2;5;0;null;null;null;null;null;
2013-05-10;1,2;4,3;2,6;null;null;null;null;null;
2013-05-11;null;null;,6;null;null;null;null;null;
2013-05-12;,7;2,2;25;null;null;null;null;null;
2013-05-13;,9;null;2,9;null;null;21,9;null;null;
2013-05-14;1,2;7,8;3;null;null;22,1;null;null;
2013-05-15;1,3;5,9;6,7;null;null;null;null;null;
2013-05-16;1,4;3,9;19,8;null;null;22,1;null;null;
2013-05-17;,7;1,9;2,1;null;null;null;null;null;
2013-05-18;2;5,6;,5;null;null;null;null;null;
2013-05-19;2;0;6,8;null;null;null;null;null;
2013-05-20;null;null;36,2;null;null;20,5;null;null;
2013-05-21;1,7;8,5;0;null;null;19,7;null;null;
2013-05-22;1,6;9,8;0;null;null;18,9;null;null;
2013-05-23;1,5;null;0;null;null;null;null;null;
2013-05-24;1,3;6,9;0;null;null;null;null;null;
2013-05-25;1,2;9,2;0;null;null;null;null;null;
2013-05-26;1,4;0;0;null;null;null;null;null;
2013-05-27;,9;0;18,1;null;null;20,9;null;null;
2013-05-28;1,1;9;1,5;null;null;20,6;null;null;
2013-05-29;1;9,5;0;null;null;20,5;null;null;
2013-05-30;1;6,6;0;null;null;null;null;null;
2013-05-31;1;7,5;0;null;null;21,3;null;null;
2013-06-01;null;3,3;,9;null;null;null;null;null;
2013-06-02;,8;1;12,4;null;null;null;null;null;
2013-06-03;,8;7,2;1,6;null;null;null;null;null;
2013-06-04;,7;5,9;,6;null;null;null;null;null;
2013-06-05;,8;2,4;17,2;null;null;null;null;null;
2013-06-06;,7;0;11,2;null;null;null;null;null;
2013-06-07;,4;5,5;17,9;null;null;null;null;null;
2013-06-08;1;7,3;3,5;null;null;null;null;null;
2013-06-09;,9;2,5;9,4;null;null;null;null;null;
2013-06-10;1,3;3,5;13,8;null;null;20,7;null;null;
2013-06-11;1,6;5,2;2;null;null;20,5;null;null;
2013-06-12;1,3;1,1;3,4;null;null;21,3;null;null;
2013-06-13;1,1;6,3;4,1;null;null;20,9;null;null;
2013-06-14;1,8;1,7;2,3;null;null;null;null;null;
2013-06-15;1,1;,4;,3;null;null;null;null;null;
2013-06-16;1,2;2,5;11,2;null;null;null;null;null;
2013-06-17;1,4;,2;1;null;null;null;null;null;
2013-06-18;,5;,4;0;null;null;21,7;null;null;
2013-06-19;,8;2,1;45,1;null;null;null;null;null;
2013-06-20;1,7;5,4;1,6;null;null;null;null;null;
2013-06-21;1,9;,5;2,6;null;null;null;null;null;
2013-06-22;,7;4,6;,6;null;null;null;null;null;
2013-06-23;2,4;7,4;0;null;null;null;null;null;
2013-06-24;2,1;8,9;0;null;null;null;null;0;
2013-06-25;null;null;null;null;null;null;null;null;
2013-06-26;null;null;null;null;null;null;null;null;
2013-06-27;null;,8;3,4;null;null;19;null;null;
2013-06-28;,6;3;15,2;null;null;20,5;null;null;
2013-06-29;1,9;null;0;null;null;null;null;null;
2013-06-30;2,3;null;0;null;null;null;null;null;
2013-07-01;2,5;6,9;0;null;null;null;null;null;
2013-07-02;null;8,8;0;null;null;null;null;null;
2013-07-03;1,5;5,2;0;null;null;null;null;null;
2013-07-04;2,5;4,2;4,5;null;null;20,5;null;null;
2013-07-05;1,5;4,9;15,2;null;null;null;null;null;
2013-07-06;1,4;1,5;10,9;null;null;null;null;null;
2013-07-07;,9;2,8;11,7;null;null;null;null;null;
2013-07-08;1,2;9,1;,4;null;null;null;null;null;
2013-07-09;2,5;3,1;0;null;null;null;null;null;
2013-07-10;1,5;9,2;8;null;null;null;null;null;
2013-07-11;2,8;,7;3,9;null;null;null;null;null;
2013-07-12;,4;6,1;10,1;null;null;null;null;null;
2013-07-13;1,4;2,1;7;null;null;null;null;null;
2013-07-14;3,4;4,6;3,4;null;null;null;null;null;
2013-07-15;1,4;3,1;,8;null;null;20,4;null;null;
2013-07-16;1,6;9,2;0;null;null;null;null;null;
2013-07-17;2,2;4,5;0;null;null;19,1;null;null;
2013-07-18;3;7,5;0;null;null;18,7;null;null;
2013-07-19;3,4;1,6;0;null;null;20,5;null;null;
2013-07-20;1,9;,6;1,1;null;null;null;null;null;
2013-07-21;1,8;9,1;,3;null;null;null;null;null;
2013-07-22;2,7;8,5;0;null;null;null;null;null;
2013-07-23;2,4;1,3;6,4;null;null;19,1;null;null;
2013-07-24;1,6;9,5;,8;null;null;null;null;null;
2013-07-25;3,5;2,5;0;null;null;null;null;null;
2013-07-26;1,6;null;9,2;null;null;null;null;null;
2013-07-27;,6;null;19,3;null;null;null;null;null;
2013-07-28;,8;null;15,7;null;null;null;null;null;
2013-07-29;1,5;null;1,5;null;null;null;null;null;
2013-07-30;1,3;null;3,3;null;null;19,3;null;null;
2013-07-31;2;null;3,8;null;null;18,8;null;null;
2013-08-01;null;10,4;,3;null;null;null;null;null;
2013-08-02;4,3;8,9;0;null;null;null;null;null;
2013-08-03;4;4,5;7,1;null;null;null;null;null;
2013-08-04;2,8;5,8;,3;null;null;null;null;null;
2013-08-05;3,9;9,2;0;null;null;null;null;null;
2013-08-06;2,7;0;7,8;null;null;null;null;null;
2013-08-07;,8;6,3;15,8;null;null;19,3;null;null;
2013-08-08;3;3,7;,2;null;null;18,1;null;null;
2013-08-09;,2;6,7;2;null;null;19,1;null;null;
2013-08-10;3;,6;6,2;null;null;null;null;null;
2013-08-11;1,7;5,3;,4;null;null;null;null;null;
2013-08-12;3,3;1,6;0;null;null;null;null;null;
2013-08-13;2,6;1,5;5,1;null;null;null;null;null;
2013-08-14;1,4;8,2;3,4;null;null;null;null;null;
2013-08-15;2,5;7,8;0;null;null;18,2;null;null;
2013-08-16;3,3;10,3;0;null;null;null;null;null;
2013-08-17;2,9;3,8;9,8;null;null;null;null;null;
2013-08-18;2,3;3,3;8,4;null;null;null;null;null;
2013-08-19;3;null;0;null;null;null;null;null;
2013-08-20;3;1,1;6,4;null;null;null;null;null;
2013-08-21;1,3;4,5;9,6;null;null;null;null;null;
2013-08-22;1,6;7,6;4,3;null;null;null;null;null;
2013-08-23;4,3;9,8;7,2;null;null;null;null;null;
2013-08-24;3,3;null;3,8;null;null;null;null;null;
2013-08-25;,8;null;8,7;null;null;null;null;null;
2013-08-26;3;null;,5;null;null;19,8;null;null;
2013-08-27;3;null;0;null;null;18,1;null;null;
2013-08-28;2;null;0;null;null;18;null;null;
2013-08-29;3;null;0;null;null;19,9;null;null;
2013-08-30;2,8;null;2;null;null;19,9;null;null;
2013-08-31;,9;null;12,2;null;null;null;null;null;
2013-09-01;,5;9,2;17,2;null;null;null;null;null;
2013-09-02;3,7;9,6;0;null;null;18,5;null;null;
2013-09-03;3,6;9,4;0;null;null;18,5;null;null;
2013-09-04;3,1;9,2;0;null;null;18,8;null;null;
2013-09-05;3,9;9,4;0;null;null;19,6;null;null;
2013-09-06;3,3;1,3;1,2;null;null;20,4;null;null;
2013-09-07;2,1;1;2,5;null;null;null;null;null;
2013-09-08;1,5;6,2;6,3;null;null;null;null;null;
2013-09-09;3,4;6,9;6,3;null;null;18,7;null;null;
2013-09-10;2,7;5,1;3,4;null;null;18,2;null;null;
2013-09-11;3,4;6,1;6,6;null;null;18,3;null;null;
2013-09-12;2,4;7,5;6,2;null;null;18,7;null;null;
2013-09-13;3,6;6,8;8,3;null;null;18,9;null;null;
2013-09-14;2,9;3,7;3,3;null;null;null;null;null;
2013-09-15;1,9;4,4;3,9;null;null;null;null;null;
2013-09-16;2,7;4,4;0;null;null;19,6;null;null;
2013-09-17;2,1;6,4;0;null;null;18,5;null;null;
2013-09-18;3;5,4;0;null;null;20,7;null;null;
2013-09-19;2,3;7,6;5,2;null;null;null;null;null;
2013-09-20;3,9;7,6;0;null;null;null;null;null;
2013-09-21;3,8;8,8;,4;null;null;null;null;null;
2013-09-22;4;2,3;,2;null;null;null;null;null;
2013-09-23;1,6;10,5;0;null;null;21,3;null;null;
2013-09-24;3;null;0;null;null;18,2;null;null;
2013-09-25;3,7;9,8;0;null;null;19,2;null;null;
2013-09-26;3,7;6,3;0;null;null;20,9;null;null;
2013-09-27;3,6;5,9;0;null;null;null;null;null;
2013-09-28;3,5;null;0;null;null;null;null;null;
2013-09-29;2,7;null;,2;null;null;null;null;null;
2013-09-30;3,3;null;0;null;null;19,7;null;null;
2013-10-01;null;null;null;null;null;null;null;null;
2013-10-02;2,8;9,1;0;null;null;null;null;null;
2013-10-03;4,1;9,7;0;null;null;null;null;null;
2013-10-04;null;10,4;0;null;null;19;null;null;
2013-10-05;4,6;8,1;0;null;null;null;null;null;
2013-10-06;4,7;6,8;0;null;null;null;null;null;
2013-10-07;5,6;8,6;0;null;null;null;null;null;
2013-10-08;4,8;5,3;0;null;null;21,4;null;null;
2013-10-09;4,8;,2;2,2;null;null;19,9;null;null;
2013-10-10;1,3;5,8;38,6;null;null;null;null;null;
2013-10-11;1,8;null;24,2;null;null;18,8;null;null;
2013-10-12;3;2,6;3,2;null;null;null;null;null;
2013-10-13;3,2;5,2;1,9;null;null;null;null;null;
2013-10-14;4,7;1,6;1;null;null;18,5;null;null;
2013-10-15;1,9;7,3;6,4;null;null;21,3;null;null;
2013-10-16;3,6;2,9;,6;null;null;null;null;null;
2013-10-17;1,8;4,5;6,4;null;null;null;null;null;
2013-10-18;3,6;10;0;null;null;null;null;null;
2013-10-19;3,5;8,1;0;null;null;null;null;null;
2013-10-20;3,7;5,3;0;null;null;null;null;null;
2013-10-21;3,2;7,6;0;null;null;22,6;null;null;
2013-10-22;4,7;null;0;null;null;21,1;null;null;
2013-10-23;4,7;9,8;0;null;null;20,7;null;null;
2013-10-24;5,4;9,7;,7;null;null;21;null;null;
2013-10-25;4,6;9,7;0;null;null;19,1;null;null;
2013-10-26;4,1;8,9;0;null;null;null;null;null;
2013-10-27;4,8;10,7;0;null;null;null;null;0;
2013-10-28;4,4;10,6;0;null;null;21,7;null;null;
2013-10-29;4,6;9,6;4,6;null;null;22,9;null;null;
2013-10-30;4,1;4,5;,6;null;null;21,8;null;null;
2013-10-31;3,5;5,6;0;null;null;null;null;null;
2013-11-01;4,9;10,4;0;null;null;21,9;null;null;
2013-11-02;4,6;3,3;12,2;null;null;null;null;null;
2013-11-03;2,1;,5;21,5;null;null;null;null;null;
2013-11-04;,9;4,7;11;null;null;null;null;null;
2013-11-05;2;8,7;0;null;null;null;null;null;
2013-11-06;4,6;5,9;0;null;null;null;null;null;
2013-11-07;3,2;8,9;0;null;null;21,9;null;null;
2013-11-08;4,3;11;0;null;null;21,3;null;null;
2013-11-09;4,6;7;0;null;null;null;null;null;
2013-11-10;4,5;6,5;0;null;null;null;null;null;
2013-11-11;4,5;5,1;0;null;null;22,9;null;null;
2013-11-12;4,3;7,3;0;null;null;21,3;null;null;
2013-11-13;4,9;8,6;0;null;null;null;null;null;
2013-11-14;4,7;7,5;3,4;null;null;null;null;null;
2013-11-15;5,4;7,6;1,2;null;null;null;null;null;
2013-11-16;4;8,7;2,5;null;null;null;null;null;
2013-11-17;5,4;10,8;0;null;null;null;null;null;
2013-11-18;6,5;8,6;0;null;null;20,7;null;null;
2013-11-19;4,7;7,3;,7;null;null;null;null;null;
2013-11-20;3,9;6,8;5,5;null;null;null;null;null;
2013-11-21;3,9;6,5;,2;null;null;19,3;null;null;
2013-11-22;4,4;9,6;0;null;null;18,4;null;null;
2013-11-23;4,8;null;0;null;null;null;null;null;
2013-11-24;5,3;null;0;null;null;null;null;null;
2013-11-25;5,1;null;0;null;null;null;null;null;
2013-11-26;5;null;0;null;null;null;null;null;
2013-11-27;4;null;,8;null;null;22,7;null;null;
2013-11-28;1,8;null;15;null;null;22,5;null;null;
2013-11-29;,5;null;15,4;null;null;21,7;null;null;
2013-11-30;2,9;null;,2;null;null;null;null;null;
2013-12-01;5;11,1;,3;null;null;22,5;null;null;
2013-12-02;4,5;10,4;,3;null;null;21,7;null;null;
2013-12-03;4,7;10;0;null;null;21,8;null;null;
2013-12-04;4,1;4,1;0;null;null;22,5;null;null;
2013-12-05;2,1;3,8;0;null;null;23,7;null;null;
2013-12-06;4,5;5,5;0;null;null;22,3;null;null;
2013-12-07;4,8;4,6;0;null;null;23,5;null;null;
2013-12-08;3,9;2,6;0;null;null;23,6;null;null;
2013-12-09;4,1;10,5;,2;null;null;23,1;null;null;
2013-12-10;6,1;8,9;0;null;null;20,7;null;null;
2013-12-11;6,1;9,9;0;null;null;20,8;null;null;
2013-12-12;5,7;7,5;0;null;null;22,1;null;null;
2013-12-13;6;0;0;null;null;23,6;null;null;
2013-12-14;1,6;6,3;1,4;null;null;22,9;null;null;
2013-12-15;4,9;5,4;0;null;null;22,9;null;null;
2013-12-16;4,8;,9;0;null;null;22,9;null;null;
2013-12-17;null;0;,6;null;null;23,2;null;null;
2013-12-18;1,4;0;41;null;null;22,4;null;null;
2013-12-19;,5;,1;3,8;null;null;22,5;null;null;
2013-12-20;1,8;0;2,1;null;null;22,9;null;null;
2013-12-21;,8;0;6,1;null;null;22,5;null;null;
2013-12-22;1,5;0;16;null;null;23,2;null;null;
2013-12-23;1,3;1,3;,6;null;null;23,5;null;null;
2013-12-24;3,6;2,4;0;null;null;22,7;null;null;
2013-12-25;3,3;6,8;0;null;null;23,5;null;null;
2013-12-26;3,9;9,7;0;null;null;22,7;null;null;
2013-12-27;4,4;2,1;0;null;null;22,7;null;null;
2013-12-28;4;4,1;,3;null;null;23,3;null;null;
2013-12-29;4,5;8,9;0;null;null;22,2;null;null;
2013-12-30;5,3;11;0;null;null;21,1;null;null;
2013-12-31;5;null;0;null;null;20,9;null;null;
2014-01-01;5,2;9,9;0;null;null;22,3;null;null;
2014-01-02;5,9;11,7;0;null;null;21,7;null;null;
2014-01-03;5,8;10,9;0;null;null;21,5;null;null;
2014-01-04;5,7;11,9;0;null;null;21,3;null;null;
2014-01-05;6,6;11,9;0;null;null;21;null;null;
2014-01-06;7;3,9;0;null;null;21,7;null;null;
2014-01-07;3;7,4;,1;null;null;20,8;null;null;
2014-01-08;4,8;11;3,6;null;null;20,9;null;null;
2014-01-09;5,1;9,9;3,8;null;null;20,8;null;null;
2014-01-10;4,5;null;0;null;null;22;null;null;
2014-01-11;3,7;7,2;0;null;null;22,6;null;null;
2014-01-12;5,1;9,4;2,9;null;null;22;null;null;
2014-01-13;5;8,2;,5;null;null;22,3;null;null;
2014-01-14;4,9;8,5;0;null;null;21,9;null;null;
2014-01-15;5,5;5,5;0;null;null;22,1;null;null;
2014-01-16;4,3;6,8;0;null;null;21,7;null;null;
2014-01-17;5;10,6;0;null;null;19,9;null;null;
2014-01-18;4,8;10,1;0;null;null;21,9;null;null;
2014-01-19;5,1;4,7;0;null;null;22,5;null;null;
2014-01-20;5,2;3,5;0;null;null;23,3;null;null;
2014-01-21;5,3;2,8;,4;null;null;22,5;null;null;
2014-01-22;3,1;2;3,3;null;null;22,5;null;null;
2014-01-23;4,7;4,2;0;null;null;21,9;null;null;
2014-01-24;5,2;7,3;0;null;null;19,7;null;null;
2014-01-25;5,5;9,6;0;null;null;23,1;null;null;
2014-01-26;7,4;10,4;0;null;null;21,1;null;null;
2014-01-27;6,8;6,8;5;null;null;23,3;null;null;
2014-01-28;3,6;5,6;9;null;null;21,4;null;null;
2014-01-29;3,8;7,5;3,7;null;null;20,9;null;null;
2014-01-30;5;10,5;0;null;null;22,1;null;null;
2014-01-31;4,3;9,1;0;null;null;21,3;null;null;
2014-02-01;3,6;null;4,2;null;null;21,3;null;null;
2014-02-02;4,4;3,6;0;null;null;21,3;null;null;
2014-02-03;5;8,8;0;null;null;21,5;null;null;
2014-02-04;6,1;6,3;47,5;null;null;22,5;null;null;
2014-02-05;2,8;7,2;9,8;null;null;22,3;null;null;
2014-02-06;null;10,4;5,6;null;null;null;null;null;
2014-02-07;2,2;4,7;7,2;null;null;21,7;null;null;
2014-02-08;3,2;1;8;null;null;21,7;null;null;
2014-02-09;2,1;7,2;11,2;null;null;21,1;null;null;
2014-02-10;3,9;7;,5;null;null;21,2;null;null;
2014-02-11;4;8,2;,3;null;null;22,3;null;null;
2014-02-12;4,8;2,6;0;null;null;21,7;null;null;
2014-02-13;3,9;5,9;,5;null;null;22,5;null;null;
2014-02-14;4,1;6,7;0;null;null;21,9;null;null;
2014-02-15;4,6;null;0;null;null;21,7;null;null;
2014-02-16;3,9;null;0;null;null;21,8;null;null;
2014-02-17;4,7;null;0;null;null;22,1;null;null;
2014-02-18;5;null;0;null;null;21,2;null;null;
2014-02-19;5,2;null;0;null;null;22,3;null;null;
2014-02-20;4,3;null;0;null;null;23,3;null;null;
2014-02-21;3,2;10,6;,2;null;null;22,5;null;null;
2014-02-22;null;null;null;null;null;null;null;null;
2014-02-23;0;null;4,5;null;null;22,4;null;null;
2014-02-24;1,7;null;7,6;null;null;22,6;null;null;
2014-02-25;1,6;null;5,3;null;null;22,8;null;null;
2014-02-26;3,8;null;11,6;null;null;21,9;null;null;
2014-02-27;3,5;null;6,7;null;null;21,9;null;null;
2014-02-28;null;null;,3;null;null;22,8;null;null;
2014-03-01;null;null;null;null;null;null;null;null;
2014-03-02;1,6;null;2,1;null;null;22,5;null;null;
2014-03-03;2,8;6,3;3;null;null;22,2;null;null;
2014-03-04;3,9;1;,5;null;null;22,8;null;null;
2014-03-05;,7;9,3;12;null;null;22;null;null;
2014-03-06;4,3;10,1;,9;null;null;21,3;null;null;
2014-03-07;null;9,6;0;null;null;21,9;null;null;
2014-03-08;4,5;8,4;0;null;null;22;null;null;
2014-03-09;4,5;8,4;0;null;null;22,3;null;null;
2014-03-10;4,6;10,2;0;null;null;22,1;null;null;
2014-03-11;4,8;9,1;0;null;null;22,2;null;null;
2014-03-12;5,2;4,8;0;null;null;21,5;null;null;
2014-03-13;3,3;6,9;0;null;null;21,7;null;null;
2014-03-14;4,4;1,4;,2;null;null;21,9;null;null;
2014-03-15;2,2;,2;10;null;null;21,9;null;null;
2014-03-16;1,2;7,1;29,3;null;null;21,8;null;null;
2014-03-17;4,4;8,4;2,9;null;null;21,9;null;null;
2014-03-18;3,7;1,2;0;null;null;22,2;null;null;
2014-03-19;2,7;3,4;1,8;null;null;21,7;null;null;
2014-03-20;3,5;4,6;0;null;null;21,8;null;null;
2014-03-21;3,5;7,3;0;null;null;22,1;null;null;
2014-03-22;4,5;null;0;null;null;22,5;null;null;
2014-03-23;4;null;0;null;null;22,5;null;null;
2014-03-24;4,6;8,9;,1;null;null;22,9;null;null;
2014-03-25;4,6;9,1;,5;null;null;23,1;null;null;
2014-03-26;4,5;7,2;0;null;null;23;null;null;
2014-03-27;4,8;3,4;0;null;null;23,9;null;null;
2014-03-28;4,4;5,1;,1;null;null;22,5;null;null;
2014-03-29;4,5;8,3;,8;null;null;22,7;null;null;
2014-03-30;4,5;null;0;null;null;22,5;null;null;
2014-03-31;3,6;null;18;null;null;23,1;null;null;
2014-04-01;3,1;2,3;1,4;null;null;22,7;null;null;
2014-04-02;1,9;8,3;1,6;null;null;21,7;null;null;
2014-04-03;3,7;8,7;0;null;null;22,3;null;null;
2014-04-04;3,7;9,7;0;null;null;23,1;null;null;
2014-04-05;3,9;6,6;0;null;null;23,5;null;null;
2014-04-06;3,5;9,1;0;null;null;23,5;null;null;
2014-04-07;3,6;7;0;null;null;23,6;null;null;
2014-04-08;3;4;48,8;null;null;22,6;null;null;
2014-04-09;1,8;1,1;,7;null;null;24,3;null;null;
2014-04-10;1;8,8;11,8;null;null;23,5;null;null;
2014-04-11;3;8;0;null;null;23,1;null;null;
2014-04-12;3,7;9;0;null;null;22;null;null;
2014-04-13;5,8;7,4;0;null;null;22,7;null;null;
2014-04-14;3,3;9,6;0;null;null;22,7;null;null;
2014-04-15;4,2;9,3;0;null;null;22,4;null;null;
2014-04-16;4,8;1,6;0;null;null;21,1;null;null;
2014-04-17;4,5;6;0;null;null;22,1;null;null;
2014-04-18;3,6;4,7;0;null;null;23;null;null;
2014-04-19;3,5;7,6;0;null;null;22,9;null;null;
2014-04-20;3,5;10;0;null;null;21,7;null;null;
2014-04-21;4,1;9,6;0;null;null;22,3;null;null;
2014-04-22;4,4;8,9;0;null;null;21,2;null;null;
2014-04-23;4,5;8;0;null;null;20,9;null;null;
2014-04-24;4,5;9,4;0;null;null;22,5;null;null;
2014-04-25;4,5;8,6;0;null;null;23,3;null;null;
2014-04-26;5;7,3;,4;null;null;23;null;null;
2014-04-27;3,7;0;1,3;null;null;22;null;null;
2014-04-28;2,7;8,7;3,1;null;null;21,5;null;null;
2014-04-29;5,3;0;5,6;null;null;19,5;null;null;
2014-04-30;4,8;4;1,5;null;null;20,7;null;null;
2014-05-01;1,4;1,7;,1;null;null;20,7;null;null;
2014-05-02;4,5;9,8;0;null;null;21,9;null;null;
2014-05-03;4,2;8,1;3,8;null;null;21,3;null;null;
2014-05-04;3,2;6,8;13,3;null;null;22,2;null;null;
2014-05-05;2,6;7,5;5,3;null;null;21,1;null;null;
2014-05-06;2,9;2,3;4,8;null;null;22,3;null;null;
2014-05-07;1,2;8,8;18;null;null;22,1;null;null;
2014-05-08;3,1;6,4;5,6;null;null;21,6;null;null;
2014-05-09;2,2;8,3;,2;null;null;20,7;null;null;
2014-05-10;3;8,6;0;null;null;20,5;null;null;
2014-05-11;3,1;,8;15;null;null;21,9;null;null;
2014-05-12;2,4;5;4,4;null;null;19,8;null;null;
2014-05-13;3,4;9,7;,9;null;null;18,4;null;null;
2014-05-14;3,5;2,1;0;null;null;18,9;null;null;
2014-05-15;3;0;4,4;null;null;22,1;null;null;
2014-05-16;,4;,1;32,6;null;null;21,9;null;null;
2014-05-17;,4;4,2;13,2;null;null;22,1;null;null;
2014-05-18;2,4;2,4;0;null;null;22,1;null;null;
2014-05-19;1,3;3,6;6,3;null;null;21,8;null;null;
2014-05-20;1,5;,6;,3;null;null;21,9;null;null;
2014-05-21;,8;6,7;6,4;null;null;21,3;null;null;
2014-05-22;2,5;4,2;8,7;null;null;21,9;null;null;
2014-05-23;1,3;7,2;0;null;null;22,5;null;null;
2014-05-24;2,2;7,1;0;null;null;21,8;null;null;
2014-05-25;2,4;8,6;0;null;null;23;null;null;
2014-05-26;2,3;8,3;,6;null;null;22;null;null;
2014-05-27;2;9,4;0;null;null;21,2;null;null;
2014-05-28;3,2;7,5;0;null;null;23,3;null;null;
2014-05-29;2,7;5,9;0;null;null;20,5;null;null;
2014-05-30;2,5;,4;0;null;null;20,7;null;null;
2014-05-31;null;null;30,2;null;null;20,5;null;null;
2014-06-01;1,7;10,1;2,1;null;null;19,5;null;null;
2014-06-02;2,2;9,5;0;null;null;17,8;null;null;
2014-06-03;2,6;null;0;null;null;18,1;null;null;
2014-06-04;2,6;6,2;0;null;null;19,7;null;null;
2014-06-05;2,8;7,1;0;null;null;19,7;null;null;
2014-06-06;2,7;8,8;0;null;null;20,4;null;null;
2014-06-07;3,5;7,9;0;null;null;19;null;null;
2014-06-08;4,9;2,8;0;null;null;18,2;null;null;
2014-06-09;1,2;,4;6,3;null;null;20,7;null;null;
2014-06-10;,8;5,6;6,2;null;null;20,9;null;null;
2014-06-11;2,4;8,2;3,6;null;null;20,9;null;null;
2014-06-12;2;3,6;7,6;null;null;20,5;null;null;
2014-06-13;1,4;null;5,8;null;null;21,3;null;null;
2014-06-14;2,5;6;8,3;null;null;20,5;null;null;
2014-06-15;1,7;5;1,4;null;null;19,5;null;null;
2014-06-16;2,1;5,1;,5;null;null;20,8;null;null;
2014-06-17;2,9;5,7;0;null;null;20,7;null;null;
2014-06-18;2,9;3,3;0;null;null;19,1;null;null;
2014-06-19;2,5;1,9;0;null;null;19,5;null;null;
2014-06-20;2,1;2,3;0;null;null;19;null;null;
2014-06-21;1,4;6,9;5,8;null;null;18,9;null;null;
2014-06-22;2,5;2,1;,8;null;null;19,2;null;null;
2014-06-23;1,2;2,9;23,6;null;null;20,7;null;null;
2014-06-24;2,9;2,9;0;null;null;18,7;null;null;
2014-06-25;1,9;,8;0;null;null;18,8;null;null;
2014-06-26;1,8;2,8;5,1;null;null;19,3;null;null;
2014-06-27;1,8;3,3;0;null;null;19,3;null;null;
2014-06-28;1,5;5,9;0;null;null;21,8;null;null;
2014-06-29;2,2;1;4,9;null;null;21,1;null;null;
2014-06-30;null;null;1,3;null;null;18,9;null;null;
2014-07-01;2,2;9;0;null;null;18,1;null;null;
2014-07-02;2,6;4,6;,1;null;null;20,7;null;null;
2014-07-03;null;9,8;0;null;null;19,5;null;null;
2014-07-04;3,8;6,1;0;null;null;18,1;null;null;
2014-07-05;3,6;2,2;3;null;null;19,5;null;null;
2014-07-06;1,7;null;7,8;null;null;19,9;null;null;
2014-07-07;2,4;5,8;6,8;null;null;19,5;null;null;
2014-07-08;2,5;4,7;16,6;null;null;19,5;null;null;
2014-07-09;2,1;8,4;1,2;null;null;19,1;null;null;
2014-07-10;3,2;6,9;0;null;null;18,1;null;null;
2014-07-11;2,4;6,8;,3;null;null;18,7;null;null;
2014-07-12;null;null;,3;null;null;18,1;null;null;
2014-07-13;null;null;,9;null;null;19,3;null;null;
2014-07-14;1,2;null;36,2;null;null;19,7;null;null;
2014-07-15;1,2;1,9;8,2;null;null;18,9;null;null;
2014-07-16;1,2;,2;10,5;null;null;19,1;null;null;
2014-07-17;1,9;3,8;,8;null;null;13,4;null;null;
2014-07-18;null;6,1;1,7;null;null;18,5;null;null;
2014-07-19;2;4,8;0;null;null;19,3;null;null;
2014-07-20;2;7,2;,1;null;null;19,7;null;null;
2014-07-21;3;,1;,9;null;null;19,5;null;null;
2014-07-22;,3;null;23,9;null;null;18,7;null;null;
2014-07-23;1,8;6,1;26,3;null;null;19,4;null;null;
2014-07-24;2,2;4;13,1;null;null;19,4;null;null;
2014-07-25;2,4;6,3;2;null;null;19,5;null;null;
2014-07-26;2,1;7;,7;null;null;20,7;null;null;
2014-07-27;2,8;4,1;3,2;null;null;19,9;null;null;
2014-07-28;1;2,7;35,4;null;null;19,9;null;null;
2014-07-29;1,6;7,3;3,8;null;null;19,3;null;null;
2014-07-30;2,2;6,8;3,6;null;null;19,7;null;null;
2014-07-31;1,9;,3;12,2;null;null;18,9;null;null;
2014-08-01;,9;0;22;null;null;19,1;null;null;
2014-08-02;2;6,6;0;null;null;18,9;null;null;
2014-08-03;1,8;6,5;,2;null;null;19,4;null;null;
2014-08-04;2,2;9,2;,1;null;null;18,5;null;null;
2014-08-05;2,8;8;,1;null;null;18,5;null;null;
2014-08-06;2,4;7,1;0;null;null;18,6;null;null;
2014-08-07;2,5;3,9;12,6;null;null;16,2;null;null;
2014-08-08;2,3;2,2;,2;null;null;16,6;null;null;
2014-08-09;2,2;4,8;,4;null;null;16,2;null;null;
2014-08-10;2,4;5,1;1,9;null;null;16,2;null;null;
2014-08-11;2,3;9,7;,9;null;null;16,2;null;null;
2014-08-12;3,5;7,4;0;null;null;17;null;null;
2014-08-13;3,5;null;0;null;null;16,2;null;null;
2014-08-14;1,4;8,2;1;null;null;17,4;null;null;
2014-08-15;null;null;13,6;null;null;null;null;null;
2014-08-16;null;null;3,4;null;null;17,4;null;null;
2014-08-17;1,6;7,6;9,8;null;null;17;null;null;
2014-08-18;3,4;8,8;1,7;null;null;21;null;null;
2014-08-19;3,1;8,5;,3;null;null;16,2;null;null;
2014-08-20;2,7;6,9;,8;null;null;16,8;null;null;
2014-08-21;3,1;6,3;1,3;null;null;17,6;null;null;
2014-08-22;1,9;6,9;4,4;null;null;16,9;null;null;
2014-08-23;2,3;5,8;,4;null;null;16;null;null;
2014-08-24;3,9;4,3;1,3;null;null;15,8;null;null;
2014-08-25;3,1;4,7;,5;null;null;16,7;null;null;
2014-08-26;2,4;8,5;,2;null;null;16;null;null;
2014-08-27;3,5;7,8;,4;null;null;17;null;null;
2014-08-28;2,3;6,2;0;null;null;16,4;null;null;
2014-08-29;2,9;6,7;0;null;null;18,3;null;null;
2014-08-30;null;null;0;null;null;17,1;null;null;
2014-08-31;4,1;null;,7;null;null;19,1;null;null;
2014-09-01;4,4;10,5;0;null;null;16,3;null;null;
2014-09-02;3,5;7,8;0;null;null;15,9;null;null;
2014-09-03;4;6,5;0;null;null;20;null;null;
2014-09-04;3,1;3,3;0;null;null;21,7;null;null;
2014-09-05;3,2;,1;1,2;null;null;19,4;null;null;
2014-09-06;2,7;5,7;1,9;null;null;16,5;null;null;
2014-09-07;3,3;3,4;7;null;null;15,6;null;null;
2014-09-08;2,7;6,2;3,4;null;null;15;null;null;
2014-09-09;4,1;7,7;0;null;null;16,3;null;null;
2014-09-10;3,7;4,7;6;null;null;18;null;null;
2014-09-11;1,9;6,7;5,3;null;null;16,7;null;null;
2014-09-12;3,7;4,4;17;null;null;17,8;null;null;
2014-09-13;2,5;6,5;4;null;null;18,5;null;null;
2014-09-14;3,8;7,9;,5;null;null;18,3;null;null;
2014-09-15;4,1;2,7;1,8;null;null;17,6;null;null;
2014-09-16;1,6;8;0;null;null;17,9;null;null;
2014-09-17;3,5;8,9;0;null;null;18,1;null;null;
2014-09-18;4,1;10;0;null;null;17,2;null;null;
2014-09-19;5,8;6,3;,8;null;null;17,4;null;null;
2014-09-20;3,6;4,8;,4;null;null;18,4;null;null;
2014-09-21;4,5;6,8;0;null;null;19,8;null;null;
2014-09-22;3,5;7,3;0;null;null;19,4;null;null;
2014-09-23;4,4;0;,7;null;null;20;null;null;
2014-09-24;,9;3,4;20;null;null;19,4;null;null;
2014-09-25;2,5;0;8;null;null;19,2;null;null;
2014-09-26;1,3;2,5;6;null;null;19,2;null;null;
2014-09-27;3,7;null;4,2;null;null;18,4;null;null;
2014-09-28;3,6;null;,4;null;null;20,3;null;null;
2014-09-29;4,2;null;0;null;null;17,2;null;null;
2014-09-30;4,1;null;0;null;null;19,5;null;null;
2014-10-01;4,4;8,9;0;null;null;18;null;null;
2014-10-02;4,4;8,7;0;null;null;18,2;null;null;
2014-10-03;4,8;1,3;1,9;null;null;20,4;null;null;
2014-10-04;2,4;,9;12,2;null;null;16,3;null;null;
2014-10-05;2,6;7,6;3;null;null;null;null;null;
2014-10-06;4,6;9,6;1,8;null;null;null;null;null;
2014-10-07;null;null;null;null;null;null;null;null;
2014-10-08;null;,8;0;null;null;16,8;null;null;
2014-10-09;3,9;5,7;2,5;null;null;18;null;null;
2014-10-10;4,5;9,4;1,1;null;null;18;null;null;
2014-10-11;5;2,1;0;null;null;18,8;null;null;
2014-10-12;3,1;0;2,7;null;null;19,4;null;null;
2014-10-13;1,9;7,3;2,7;null;null;19,2;null;null;
2014-10-14;4,1;5,1;0;null;null;18;null;null;
2014-10-15;4,9;6,4;0;null;null;18,4;null;null;
2014-10-16;4,8;8,5;0;null;null;16,6;null;null;
2014-10-17;6,6;5,3;0;null;null;19,2;null;null;
2014-10-18;5,4;6;0;null;null;19,8;null;null;
2014-10-19;4,9;9,2;0;null;null;18,7;null;null;
2014-10-20;5,2;5,3;0;null;null;19,4;null;null;
2014-10-21;4,2;9;0;null;null;21,4;null;null;
2014-10-22;5,1;9,5;0;null;null;18,2;null;null;
2014-10-23;7;9,2;0;null;null;17,4;null;null;
2014-10-24;4,5;9,6;0;null;null;17,9;null;null;
2014-10-25;null;4,3;0;null;null;18,4;null;null;
2014-10-26;3,8;8,4;0;null;null;18,5;null;null;
2014-10-27;6;7,8;,3;null;null;20;null;null;
2014-10-28;6;5,5;0;null;null;21,4;null;null;
2014-10-29;5,8;5;0;null;null;21;null;null;
2014-10-30;5,5;1,2;0;null;null;21,4;null;null;
2014-10-31;5,7;null;0;null;null;20,2;null;null;
2014-11-01;6,3;3,2;0;null;null;19,6;null;null;
2014-11-02;4,7;1,7;3,2;null;null;19,6;null;null;
2014-11-03;2,8;4,5;3,3;null;null;19,2;null;null;
2014-11-04;4,5;7,5;,3;null;null;17,8;null;null;
2014-11-05;4,5;4,6;,4;null;null;20;null;null;
2014-11-06;4,2;2;0;null;null;22;null;null;
2014-11-07;3,8;6,1;2;null;null;20,4;null;null;
2014-11-08;4,7;5,9;0;null;null;17,6;null;null;
2014-11-09;4,5;8,5;0;null;null;20,5;null;null;
2014-11-10;5,5;2,8;0;null;null;21,4;null;null;
2014-11-11;4,3;4,5;0;null;null;21,4;null;null;
2014-11-12;6,3;3,2;0;null;null;20,8;null;null;
2014-11-13;6;1,3;0;null;null;21,9;null;null;
2014-11-14;5,3;5;0;null;null;22,3;null;null;
2014-11-15;6,1;5,9;0;null;null;21,6;null;null;
2014-11-16;4,3;0;1,4;null;null;22,2;null;null;
2014-11-17;1,3;,1;6,4;null;null;20,2;null;null;
2014-11-18;2,5;0;0;null;null;17,8;null;null;
2014-11-19;2,2;0;0;null;null;18;null;null;
2014-11-20;2,6;,9;,1;null;null;19,5;null;null;
2014-11-21;1,5;3,1;7,6;null;null;20,5;null;null;
2014-11-22;3,2;1,1;6,8;null;null;20,5;null;null;
2014-11-23;3,7;7,9;1,6;null;null;20;null;null;
2014-11-24;null;9,2;0;null;null;19,8;null;null;
2014-11-25;4,4;4,6;0;null;null;20,6;null;null;
2014-11-26;4,3;8,3;0;null;null;19,4;null;null;
2014-11-27;3,9;8,7;0;null;null;19,5;null;null;
2014-11-28;4,8;7,3;0;null;null;20;null;null;
2014-11-29;5,3;10;0;null;null;21;null;null;
2014-11-30;6,3;9,4;0;null;null;19,6;null;null;
2014-12-01;5,9;4,4;0;null;null;20,6;null;null;
2014-12-02;6;4,8;,9;null;null;21;null;null;
2014-12-03;5,7;6,9;0;null;null;21,5;null;null;
2014-12-04;5,2;5,7;,4;null;null;21,6;null;null;
2014-12-05;5,1;6,3;0;null;null;19,5;null;null;
2014-12-06;5,1;,8;0;null;null;22,8;null;null;
2014-12-07;4,4;2,1;,7;null;null;22,6;null;null;
2014-12-08;4;3;0;null;null;21,8;null;null;
2014-12-09;4,8;4,5;3,8;null;null;21,6;null;null;
2014-12-10;5,2;5,6;,2;null;null;21,6;null;null;
2014-12-11;5,2;5;2,9;null;null;22,3;null;null;
2014-12-12;3,7;9,3;8,6;null;null;21,8;null;null;
2014-12-13;4,6;3,4;2,2;null;null;22,7;null;null;
2014-12-14;4,1;6,1;2,6;null;null;21;null;null;
2014-12-15;5,7;0;0;null;null;23,4;null;null;
2014-12-16;2,5;3,9;,7;null;null;23,3;null;null;
2014-12-17;3,2;1;21,6;null;null;21,2;null;null;
2014-12-18;3,3;0;6;null;null;22,6;null;null;
2014-12-19;1,3;2,9;,5;null;null;22,4;null;null;
2014-12-20;3,3;4,8;0;null;null;23;null;null;
2014-12-21;null;3,8;0;null;null;23;null;null;
2014-12-22;4;10;0;null;null;21,8;null;null;
2014-12-23;5;7,6;0;null;null;21,8;null;null;
2014-12-24;5,4;6,7;0;null;null;22;null;null;
2014-12-25;5;5,7;0;null;null;23,4;null;null;
2014-12-26;5,5;3,3;4,2;null;null;22,1;null;null;
2014-12-27;4,5;5,5;2,8;null;null;21,5;null;null;
2014-12-28;4;2,9;0;null;null;21,1;null;null;
2014-12-29;5,1;9,9;0;null;null;20,4;null;null;
2014-12-30;5,6;7,3;0;null;null;21,6;null;null;
2014-12-31;4,5;5,9;0;null;null;21,5;null;null;
2015-01-01;4,9;10,8;0;null;null;21,6;null;null;
2015-01-02;6,6;6,3;0;null;null;22,3;null;null;
2015-01-03;6,5;9,3;0;null;null;22;null;null;
2015-01-04;6,6;9;0;null;null;21,5;null;null;
2015-01-05;4,9;4,7;,5;null;null;21,4;null;null;
2015-01-06;5,4;6,9;0;null;null;22,2;null;null;
2015-01-07;5,8;3,3;,6;null;null;22;null;null;
2015-01-08;4,4;0;0;null;null;21,4;null;null;
2015-01-09;1,8;1,8;3,4;null;null;21,6;null;null;
2015-01-10;2,7;8,5;,2;null;null;21,2;null;null;
2015-01-11;5;7,5;0;null;null;23;null;null;
2015-01-12;6,5;9,8;0;null;null;21,6;null;null;
2015-01-13;5,8;7,4;0;null;null;21,7;null;null;
2015-01-14;6,2;7,9;0;null;null;21;null;null;
2015-01-15;6,5;7,5;1,6;null;null;22;null;null;
2015-01-16;5,8;6,6;0;null;null;21,8;null;null;
2015-01-17;6;6,3;0;null;null;21,4;null;null;
2015-01-18;6,9;9,4;0;null;null;23;null;null;
2015-01-19;4,7;9,2;0;null;null;21;null;null;
2015-01-20;6,5;6,9;0;null;null;21,2;null;null;
2015-01-21;5,3;6,9;0;null;null;22;null;null;
2015-01-22;6;5,3;0;null;null;22,8;null;null;
2015-01-23;6,2;7,4;0;null;null;22,4;null;null;
2015-01-24;7,5;3,9;0;null;null;21,9;null;null;
2015-01-25;null;5,9;40,8;null;null;20,9;null;null;
2015-01-26;4,4;9,4;0;null;null;22;null;null;
2015-01-27;5,7;10,9;0;null;null;21,8;null;null;
2015-01-28;6,5;11;0;null;null;21,8;null;null;
2015-01-29;null;8,5;0;null;null;21,2;null;null;
2015-01-30;5,8;5,6;0;null;null;21,8;null;null;
2015-01-31;4,9;3,6;0;null;null;22,4;null;null;
2015-02-01;5,1;10,6;0;null;null;23;null;null;
2015-02-02;6,1;8,3;19,2;null;null;21,4;null;null;
2015-02-03;5,1;7,1;0;null;null;22;null;null;
2015-02-04;6,2;4,4;0;null;null;22,2;null;null;
2015-02-05;4,2;7,1;0;null;null;22;null;null;
2015-02-06;5,5;5,9;0;null;null;23,6;null;null;
2015-02-07;6,2;3,6;0;null;null;24,4;null;null;
2015-02-08;5,7;null;0;null;null;23;null;null;
2015-02-09;null;null;,4;null;null;23,1;null;null;
2015-02-10;7,3;null;0;null;null;22,3;null;null;
2015-02-11;6,5;null;7,3;null;null;23,4;null;null;
2015-02-12;6,2;null;0;28,1;null;22;null;null;
2015-02-13;5,5;null;0;null;null;22,5;null;null;
2015-02-14;6,4;null;0;null;null;22;null;null;
2015-02-15;5,7;null;,2;null;null;23,1;null;null;
2015-02-16;2,6;null;3,3;null;null;22,8;null;null;
2015-02-17;5,9;null;0;null;null;23;null;null;
2015-02-18;6,5;null;0;null;null;22,8;null;null;
2015-02-19;null;null;5,5;null;null;22,3;null;null;
2015-02-20;3,6;0;8,4;null;null;21,8;null;null;
2015-02-21;1,5;null;1;null;null;21,1;null;null;
2015-02-22;3,6;null;6,7;null;null;23,1;null;null;
2015-02-23;1,5;2;9,5;null;null;21,9;null;null;
2015-02-24;1,7;3,7;10,8;null;null;21,8;null;null;
2015-02-25;3,7;4,1;2;null;null;22,3;null;null;
2015-02-26;3,4;null;13,5;null;null;23,2;null;null;
2015-02-27;2,2;null;,7;null;null;22,8;null;null;
2015-02-28;3,3;null;0;null;null;22,8;null;null;
2015-03-01;3,4;6,9;0;null;null;23,8;null;null;
2015-03-02;4,1;6,9;1,4;null;null;23,9;null;null;
2015-03-03;4,3;4,6;2,5;null;null;22,6;null;null;
2015-03-04;3,2;6,3;,1;null;null;21,6;null;null;
2015-03-05;3,6;6;0;null;null;21,9;null;null;
2015-03-06;4,7;5,6;0;null;null;22,6;null;null;
2015-03-07;2,7;9,8;8;null;null;21,4;null;null;
2015-03-08;4,1;6,6;0;null;null;22,6;null;null;
2015-03-09;4,2;8,3;0;null;null;22,2;null;null;
2015-03-10;4,9;4,8;0;null;null;23,1;null;null;
2015-03-11;4,6;10,3;0;null;null;23;null;null;
2015-03-12;6,9;9,4;0;null;null;21,4;null;null;
2015-03-13;5,3;9,7;0;null;null;22;null;null;
2015-03-14;6;8,6;0;null;null;22;null;null;
2015-03-15;6,6;9,2;0;null;null;21,7;null;null;
2015-03-16;4,5;8,9;0;null;null;22;null;null;
2015-03-17;5,7;8,7;0;null;null;22;null;null;
2015-03-18;5,5;6,2;0;null;null;23;null;null;
2015-03-19;5,4;6,6;0;null;null;22,8;null;null;
2015-03-20;5,3;1,6;0;null;null;21,8;null;null;
2015-03-21;5,5;1,1;0;null;null;21,6;null;null;
2015-03-22;4,6;1,8;0;null;null;null;null;null;
2015-03-23;4,6;null;0;null;null;23,2;null;null;
2015-03-24;5,2;null;0;null;null;22,8;null;null;
2015-03-25;5,2;null;0;null;null;23,5;null;null;
2015-03-26;4,4;null;4,3;null;null;23,5;null;null;
2015-03-27;2,1;null;12,8;null;null;22,8;null;null;
2015-03-28;4,3;null;0;null;null;23,6;null;null;
2015-03-29;5,6;null;0;null;null;23,1;null;null;
2015-03-30;5,4;8,9;0;null;null;22,6;null;null;
2015-03-31;5,8;10,5;0;null;null;21,4;null;null;
2015-04-01;6,3;9,8;0;null;null;20,7;null;null;
2015-04-02;6;null;0;null;null;19,8;null;null;
2015-04-03;5,8;7,9;0;null;null;22,2;null;null;
2015-04-04;5,6;8,5;0;null;null;23,1;null;null;
2015-04-05;5,1;6,3;,3;null;null;23,8;null;null;
2015-04-06;4,8;null;0;null;null;23,6;null;null;
2015-04-07;5,1;null;0;null;null;null;null;null;
2015-04-08;5,1;1,4;20,6;null;null;21,8;null;null;
2015-04-09;1,4;1,7;2,2;null;null;22,2;null;null;
2015-04-10;2;1;,6;null;null;22;null;null;
2015-04-11;1,2;0;56,5;null;null;21,9;null;null;
2015-04-12;1,8;6,8;2,2;null;null;21,8;null;null;
2015-04-13;2,9;null;0;null;null;22,5;null;null;
2015-04-14;null;1,6;0;null;null;22;null;null;
2015-04-15;2;2,8;4,8;null;null;22,2;null;null;
2015-04-16;2;7,5;,4;null;null;22,2;null;null;
2015-04-17;3,2;8,1;0;null;null;23,1;null;null;
2015-04-18;3,4;3,4;1,8;null;null;22,8;null;null;
2015-04-19;3,2;3,2;0;null;null;23,1;null;null;
2015-04-20;3,4;3,4;0;null;null;22,5;null;null;
2015-04-21;3,2;null;0;null;null;23;null;null;
2015-04-22;3,2;3,2;0;null;null;23,4;null;null;
2015-04-23;3,7;3,7;0;null;null;23,5;null;null;
2015-04-24;3,5;3,5;,9;null;null;23,8;null;null;
2015-04-25;1,2;1,2;12,8;null;null;23,6;null;null;
2015-04-26;2;null;0;null;null;null;null;null;
2015-04-27;1,6;1,6;5;null;null;22,2;null;null;
2015-04-28;1,3;1,3;,4;null;null;22,2;null;null;
2015-04-29;1,8;1,8;0;null;null;22;null;null;
2015-04-30;2,6;null;6,7;null;null;21,6;null;null;
2015-05-01;2,6;3,2;0;null;null;22,2;null;null;
2015-05-02;2,3;0;0;null;null;22,8;null;null;
2015-05-03;1;2,9;,6;null;null;22,4;null;null;
2015-05-04;1,6;9,1;21,8;null;null;21;null;null;
2015-05-05;2,6;3,7;,4;null;null;21,6;null;null;
2015-05-06;,8;7,1;10,2;null;null;22;null;null;
2015-05-07;2,8;8,2;0;null;null;21,7;null;null;
2015-05-08;null;7,1;0;null;null;21,3;null;null;
2015-05-09;null;0;11,7;null;null;21,4;null;null;
2015-05-10;,8;0;10,2;null;null;21,8;null;null;
2015-05-11;,9;3,1;,6;null;null;20,9;null;null;
2015-05-12;1,1;6,1;,4;null;null;20,6;null;null;
2015-05-13;1,9;3,6;0;null;null;21,7;null;null;
2015-05-14;2,2;2,3;15;null;null;22;null;null;
2015-05-15;1,4;,1;17,2;null;null;20,2;null;null;
2015-05-16;,8;,5;34;null;null;20;null;null;
2015-05-17;,8;5,3;33,1;null;null;21,4;null;null;
2015-05-18;2,6;,4;24,4;null;null;21,8;null;null;
2015-05-19;1,5;null;12,9;null;null;20,8;null;null;
2015-05-20;1,3;2,4;38,5;null;null;21,3;null;null;
2015-05-21;1,2;1,6;9,5;null;null;21,6;null;null;
2015-05-22;,9;2,6;9,6;null;null;21,2;null;null;
2015-05-23;1,9;6,9;5,5;null;null;20,4;null;null;
2015-05-24;2,4;2,2;,7;null;null;20,2;null;null;
2015-05-25;1,2;2,9;0;null;null;19,8;null;null;
2015-05-26;1,6;1,7;,6;null;null;22,2;null;null;
2015-05-27;null;9,3;9,3;null;null;20,4;null;null;
2015-05-28;3,4;null;0;null;null;19,8;null;null;
2015-05-29;2,4;null;0;null;null;20,6;null;null;
2015-05-30;1,8;6,8;0;null;null;19,6;null;null;
2015-05-31;null;null;,4;null;null;22;null;null;
2015-06-01;2,1;null;2,5;null;null;20,2;null;null;
2015-06-02;1,4;null;14,5;null;null;21,7;null;null;
2015-06-03;1,7;6,7;1,8;null;null;21;null;null;
2015-06-04;1,9;2,4;30,6;null;null;21;null;null;
2015-06-05;1,2;null;17;null;null;20,8;null;null;
2015-06-06;1,1;,7;18,8;null;null;21,8;null;null;
2015-06-07;2,7;null;6,1;null;null;21,4;null;null;
2015-06-08;1;3,7;18,2;null;null;20,7;null;null;
2015-06-09;2;null;4,9;null;null;21;null;null;
2015-06-10;1,2;null;2,6;null;null;21,7;null;null;
2015-06-11;1,8;7;,5;null;null;20,8;null;null;
2015-06-12;3,1;9,1;0;null;null;18,8;null;null;
2015-06-13;2,3;null;0;null;null;20,9;null;null;
2015-06-14;2,1;,8;8,5;null;null;21,7;null;null;
2015-06-15;,6;5,7;7,2;null;null;21,2;null;null;
2015-06-16;1,2;8;0;null;null;20;null;null;
2015-06-17;2,4;8,8;0;null;null;19,6;null;null;
2015-06-18;null;8,5;0;null;null;19,5;null;null;
2015-06-19;3,6;5,7;0;null;null;19,6;null;null;
2015-06-20;2,5;7,5;5,8;null;null;21;null;null;
2015-06-21;null;4,4;1,3;null;null;19,5;null;null;
2015-06-22;1,4;null;9,4;null;null;19,2;null;null;
2015-06-23;2;,5;,4;null;null;19,4;null;null;
2015-06-24;,9;4,8;8,9;null;null;20,4;null;null;
2015-06-25;2,3;1,5;10,8;null;null;19,6;null;null;
2015-06-26;,9;2,4;14,3;null;null;19,2;null;null;
2015-06-27;1,8;1,7;,5;null;null;18,8;null;null;
2015-06-28;1,4;,5;3,2;null;null;19,4;null;null;
2015-06-29;,6;null;10,6;null;null;20;null;null;
2015-06-30;1,3;null;23,8;null;null;20,6;null;null;
2015-07-01;1,5;2,1;4,3;null;null;19,8;null;null;
2015-07-02;1,8;5;1,9;null;null;19,6;null;null;
2015-07-03;2,3;null;0;null;null;18,5;null;null;
2015-07-04;1,1;4,2;0;null;null;19,8;null;null;
2015-07-05;2;7,1;0;null;null;20,8;null;null;
2015-07-06;2,5;4;1,4;null;null;20,7;null;null;
2015-07-07;1,5;0;14,2;null;null;20,4;null;null;
2015-07-08;,7;0;39;null;null;19,6;null;null;
2015-07-09;,6;3,9;8,4;null;null;20,2;null;null;
2015-07-10;,9;3,9;1,5;null;null;19,4;null;null;
2015-07-11;1,8;5,4;2,7;null;null;20,8;null;null;
2015-07-12;2,6;5,2;0;null;null;18,6;null;null;
2015-07-13;2;4,6;2,5;null;null;21,2;null;null;
2015-07-14;1,6;7,9;,6;null;null;20,2;null;null;
2015-07-15;null;5,8;21,5;null;null;21;null;null;
2015-07-16;3,5;7,5;4,1;null;null;20;null;null;
2015-07-17;2,8;null;1;null;null;18,6;null;null;
2015-07-18;1,8;7,1;9,4;null;null;18,5;null;null;
2015-07-19;3;8,8;,9;null;null;19,1;null;null;
2015-07-20;3,3;4,5;7,2;null;null;19,2;null;null;
2015-07-21;2,9;,5;1,6;null;null;18,8;null;null;
2015-07-22;1,4;8,9;0;null;null;18,2;null;null;
2015-07-23;3;2,4;0;null;null;19,8;null;null;
2015-07-24;1,6;null;20,6;null;null;20,1;null;null;
2015-07-25;1,2;5,3;3,4;null;null;19,8;null;null;
2015-07-26;2,1;5,4;3,1;null;null;19,7;null;null;
2015-07-27;2,7;9,4;1,5;null;null;19,8;null;null;
2015-07-28;3;6,5;,4;null;null;19,4;null;null;
2015-07-29;2,4;6,5;0;null;null;18,8;null;null;
2015-07-30;2,8;7,5;,4;null;null;18,4;null;null;
2015-07-31;1,9;null;1,2;null;null;18,8;null;null;
2015-08-01;3,5;0;9,3;null;null;19,4;null;null;
2015-08-02;1,5;5,7;10,3;null;null;18,1;null;null;
2015-08-03;2,8;5,4;1,2;null;null;17,8;null;null;
2015-08-04;3,4;9,1;2,4;null;null;16,8;null;null;
2015-08-05;4,7;7,9;1,2;null;null;18;null;null;
2015-08-06;2,3;2,5;2,2;null;null;20,3;null;null;
2015-08-07;2,2;7,9;,2;null;null;17,4;null;null;
2015-08-08;3,5;7,4;0;null;null;16,6;null;null;
2015-08-09;3,8;5,8;13,9;null;null;19,4;null;null;
2015-08-10;2,2;null;3,7;null;null;18,8;null;null;
2015-08-11;2;7,3;5;null;null;16,6;null;null;
2015-08-12;3,7;6,3;4,4;null;null;17,8;null;null;
2015-08-13;4;null;,6;null;null;17,1;null;null;
2015-08-14;3,4;2,7;16,6;null;null;19,2;null;null;
2015-08-15;,9;5,9;13,1;null;null;21;null;null;
2015-08-16;2,2;5,6;5;null;null;19,6;null;null;
2015-08-17;2,3;5;2,6;null;null;18,2;null;null;
2015-08-18;1,9;null;6,6;null;null;18,4;null;null;
2015-08-19;2,1;9;,9;null;null;19,2;null;null;
2015-08-20;3,6;8,8;0;null;null;18,4;null;null;
2015-08-21;2,8;7,5;0;null;null;19,8;null;null;
2015-08-22;2,9;null;,2;null;null;19,4;null;null;
2015-08-23;2,1;9,8;,3;null;null;19,8;null;null;
2015-08-24;3,6;10,7;0;null;null;18,2;null;null;
2015-08-25;3,9;null;0;null;null;18;null;null;
2015-08-26;3,6;7,2;0;null;null;19,1;null;null;
2015-08-27;2,3;4;0;null;null;21,7;null;null;
2015-08-28;2,2;8,8;0;null;null;20,8;null;null;
2015-08-29;3,5;,9;0;null;null;18,2;null;null;
2015-08-30;,9;5,8;2,9;null;null;20,5;null;null;
2015-08-31;2,8;null;4,9;null;null;19,4;null;null;
2015-09-01;3,3;4,3;7,4;null;null;19,8;null;null;
2015-09-02;2,5;10,3;0;null;null;17,9;null;null;
2015-09-03;3,8;9,6;0;null;null;18,6;null;null;
2015-09-04;3,4;8,2;0;null;null;16,8;null;null;
2015-09-05;3;7,4;0;null;null;19,9;null;null;
2015-09-06;3,6;6,8;0;null;null;22,6;null;null;
2015-09-07;1,4;10;0;null;null;19,3;null;null;
2015-09-08;3,7;null;0;null;null;18,4;null;null;
2015-09-09;3,7;8,9;0;null;null;19,7;null;null;
2015-09-10;3,5;9,2;0;null;null;19,4;null;null;
2015-09-11;4,1;9,2;0;null;null;18,8;null;null;
2015-09-12;3,2;8,4;0;null;null;20,7;null;null;
2015-09-13;3,7;9,1;0;null;null;21,2;null;null;
2015-09-14;null;5;0;null;null;19,8;null;null;
2015-09-15;3,6;7,7;4,6;null;null;21;null;null;
2015-09-16;4,3;3,7;3;null;null;20,2;null;null;
2015-09-17;2,3;10,3;2,9;null;null;19,2;null;null;
2015-09-18;4,6;null;0;null;null;18,6;null;null;
2015-09-19;4;,9;3,2;null;null;20,2;null;null;
2015-09-20;1,6;2,9;5,3;null;null;19,8;null;null;
2015-09-21;null;null;,5;null;null;19,1;null;null;
2015-09-22;5,2;null;0;null;null;17,2;null;null;
2015-09-23;5,6;null;0;null;null;18,6;null;null;
2015-09-24;4,1;null;0;null;null;20;null;null;
2015-09-25;4,5;null;0;null;null;21;null;null;
2015-09-26;4;6,4;0;null;null;20,6;null;null;
2015-09-27;5,3;5,9;,4;null;null;21,6;null;null;
2015-09-28;5,8;8,3;0;null;null;19,2;null;null;
2015-09-29;4,9;8,1;0;null;null;20,6;null;null;
2015-09-30;4;null;0;null;null;19,8;null;null;
2015-10-01;4,6;9,4;0;null;null;21,1;null;null;
2015-10-02;5,5;9,7;0;null;null;19,4;null;null;
2015-10-03;5;10,6;0;null;null;19,2;null;null;
2015-10-04;5,6;10,4;0;null;null;17,6;null;null;
2015-10-05;5;8;0;null;null;20,8;null;null;
2015-10-06;5,2;1,8;0;null;null;22,7;null;null;
2015-10-07;3,7;null;4,8;null;null;21,8;null;null;
2015-10-08;2,1;null;6,3;null;null;20,6;null;null;
2015-10-09;2,3;null;0;null;null;18,2;null;null;
2015-10-10;1,6;3,2;1,6;null;null;19,3;null;null;
2015-10-11;3,2;10;0;null;null;20,4;null;null;
2015-10-12;7,1;9,3;0;null;null;20;null;null;
2015-10-13;null;null;null;null;null;null;null;null;
2015-10-14;5,2;null;0;null;null;19,6;null;null;
2015-10-15;2,7;8,3;,8;null;null;22;null;null;
2015-10-16;5,3;10,5;0;null;null;22;null;null;
2015-10-17;5,3;null;0;null;null;19,9;null;null;
2015-10-18;6;10,4;0;null;null;18,4;null;null;
2015-10-19;4,8;10,3;0;null;null;20,6;null;null;
2015-10-20;null;null;null;null;null;null;null;null;
2015-10-21;5,7;null;0;null;null;null;null;null;
2015-10-22;5,5;7,3;0;null;null;20,8;null;null;
2015-10-23;5,3;5,3;0;null;null;22,7;null;null;
2015-10-24;4,5;null;0;null;null;22,4;null;null;
2015-10-25;5;null;0;null;null;21;null;null;
2015-10-26;6,2;null;0;null;null;20,5;null;null;
2015-10-27;6,7;null;,9;null;null;21,6;null;null;
2015-10-28;6,2;null;0;null;null;22,2;null;null;
2015-10-29;6,3;null;0;null;null;21,6;null;null;
2015-10-30;5,2;null;0;null;null;23,4;null;null;
2015-10-31;2,2;null;,4;null;null;20,6;null;null;
2015-11-01;null;null;0;null;null;21;null;null;
2015-11-02;null;null;0;null;null;20,6;null;null;
2015-11-03;null;null;0;null;null;21,2;null;null;
2015-11-04;null;null;0;null;null;21,4;null;null;
2015-11-05;null;null;0;null;null;20,1;null;null;
2015-11-06;null;null;0;null;null;22;null;null;
2015-11-07;null;null;0;null;null;22,4;null;null;
2015-11-08;null;null;0;null;null;21,8;null;null;
2015-11-09;null;null;1,4;null;null;21,8;null;null;
2015-11-10;null;null;0;null;null;21,3;null;null;
2015-11-11;null;null;0;null;null;20,8;null;null;
2015-11-12;null;null;0;null;null;21,4;null;null;
2015-11-13;null;null;0;null;null;21,9;null;null;
2015-11-14;null;null;0;null;null;23,9;null;null;
2015-11-15;null;null;0;null;null;24,2;null;null;
2015-11-16;null;null;0;null;null;24,4;null;null;
2015-11-17;null;null;0;null;null;23,6;null;null;
2015-11-18;null;null;0;null;null;22,3;null;null;
2015-11-19;null;null;0;null;null;22,2;null;null;
2015-11-20;null;null;0;null;null;23,7;null;null;
2015-11-21;null;null;0;null;null;24;null;null;
2015-11-22;null;null;0;null;null;24,5;null;null;
2015-11-23;null;null;0;null;null;22,8;null;null;
2015-11-24;null;null;0;null;null;22,6;null;null;
2015-11-25;null;null;0;null;null;23,2;null;null;
2015-11-26;null;null;0;null;null;23,2;null;null;
2015-11-27;null;null;0;null;null;23,2;null;null;
2015-11-28;null;null;1,6;null;null;23,8;null;null;
2015-11-29;null;null;0;null;null;23,6;null;null;
2015-11-30;null;null;0;null;null;21,8;null;null;
2015-12-01;null;null;0;null;null;21,5;null;null;
2015-12-02;null;null;0;null;null;22,2;null;null;
2015-12-03;null;null;0;null;null;22;null;null;
2015-12-04;null;null;0;null;null;21,7;null;null;
2015-12-05;null;null;0;null;null;23,6;null;null;
2015-12-06;null;null;0;null;null;24;null;null;
2015-12-07;null;null;0;null;null;24,2;null;null;
2015-12-08;null;null;0;null;null;23,2;null;null;
2015-12-09;null;null;0;null;null;22,8;null;null;
2015-12-10;null;null;0;null;null;21,6;null;null;
2015-12-11;null;null;0;null;null;22,3;null;null;
2015-12-12;null;null;0;null;null;22,6;null;null;
2015-12-13;null;null;0;null;null;21,7;null;null;
2015-12-14;null;null;2,2;null;null;23,2;null;null;
2015-12-15;null;null;0;null;null;21,8;null;null;
2015-12-16;null;null;0;null;null;21,8;null;null;
2015-12-17;null;null;0;null;null;22;null;null;
2015-12-18;null;null;0;null;null;21,8;null;null;
2015-12-19;null;null;0;null;null;22;null;null;
2015-12-20;null;null;0;null;null;23,2;null;null;
2015-12-21;null;null;0;null;null;22,8;null;null;
2015-12-22;null;null;4,7;null;null;21,9;null;null;
2015-12-23;null;null;1,6;null;null;21,4;null;null;
2015-12-24;null;null;1,1;null;null;22,6;null;null;
2015-12-25;null;null;0;null;null;22,5;null;null;
2015-12-26;null;null;0;null;null;22,4;null;null;
2015-12-27;null;null;0;null;null;22,7;null;null;
2015-12-28;null;null;0;null;null;23,7;null;null;
2015-12-29;null;null;0;null;null;23,2;null;null;
2015-12-30;null;null;0;null;null;23,2;null;null;
2015-12-31;null;null;0;null;null;23,2;null;null;
2016-01-01;null;null;0;null;null;24;null;null;
2016-01-02;null;null;0;null;null;22,8;null;null;
2016-01-03;null;null;0;null;null;24,3;null;null;
2016-01-04;null;null;14,5;null;null;22,4;null;null;
2016-01-05;null;null;3,4;null;null;22,3;null;null;
2016-01-06;null;null;27,7;null;null;21,7;null;null;
2016-01-07;null;null;,4;null;null;23,6;null;null;
2016-01-08;null;null;0;null;null;24,6;null;null;
2016-01-09;null;null;0;null;null;23,3;null;null;
2016-01-10;null;null;7,4;null;null;23;null;null;
2016-01-11;null;null;36,1;null;null;23;null;null;
2016-01-12;null;null;0;null;null;24;null;null;
2016-01-13;null;null;0;null;null;24;null;null;
2016-01-14;null;null;0;null;null;25;null;null;
2016-01-15;null;null;0;null;null;23,6;null;null;
2016-01-16;null;null;0;null;null;24,7;null;null;
2016-01-17;null;null;0;null;null;null;null;null;
2016-01-18;null;null;13,8;null;null;23,4;null;null;
2016-01-19;null;null;0;null;null;24;null;null;
2016-01-20;null;null;0;null;null;24;null;null;
2016-01-21;null;null;27,2;null;null;21,2;null;null;
2016-01-22;null;null;22,3;null;null;23,2;null;null;
2016-01-23;null;null;14,2;null;null;23,1;null;null;
2016-01-24;null;null;,8;null;null;24,2;null;null;
2016-01-25;null;null;6,4;null;null;23,6;null;null;
2016-01-26;null;null;0;null;null;23,6;null;null;
2016-01-27;null;null;0;null;null;24,2;null;null;
2016-01-28;null;null;0;null;null;23,4;null;null;
2016-01-29;null;null;0;null;null;23;null;null;
2016-01-30;null;null;0;null;null;22,2;null;null;
2016-01-31;null;null;5;null;null;22,2;null;null;

