Nome: VICOSA DO CEARA
Codigo Estacao: 82390
Latitude: -3.62
Longitude: -41.07
Altitude: 719
Situacao: Desativada
Data Inicial: 2013-01-01
Data Final: 2015-04-30
Periodicidade da Medicao: Diaria

Data Medicao;EVAPORACAO DO PICHE, DIARIA(mm);INSOLACAO TOTAL, DIARIO(h);PRECIPITACAO TOTAL, DIARIO(mm);TEMPERATURA MAXIMA, DIARIA(°C);TEMPERATURA MEDIA COMPENSADA, DIARIA(°C);TEMPERATURA MINIMA, DIARIA(°C);UMIDADE RELATIVA DO AR, MEDIA DIARIA(%);VENTO, VELOCIDADE MEDIA DIARIA(m/s);
2013-01-01;null;null;null;null;null;null;null;null;
2013-01-02;null;null;null;null;null;null;null;null;
2013-01-03;null;null;null;null;null;null;null;null;
2013-01-04;null;null;null;null;null;null;null;null;
2013-01-05;null;null;null;null;null;null;null;null;
2013-01-06;null;null;null;null;null;null;null;null;
2013-01-07;null;null;null;null;null;null;null;null;
2013-01-08;null;null;null;null;null;null;null;null;
2013-01-09;null;null;null;null;null;null;null;null;
2013-01-10;null;null;null;null;null;null;null;null;
2013-01-11;null;null;null;null;null;null;null;null;
2013-01-12;null;null;null;null;null;null;null;null;
2013-01-13;null;null;null;null;null;null;null;null;
2013-01-14;null;null;null;null;null;null;null;null;
2013-01-15;null;null;null;null;null;null;null;null;
2013-01-16;null;null;null;null;null;null;null;null;
2013-01-17;null;null;null;null;null;null;null;null;
2013-01-18;null;null;null;null;null;null;null;null;
2013-01-19;null;null;null;null;null;null;null;null;
2013-01-20;null;null;null;null;null;null;null;null;
2013-01-21;null;null;null;null;null;null;null;null;
2013-01-22;null;null;null;null;null;null;null;null;
2013-01-23;null;null;null;null;null;null;null;null;
2013-01-24;null;null;null;null;null;null;null;null;
2013-01-25;null;null;null;null;null;null;null;null;
2013-01-26;null;null;null;null;null;null;null;null;
2013-01-27;null;null;null;null;null;null;null;null;
2013-01-28;null;null;null;null;null;null;null;null;
2013-01-29;null;null;null;null;null;null;null;null;
2013-01-30;null;null;null;null;null;null;null;null;
2013-01-31;null;null;null;null;null;null;null;null;
2013-02-01;null;null;null;null;null;null;null;null;
2013-02-02;null;null;null;null;null;null;null;null;
2013-02-03;null;null;null;null;null;null;null;null;
2013-02-04;null;null;null;null;null;null;null;null;
2013-02-05;null;null;null;null;null;null;null;null;
2013-02-06;null;null;null;null;null;null;null;null;
2013-02-07;null;null;null;null;null;null;null;null;
2013-02-08;null;null;null;null;null;null;null;null;
2013-02-09;null;null;null;null;null;null;null;null;
2013-02-10;null;null;null;null;null;null;null;null;
2013-02-11;null;null;null;null;null;null;null;null;
2013-02-12;null;null;null;null;null;null;null;null;
2013-02-13;null;null;null;null;null;null;null;null;
2013-02-14;null;null;null;null;null;null;null;null;
2013-02-15;null;null;null;null;null;null;null;null;
2013-02-16;null;null;null;null;null;null;null;null;
2013-02-17;null;null;null;null;null;null;null;null;
2013-02-18;null;null;null;null;null;null;null;null;
2013-02-19;null;null;null;null;null;null;null;null;
2013-02-20;null;null;null;null;null;null;null;null;
2013-02-21;null;null;null;null;null;null;null;null;
2013-02-22;null;null;null;null;null;null;null;null;
2013-02-23;null;null;null;null;null;null;null;null;
2013-02-24;null;null;null;null;null;null;null;null;
2013-02-25;null;null;null;null;null;null;null;null;
2013-02-26;null;null;null;null;null;null;null;null;
2013-02-27;null;null;null;null;null;null;null;null;
2013-02-28;null;null;null;null;null;null;null;null;
2013-03-01;null;null;null;null;null;null;null;null;
2013-03-02;null;null;null;null;null;null;null;null;
2013-03-03;null;null;null;null;null;null;null;null;
2013-03-04;null;null;null;null;null;null;null;null;
2013-03-05;null;null;null;null;null;null;null;null;
2013-03-06;null;null;null;null;null;null;null;null;
2013-03-07;null;null;null;null;null;null;null;null;
2013-03-08;null;null;null;null;null;null;null;null;
2013-03-09;null;null;null;null;null;null;null;null;
2013-03-10;null;null;null;null;null;null;null;null;
2013-03-11;null;null;null;null;null;null;null;null;
2013-03-12;null;null;null;null;null;null;null;null;
2013-03-13;null;null;null;null;null;null;null;null;
2013-03-14;null;null;null;null;null;null;null;null;
2013-03-15;null;null;null;null;null;null;null;null;
2013-03-16;null;null;null;null;null;null;null;null;
2013-03-17;null;null;null;null;null;null;null;null;
2013-03-18;null;null;null;null;null;null;null;null;
2013-03-19;null;null;null;null;null;null;null;null;
2013-03-20;null;null;null;null;null;null;null;null;
2013-03-21;null;null;null;null;null;null;null;null;
2013-03-22;null;null;null;null;null;null;null;null;
2013-03-23;null;null;null;null;null;null;null;null;
2013-03-24;null;null;null;null;null;null;null;null;
2013-03-25;null;null;null;null;null;null;null;null;
2013-03-26;null;null;null;null;null;null;null;null;
2013-03-27;null;null;null;null;null;null;null;null;
2013-03-28;null;null;null;null;null;null;null;null;
2013-03-29;null;null;null;null;null;null;null;null;
2013-03-30;null;null;null;null;null;null;null;null;
2013-03-31;null;null;null;null;null;null;null;null;
2013-04-01;null;null;null;null;null;null;null;null;
2013-04-02;null;null;null;null;null;null;null;null;
2013-04-03;null;null;null;null;null;null;null;null;
2013-04-04;null;null;null;null;null;null;null;null;
2013-04-05;null;null;null;null;null;null;null;null;
2013-04-06;null;null;null;null;null;null;null;null;
2013-04-07;null;null;null;null;null;null;null;null;
2013-04-08;null;null;null;null;null;null;null;null;
2013-04-09;null;null;null;null;null;null;null;null;
2013-04-10;null;null;null;null;null;null;null;null;
2013-04-11;null;null;null;null;null;null;null;null;
2013-04-12;null;null;null;null;null;null;null;null;
2013-04-13;null;null;null;null;null;null;null;null;
2013-04-14;null;null;null;null;null;null;null;null;
2013-04-15;null;null;null;null;null;null;null;null;
2013-04-16;null;null;null;null;null;null;null;null;
2013-04-17;null;null;null;null;null;null;null;null;
2013-04-18;null;null;null;null;null;null;null;null;
2013-04-19;null;null;null;null;null;null;null;null;
2013-04-20;null;null;null;null;null;null;null;null;
2013-04-21;null;null;null;null;null;null;null;null;
2013-04-22;null;null;null;null;null;null;null;null;
2013-04-23;null;null;null;null;null;null;null;null;
2013-04-24;null;null;null;null;null;null;null;null;
2013-04-25;null;null;null;null;null;null;null;null;
2013-04-26;null;null;null;null;null;null;null;null;
2013-04-27;null;null;null;null;null;null;null;null;
2013-04-28;null;null;null;null;null;null;null;null;
2013-04-29;null;null;null;null;null;null;null;null;
2013-04-30;null;null;null;null;null;null;null;null;
2013-05-01;null;null;null;null;null;null;null;null;
2013-05-02;null;null;null;null;null;null;null;null;
2013-05-03;null;null;null;null;null;null;null;null;
2013-05-04;null;null;null;null;null;null;null;null;
2013-05-05;null;null;null;null;null;null;null;null;
2013-05-06;null;null;null;null;null;null;null;null;
2013-05-07;null;null;null;null;null;null;null;null;
2013-05-08;null;null;null;null;null;null;null;null;
2013-05-09;null;null;null;null;null;null;null;null;
2013-05-10;null;null;null;null;null;null;null;null;
2013-05-11;null;null;null;null;null;null;null;null;
2013-05-12;null;null;null;null;null;null;null;null;
2013-05-13;null;null;null;null;null;null;null;null;
2013-05-14;null;null;null;null;null;null;null;null;
2013-05-15;null;null;null;null;null;null;null;null;
2013-05-16;null;null;null;null;null;null;null;null;
2013-05-17;null;null;null;null;null;null;null;null;
2013-05-18;null;null;null;null;null;null;null;null;
2013-05-19;null;null;null;null;null;null;null;null;
2013-05-20;null;null;null;null;null;null;null;null;
2013-05-21;null;null;null;null;null;null;null;null;
2013-05-22;null;null;null;null;null;null;null;null;
2013-05-23;null;null;null;null;null;null;null;null;
2013-05-24;null;null;null;null;null;null;null;null;
2013-05-25;null;null;null;null;null;null;null;null;
2013-05-26;null;null;null;null;null;null;null;null;
2013-05-27;null;null;null;null;null;null;null;null;
2013-05-28;null;null;null;null;null;null;null;null;
2013-05-29;null;null;null;null;null;null;null;null;
2013-05-30;null;null;null;null;null;null;null;null;
2013-05-31;null;null;null;null;null;null;null;null;
2013-06-01;null;null;null;null;null;null;null;null;
2013-06-02;null;null;null;null;null;null;null;null;
2013-06-03;null;null;null;null;null;null;null;null;
2013-06-04;null;null;null;null;null;null;null;null;
2013-06-05;null;null;null;null;null;null;null;null;
2013-06-06;null;null;null;null;null;null;null;null;
2013-06-07;null;null;null;null;null;null;null;null;
2013-06-08;null;null;null;null;null;null;null;null;
2013-06-09;null;null;null;null;null;null;null;null;
2013-06-10;null;null;null;null;null;null;null;null;
2013-06-11;null;null;null;null;null;null;null;null;
2013-06-12;null;null;null;null;null;null;null;null;
2013-06-13;null;null;null;null;null;null;null;null;
2013-06-14;null;null;null;null;null;null;null;null;
2013-06-15;null;null;null;null;null;null;null;null;
2013-06-16;null;null;null;null;null;null;null;null;
2013-06-17;null;null;null;null;null;null;null;null;
2013-06-18;null;null;null;null;null;null;null;null;
2013-06-19;null;null;null;null;null;null;null;null;
2013-06-20;null;null;null;null;null;null;null;null;
2013-06-21;null;null;null;null;null;null;null;null;
2013-06-22;null;null;null;null;null;null;null;null;
2013-06-23;null;null;null;null;null;null;null;null;
2013-06-24;null;null;null;null;null;null;null;null;
2013-06-25;null;null;null;null;null;null;null;null;
2013-06-26;null;null;null;null;null;null;null;null;
2013-06-27;null;null;null;null;null;null;null;null;
2013-06-28;null;null;null;null;null;null;null;null;
2013-06-29;null;null;null;null;null;null;null;null;
2013-06-30;null;null;null;null;null;null;null;null;
2013-07-01;null;null;null;null;null;null;null;null;
2013-07-02;null;null;null;null;null;null;null;null;
2013-07-03;null;null;null;null;null;null;null;null;
2013-07-04;null;null;null;null;null;null;null;null;
2013-07-05;null;null;null;null;null;null;null;null;
2013-07-06;null;null;null;null;null;null;null;null;
2013-07-07;null;null;null;null;null;null;null;null;
2013-07-08;null;null;null;null;null;null;null;null;
2013-07-09;null;null;null;null;null;null;null;null;
2013-07-10;null;null;null;null;null;null;null;null;
2013-07-11;null;null;null;null;null;null;null;null;
2013-07-12;null;null;null;null;null;null;null;null;
2013-07-13;null;null;null;null;null;null;null;null;
2013-07-14;null;null;null;null;null;null;null;null;
2013-07-15;null;null;null;null;null;null;null;null;
2013-07-16;null;null;null;null;null;null;null;null;
2013-07-17;null;null;null;null;null;null;null;null;
2013-07-18;null;null;null;null;null;null;null;null;
2013-07-19;null;null;null;null;null;null;null;null;
2013-07-20;null;null;null;null;null;null;null;null;
2013-07-21;null;null;null;null;null;null;null;null;
2013-07-22;null;null;null;null;null;null;null;null;
2013-07-23;null;null;null;null;null;null;null;null;
2013-07-24;null;null;null;null;null;null;null;null;
2013-07-25;null;null;null;null;null;null;null;null;
2013-07-26;null;null;null;null;null;null;null;null;
2013-07-27;null;null;null;null;null;null;null;null;
2013-07-28;null;null;null;null;null;null;null;null;
2013-07-29;null;null;null;null;null;null;null;null;
2013-07-30;null;null;null;null;null;null;null;null;
2013-07-31;null;null;null;null;null;null;null;null;
2013-08-01;null;null;null;null;null;null;null;null;
2013-08-02;null;null;null;null;null;null;null;null;
2013-08-03;null;null;null;null;null;null;null;null;
2013-08-04;null;null;null;null;null;null;null;null;
2013-08-05;null;null;null;null;null;null;null;null;
2013-08-06;null;null;null;null;null;null;null;null;
2013-08-07;null;null;null;null;null;null;null;null;
2013-08-08;null;null;null;null;null;null;null;null;
2013-08-09;null;null;null;null;null;null;null;null;
2013-08-10;null;null;null;null;null;null;null;null;
2013-08-11;null;null;null;null;null;null;null;null;
2013-08-12;null;null;null;null;null;null;null;null;
2013-08-13;null;null;null;null;null;null;null;null;
2013-08-14;null;null;null;null;null;null;null;null;
2013-08-15;null;null;null;null;null;null;null;null;
2013-08-16;null;null;null;null;null;null;null;null;
2013-08-17;null;null;null;null;null;null;null;null;
2013-08-18;null;null;null;null;null;null;null;null;
2013-08-19;null;null;null;null;null;null;null;null;
2013-08-20;null;null;null;null;null;null;null;null;
2013-08-21;null;null;null;null;null;null;null;null;
2013-08-22;null;null;null;null;null;null;null;null;
2013-08-23;null;null;null;null;null;null;null;null;
2013-08-24;null;null;null;null;null;null;null;null;
2013-08-25;null;null;null;null;null;null;null;null;
2013-08-26;null;null;null;null;null;null;null;null;
2013-08-27;null;null;null;null;null;null;null;null;
2013-08-28;null;null;null;null;null;null;null;null;
2013-08-29;null;null;null;null;null;null;null;null;
2013-08-30;null;null;null;null;null;null;null;null;
2013-08-31;null;null;null;null;null;null;null;null;
2013-09-01;null;null;null;null;null;null;null;null;
2013-09-02;null;null;null;null;null;null;null;null;
2013-09-03;null;null;null;null;null;null;null;null;
2013-09-04;null;null;null;null;null;null;null;null;
2013-09-05;null;null;null;null;null;null;null;null;
2013-09-06;null;null;null;null;null;null;null;null;
2013-09-07;null;null;null;null;null;null;null;null;
2013-09-08;null;null;null;null;null;null;null;null;
2013-09-09;null;null;null;null;null;null;null;null;
2013-09-10;null;null;null;null;null;null;null;null;
2013-09-11;null;null;null;null;null;null;null;null;
2013-09-12;null;null;null;null;null;null;null;null;
2013-09-13;null;null;null;null;null;null;null;null;
2013-09-14;null;null;null;null;null;null;null;null;
2013-09-15;null;null;null;null;null;null;null;null;
2013-09-16;null;null;null;null;null;null;null;null;
2013-09-17;null;null;null;null;null;null;null;null;
2013-09-18;null;null;null;null;null;null;null;null;
2013-09-19;null;null;null;null;null;null;null;null;
2013-09-20;null;null;null;null;null;null;null;null;
2013-09-21;null;null;null;null;null;null;null;null;
2013-09-22;null;null;null;null;null;null;null;null;
2013-09-23;null;null;null;null;null;null;null;null;
2013-09-24;null;null;null;null;null;null;null;null;
2013-09-25;null;null;null;null;null;null;null;null;
2013-09-26;null;null;null;null;null;null;null;null;
2013-09-27;null;null;null;null;null;null;null;null;
2013-09-28;null;null;null;null;null;null;null;null;
2013-09-29;null;null;null;null;null;null;null;null;
2013-09-30;null;null;null;null;null;null;null;null;
2013-10-01;null;null;null;null;null;null;null;null;
2013-10-02;null;null;null;null;null;null;null;null;
2013-10-03;null;null;null;null;null;null;null;null;
2013-10-04;null;null;null;null;null;null;null;null;
2013-10-05;null;null;null;null;null;null;null;null;
2013-10-06;null;null;null;null;null;null;null;null;
2013-10-07;null;null;null;null;null;null;null;null;
2013-10-08;null;null;null;null;null;null;null;null;
2013-10-09;null;null;null;null;null;null;null;null;
2013-10-10;null;null;null;null;null;null;null;null;
2013-10-11;null;null;null;null;null;null;null;null;
2013-10-12;null;null;null;null;null;null;null;null;
2013-10-13;null;null;null;null;null;null;null;null;
2013-10-14;null;null;null;null;null;null;null;null;
2013-10-15;null;null;null;null;null;null;null;null;
2013-10-16;null;null;null;null;null;null;null;null;
2013-10-17;null;null;null;null;null;null;null;null;
2013-10-18;null;null;null;null;null;null;null;null;
2013-10-19;null;null;null;null;null;null;null;null;
2013-10-20;null;null;null;null;null;null;null;null;
2013-10-21;null;null;null;null;null;null;null;null;
2013-10-22;null;null;null;null;null;null;null;null;
2013-10-23;null;null;null;null;null;null;null;null;
2013-10-24;null;null;null;null;null;null;null;null;
2013-10-25;null;null;null;null;null;null;null;null;
2013-10-26;null;null;null;null;null;null;null;null;
2013-10-27;null;null;null;null;null;null;null;null;
2013-10-28;null;null;null;null;null;null;null;null;
2013-10-29;null;null;null;null;null;null;null;null;
2013-10-30;null;null;null;null;null;null;null;null;
2013-10-31;null;null;null;null;null;null;null;null;
2013-11-01;null;null;null;null;null;null;null;null;
2013-11-02;null;null;null;null;null;null;null;null;
2013-11-03;null;null;null;null;null;null;null;null;
2013-11-04;null;null;null;null;null;null;null;null;
2013-11-05;null;null;null;null;null;null;null;null;
2013-11-06;null;null;null;null;null;null;null;null;
2013-11-07;null;null;null;null;null;null;null;null;
2013-11-08;null;null;null;null;null;null;null;null;
2013-11-09;null;null;null;null;null;null;null;null;
2013-11-10;null;null;null;null;null;null;null;null;
2013-11-11;null;null;null;null;null;null;null;null;
2013-11-12;null;null;null;null;null;null;null;null;
2013-11-13;null;null;null;null;null;null;null;null;
2013-11-14;null;null;null;null;null;null;null;null;
2013-11-15;null;null;null;null;null;null;null;null;
2013-11-16;null;null;null;null;null;null;null;null;
2013-11-17;null;null;null;null;null;null;null;null;
2013-11-18;null;null;null;null;null;null;null;null;
2013-11-19;null;null;null;null;null;null;null;null;
2013-11-20;null;null;null;null;null;null;null;null;
2013-11-21;null;null;null;null;null;null;null;null;
2013-11-22;null;null;null;null;null;null;null;null;
2013-11-23;null;null;null;null;null;null;null;null;
2013-11-24;null;null;null;null;null;null;null;null;
2013-11-25;null;null;null;null;null;null;null;null;
2013-11-26;null;null;null;null;null;null;null;null;
2013-11-27;null;null;null;null;null;null;null;null;
2013-11-28;null;null;null;null;null;null;null;null;
2013-11-29;null;null;null;null;null;null;null;null;
2013-11-30;null;null;null;null;null;null;null;null;
2013-12-01;null;null;null;null;null;null;null;null;
2013-12-02;null;null;null;null;null;null;null;null;
2013-12-03;null;null;null;null;null;null;null;null;
2013-12-04;null;null;null;null;null;null;null;null;
2013-12-05;null;null;null;null;null;null;null;null;
2013-12-06;null;null;null;null;null;null;null;null;
2013-12-07;null;null;null;null;null;null;null;null;
2013-12-08;null;null;null;null;null;null;null;null;
2013-12-09;null;null;null;null;null;null;null;null;
2013-12-10;null;null;null;null;null;null;null;null;
2013-12-11;null;null;null;null;null;null;null;null;
2013-12-12;null;null;null;null;null;null;null;null;
2013-12-13;null;null;null;null;null;null;null;null;
2013-12-14;null;null;null;null;null;null;null;null;
2013-12-15;null;null;null;null;null;null;null;null;
2013-12-16;null;null;null;null;null;null;null;null;
2013-12-17;null;null;null;null;null;null;null;null;
2013-12-18;null;null;null;null;null;null;null;null;
2013-12-19;null;null;null;null;null;null;null;null;
2013-12-20;null;null;null;null;null;null;null;null;
2013-12-21;null;null;null;null;null;null;null;null;
2013-12-22;null;null;null;null;null;null;null;null;
2013-12-23;null;null;null;null;null;null;null;null;
2013-12-24;null;null;null;null;null;null;null;null;
2013-12-25;null;null;null;null;null;null;null;null;
2013-12-26;null;null;null;null;null;null;null;null;
2013-12-27;null;null;null;null;null;null;null;null;
2013-12-28;null;null;null;null;null;null;null;null;
2013-12-29;null;null;null;null;null;null;null;null;
2013-12-30;null;null;null;null;null;null;null;null;
2013-12-31;null;null;null;null;null;null;null;null;
2014-01-01;null;null;null;null;null;null;null;null;
2014-01-02;null;null;null;null;null;null;null;null;
2014-01-03;null;null;null;null;null;null;null;null;
2014-01-04;null;null;null;null;null;null;null;null;
2014-01-05;null;null;null;null;null;null;null;null;
2014-01-06;null;null;null;null;null;null;null;null;
2014-01-07;null;null;null;null;null;null;null;null;
2014-01-08;null;null;null;null;null;null;null;null;
2014-01-09;null;null;null;null;null;null;null;null;
2014-01-10;null;null;null;null;null;null;null;null;
2014-01-11;null;null;null;null;null;null;null;null;
2014-01-12;null;null;null;null;null;null;null;null;
2014-01-13;null;null;null;null;null;null;null;null;
2014-01-14;null;null;null;null;null;null;null;null;
2014-01-15;null;null;null;null;null;null;null;null;
2014-01-16;null;null;null;null;null;null;null;null;
2014-01-17;null;null;null;null;null;null;null;null;
2014-01-18;null;null;null;null;null;null;null;null;
2014-01-19;null;null;null;null;null;null;null;null;
2014-01-20;null;null;null;null;null;null;null;null;
2014-01-21;null;null;null;null;null;null;null;null;
2014-01-22;null;null;null;null;null;null;null;null;
2014-01-23;null;null;null;null;null;null;null;null;
2014-01-24;null;null;null;null;null;null;null;null;
2014-01-25;null;null;null;null;null;null;null;null;
2014-01-26;null;null;null;null;null;null;null;null;
2014-01-27;null;null;null;null;null;null;null;null;
2014-01-28;null;null;null;null;null;null;null;null;
2014-01-29;null;null;null;null;null;null;null;null;
2014-01-30;null;null;null;null;null;null;null;null;
2014-01-31;null;null;null;null;null;null;null;null;
2014-02-01;null;null;null;null;null;null;null;null;
2014-02-02;null;null;null;null;null;null;null;null;
2014-02-03;null;null;null;null;null;null;null;null;
2014-02-04;null;null;null;null;null;null;null;null;
2014-02-05;null;null;null;null;null;null;null;null;
2014-02-06;null;null;null;null;null;null;null;null;
2014-02-07;null;null;null;null;null;null;null;null;
2014-02-08;null;null;null;null;null;null;null;null;
2014-02-09;null;null;null;null;null;null;null;null;
2014-02-10;null;null;null;null;null;null;null;null;
2014-02-11;null;null;null;null;null;null;null;null;
2014-02-12;null;null;null;null;null;null;null;null;
2014-02-13;null;null;null;null;null;null;null;null;
2014-02-14;null;null;null;null;null;null;null;null;
2014-02-15;null;null;null;null;null;null;null;null;
2014-02-16;null;null;null;null;null;null;null;null;
2014-02-17;null;null;null;null;null;null;null;null;
2014-02-18;null;null;null;null;null;null;null;null;
2014-02-19;null;null;null;null;null;null;null;null;
2014-02-20;null;null;null;null;null;null;null;null;
2014-02-21;null;null;null;null;null;null;null;null;
2014-02-22;null;null;null;null;null;null;null;null;
2014-02-23;null;null;null;null;null;null;null;null;
2014-02-24;null;null;null;null;null;null;null;null;
2014-02-25;null;null;null;null;null;null;null;null;
2014-02-26;null;null;null;null;null;null;null;null;
2014-02-27;null;null;null;null;null;null;null;null;
2014-02-28;null;null;null;null;null;null;null;null;
2014-03-01;null;null;null;null;null;null;null;null;
2014-03-02;null;null;null;null;null;null;null;null;
2014-03-03;null;null;null;null;null;null;null;null;
2014-03-04;null;null;null;null;null;null;null;null;
2014-03-05;null;null;null;null;null;null;null;null;
2014-03-06;null;null;null;null;null;null;null;null;
2014-03-07;null;null;null;null;null;null;null;null;
2014-03-08;null;null;null;null;null;null;null;null;
2014-03-09;null;null;null;null;null;null;null;null;
2014-03-10;null;null;null;null;null;null;null;null;
2014-03-11;null;null;null;null;null;null;null;null;
2014-03-12;null;null;null;null;null;null;null;null;
2014-03-13;null;null;null;null;null;null;null;null;
2014-03-14;null;null;null;null;null;null;null;null;
2014-03-15;null;null;null;null;null;null;null;null;
2014-03-16;null;null;null;null;null;null;null;null;
2014-03-17;null;null;null;null;null;null;null;null;
2014-03-18;null;null;null;null;null;null;null;null;
2014-03-19;null;null;null;null;null;null;null;null;
2014-03-20;null;null;null;null;null;null;null;null;
2014-03-21;null;null;null;null;null;null;null;null;
2014-03-22;null;null;null;null;null;null;null;null;
2014-03-23;null;null;null;null;null;null;null;null;
2014-03-24;null;null;null;null;null;null;null;null;
2014-03-25;null;null;null;null;null;null;null;null;
2014-03-26;null;null;null;null;null;null;null;null;
2014-03-27;null;null;null;null;null;null;null;null;
2014-03-28;null;null;null;null;null;null;null;null;
2014-03-29;null;null;null;null;null;null;null;null;
2014-03-30;null;null;null;null;null;null;null;null;
2014-03-31;null;null;null;null;null;null;null;null;
2014-04-01;null;null;null;null;null;null;null;null;
2014-04-02;null;null;null;null;null;null;null;null;
2014-04-03;null;null;null;null;null;null;null;null;
2014-04-04;null;null;null;null;null;null;null;null;
2014-04-05;null;null;null;null;null;null;null;null;
2014-04-06;null;null;null;null;null;null;null;null;
2014-04-07;null;null;null;null;null;null;null;null;
2014-04-08;null;null;null;null;null;null;null;null;
2014-04-09;null;null;null;null;null;null;null;null;
2014-04-10;null;null;null;null;null;null;null;null;
2014-04-11;null;null;null;null;null;null;null;null;
2014-04-12;null;null;null;null;null;null;null;null;
2014-04-13;null;null;null;null;null;null;null;null;
2014-04-14;null;null;null;null;null;null;null;null;
2014-04-15;null;null;null;null;null;null;null;null;
2014-04-16;null;null;null;null;null;null;null;null;
2014-04-17;null;null;null;null;null;null;null;null;
2014-04-18;null;null;null;null;null;null;null;null;
2014-04-19;null;null;null;null;null;null;null;null;
2014-04-20;null;null;null;null;null;null;null;null;
2014-04-21;null;null;null;null;null;null;null;null;
2014-04-22;null;null;null;null;null;null;null;null;
2014-04-23;null;null;null;null;null;null;null;null;
2014-04-24;null;null;null;null;null;null;null;null;
2014-04-25;null;null;null;null;null;null;null;null;
2014-04-26;null;null;null;null;null;null;null;null;
2014-04-27;null;null;null;null;null;null;null;null;
2014-04-28;null;null;null;null;null;null;null;null;
2014-04-29;null;null;null;null;null;null;null;null;
2014-04-30;null;null;null;null;null;null;null;null;
2014-05-01;null;null;null;null;null;null;null;null;
2014-05-02;null;null;null;null;null;null;null;null;
2014-05-03;null;null;null;null;null;null;null;null;
2014-05-04;null;null;null;null;null;null;null;null;
2014-05-05;null;null;null;null;null;null;null;null;
2014-05-06;null;null;null;null;null;null;null;null;
2014-05-07;null;null;null;null;null;null;null;null;
2014-05-08;null;null;null;null;null;null;null;null;
2014-05-09;null;null;null;null;null;null;null;null;
2014-05-10;null;null;null;null;null;null;null;null;
2014-05-11;null;null;null;null;null;null;null;null;
2014-05-12;null;null;null;null;null;null;null;null;
2014-05-13;null;null;null;null;null;null;null;null;
2014-05-14;null;null;null;null;null;null;null;null;
2014-05-15;null;null;null;null;null;null;null;null;
2014-05-16;null;null;null;null;null;null;null;null;
2014-05-17;null;null;null;null;null;null;null;null;
2014-05-18;null;null;null;null;null;null;null;null;
2014-05-19;null;null;null;null;null;null;null;null;
2014-05-20;null;null;null;null;null;null;null;null;
2014-05-21;null;null;null;null;null;null;null;null;
2014-05-22;null;null;null;null;null;null;null;null;
2014-05-23;null;null;null;null;null;null;null;null;
2014-05-24;null;null;null;null;null;null;null;null;
2014-05-25;null;null;null;null;null;null;null;null;
2014-05-26;null;null;null;null;null;null;null;null;
2014-05-27;null;null;null;null;null;null;null;null;
2014-05-28;null;null;null;null;null;null;null;null;
2014-05-29;null;null;null;null;null;null;null;null;
2014-05-30;null;null;null;null;null;null;null;null;
2014-05-31;null;null;null;null;null;null;null;null;
2014-06-01;null;null;null;null;null;null;null;null;
2014-06-02;null;null;null;null;null;null;null;null;
2014-06-03;null;null;null;null;null;null;null;null;
2014-06-04;null;null;null;null;null;null;null;null;
2014-06-05;null;null;null;null;null;null;null;null;
2014-06-06;null;null;null;null;null;null;null;null;
2014-06-07;null;null;null;null;null;null;null;null;
2014-06-08;null;null;null;null;null;null;null;null;
2014-06-09;null;null;null;null;null;null;null;null;
2014-06-10;null;null;null;null;null;null;null;null;
2014-06-11;null;null;null;null;null;null;null;null;
2014-06-12;null;null;null;null;null;null;null;null;
2014-06-13;null;null;null;null;null;null;null;null;
2014-06-14;null;null;null;null;null;null;null;null;
2014-06-15;null;null;null;null;null;null;null;null;
2014-06-16;null;null;null;null;null;null;null;null;
2014-06-17;null;null;null;null;null;null;null;null;
2014-06-18;null;null;null;null;null;null;null;null;
2014-06-19;null;null;null;null;null;null;null;null;
2014-06-20;null;null;null;null;null;null;null;null;
2014-06-21;null;null;null;null;null;null;null;null;
2014-06-22;null;null;null;null;null;null;null;null;
2014-06-23;null;null;null;null;null;null;null;null;
2014-06-24;null;null;null;null;null;null;null;null;
2014-06-25;null;null;null;null;null;null;null;null;
2014-06-26;null;null;null;null;null;null;null;null;
2014-06-27;null;null;null;null;null;null;null;null;
2014-06-28;null;null;null;null;null;null;null;null;
2014-06-29;null;null;null;null;null;null;null;null;
2014-06-30;null;null;null;null;null;null;null;null;
2014-07-01;null;null;null;null;null;null;null;null;
2014-07-02;null;null;null;null;null;null;null;null;
2014-07-03;null;null;null;null;null;null;null;null;
2014-07-04;null;null;null;null;null;null;null;null;
2014-07-05;null;null;null;null;null;null;null;null;
2014-07-06;null;null;null;null;null;null;null;null;
2014-07-07;null;null;null;null;null;null;null;null;
2014-07-08;null;null;null;null;null;null;null;null;
2014-07-09;null;null;null;null;null;null;null;null;
2014-07-10;null;null;null;null;null;null;null;null;
2014-07-11;null;null;null;null;null;null;null;null;
2014-07-12;null;null;null;null;null;null;null;null;
2014-07-13;null;null;null;null;null;null;null;null;
2014-07-14;null;null;null;null;null;null;null;null;
2014-07-15;null;null;null;null;null;null;null;null;
2014-07-16;null;null;null;null;null;null;null;null;
2014-07-17;null;null;null;null;null;null;null;null;
2014-07-18;null;null;null;null;null;null;null;null;
2014-07-19;null;null;null;null;null;null;null;null;
2014-07-20;null;null;null;null;null;null;null;null;
2014-07-21;null;null;null;null;null;null;null;null;
2014-07-22;null;null;null;null;null;null;null;null;
2014-07-23;null;null;null;null;null;null;null;null;
2014-07-24;null;null;null;null;null;null;null;null;
2014-07-25;null;null;null;null;null;null;null;null;
2014-07-26;null;null;null;null;null;null;null;null;
2014-07-27;null;null;null;null;null;null;null;null;
2014-07-28;null;null;null;null;null;null;null;null;
2014-07-29;null;null;null;null;null;null;null;null;
2014-07-30;null;null;null;null;null;null;null;null;
2014-07-31;null;null;null;null;null;null;null;null;
2014-08-01;null;null;null;null;null;null;null;null;
2014-08-02;null;null;null;null;null;null;null;null;
2014-08-03;null;null;null;null;null;null;null;null;
2014-08-04;null;null;null;null;null;null;null;null;
2014-08-05;null;null;null;null;null;null;null;null;
2014-08-06;null;null;null;null;null;null;null;null;
2014-08-07;null;null;null;null;null;null;null;null;
2014-08-08;null;null;null;null;null;null;null;null;
2014-08-09;null;null;null;null;null;null;null;null;
2014-08-10;null;null;null;null;null;null;null;null;
2014-08-11;null;null;null;null;null;null;null;null;
2014-08-12;null;null;null;null;null;null;null;null;
2014-08-13;null;null;null;null;null;null;null;null;
2014-08-14;null;null;null;null;null;null;null;null;
2014-08-15;null;null;null;null;null;null;null;null;
2014-08-16;null;null;null;null;null;null;null;null;
2014-08-17;null;null;null;null;null;null;null;null;
2014-08-18;null;null;null;null;null;null;null;null;
2014-08-19;null;null;null;null;null;null;null;null;
2014-08-20;null;null;null;null;null;null;null;null;
2014-08-21;null;null;null;null;null;null;null;null;
2014-08-22;null;null;null;null;null;null;null;null;
2014-08-23;null;null;null;null;null;null;null;null;
2014-08-24;null;null;null;null;null;null;null;null;
2014-08-25;null;null;null;null;null;null;null;null;
2014-08-26;null;null;null;null;null;null;null;null;
2014-08-27;null;null;null;null;null;null;null;null;
2014-08-28;null;null;null;null;null;null;null;null;
2014-08-29;null;null;null;null;null;null;null;null;
2014-08-30;null;null;null;null;null;null;null;null;
2014-08-31;null;null;null;null;null;null;null;null;
2014-09-01;null;null;null;null;null;null;null;null;
2014-09-02;null;null;null;null;null;null;null;null;
2014-09-03;null;null;null;null;null;null;null;null;
2014-09-04;null;null;null;null;null;null;null;null;
2014-09-05;null;null;null;null;null;null;null;null;
2014-09-06;null;null;null;null;null;null;null;null;
2014-09-07;null;null;null;null;null;null;null;null;
2014-09-08;null;null;null;null;null;null;null;null;
2014-09-09;null;null;null;null;null;null;null;null;
2014-09-10;null;null;null;null;null;null;null;null;
2014-09-11;null;null;null;null;null;null;null;null;
2014-09-12;null;null;null;null;null;null;null;null;
2014-09-13;null;null;null;null;null;null;null;null;
2014-09-14;null;null;null;null;null;null;null;null;
2014-09-15;null;null;null;null;null;null;null;null;
2014-09-16;null;null;null;null;null;null;null;null;
2014-09-17;null;null;null;null;null;null;null;null;
2014-09-18;null;null;null;null;null;null;null;null;
2014-09-19;null;null;null;null;null;null;null;null;
2014-09-20;null;null;null;null;null;null;null;null;
2014-09-21;null;null;null;null;null;null;null;null;
2014-09-22;null;null;null;null;null;null;null;null;
2014-09-23;null;null;null;null;null;null;null;null;
2014-09-24;null;null;null;null;null;null;null;null;
2014-09-25;null;null;null;null;null;null;null;null;
2014-09-26;null;null;null;null;null;null;null;null;
2014-09-27;null;null;null;null;null;null;null;null;
2014-09-28;null;null;null;null;null;null;null;null;
2014-09-29;null;null;null;null;null;null;null;null;
2014-09-30;null;null;null;null;null;null;null;null;
2014-10-01;null;null;null;null;null;null;null;null;
2014-10-02;null;null;null;null;null;null;null;null;
2014-10-03;null;null;null;null;null;null;null;null;
2014-10-04;null;null;null;null;null;null;null;null;
2014-10-05;null;null;null;null;null;null;null;null;
2014-10-06;null;null;null;null;null;null;null;null;
2014-10-07;null;null;null;null;null;null;null;null;
2014-10-08;null;null;null;null;null;null;null;null;
2014-10-09;null;null;null;null;null;null;null;null;
2014-10-10;null;null;null;null;null;null;null;null;
2014-10-11;null;null;null;null;null;null;null;null;
2014-10-12;null;null;null;null;null;null;null;null;
2014-10-13;null;null;null;null;null;null;null;null;
2014-10-14;null;null;null;null;null;null;null;null;
2014-10-15;null;null;null;null;null;null;null;null;
2014-10-16;null;null;null;null;null;null;null;null;
2014-10-17;null;null;null;null;null;null;null;null;
2014-10-18;null;null;null;null;null;null;null;null;
2014-10-19;null;null;null;null;null;null;null;null;
2014-10-20;null;null;null;null;null;null;null;null;
2014-10-21;null;null;null;null;null;null;null;null;
2014-10-22;null;null;null;null;null;null;null;null;
2014-10-23;null;null;null;null;null;null;null;null;
2014-10-24;null;null;null;null;null;null;null;null;
2014-10-25;null;null;null;null;null;null;null;null;
2014-10-26;null;null;null;null;null;null;null;null;
2014-10-27;null;null;null;null;null;null;null;null;
2014-10-28;null;null;null;null;null;null;null;null;
2014-10-29;null;null;null;null;null;null;null;null;
2014-10-30;null;null;null;null;null;null;null;null;
2014-10-31;null;null;null;null;null;null;null;null;
2014-11-01;null;null;null;null;null;null;null;null;
2014-11-02;null;null;null;null;null;null;null;null;
2014-11-03;null;null;null;null;null;null;null;null;
2014-11-04;null;null;null;null;null;null;null;null;
2014-11-05;null;null;null;null;null;null;null;null;
2014-11-06;null;null;null;null;null;null;null;null;
2014-11-07;null;null;null;null;null;null;null;null;
2014-11-08;null;null;null;null;null;null;null;null;
2014-11-09;null;null;null;null;null;null;null;null;
2014-11-10;null;null;null;null;null;null;null;null;
2014-11-11;null;null;null;null;null;null;null;null;
2014-11-12;null;null;null;null;null;null;null;null;
2014-11-13;null;null;null;null;null;null;null;null;
2014-11-14;null;null;null;null;null;null;null;null;
2014-11-15;null;null;null;null;null;null;null;null;
2014-11-16;null;null;null;null;null;null;null;null;
2014-11-17;null;null;null;null;null;null;null;null;
2014-11-18;null;null;null;null;null;null;null;null;
2014-11-19;null;null;null;null;null;null;null;null;
2014-11-20;null;null;null;null;null;null;null;null;
2014-11-21;null;null;null;null;null;null;null;null;
2014-11-22;null;null;null;null;null;null;null;null;
2014-11-23;null;null;null;null;null;null;null;null;
2014-11-24;null;null;null;null;null;null;null;null;
2014-11-25;null;null;null;null;null;null;null;null;
2014-11-26;null;null;null;null;null;null;null;null;
2014-11-27;null;null;null;null;null;null;null;null;
2014-11-28;null;null;null;null;null;null;null;null;
2014-11-29;null;null;null;null;null;null;null;null;
2014-11-30;null;null;null;null;null;null;null;null;
2014-12-01;null;null;null;null;null;null;null;null;
2014-12-02;null;null;null;null;null;null;null;null;
2014-12-03;null;null;null;null;null;null;null;null;
2014-12-04;null;null;null;null;null;null;null;null;
2014-12-05;null;null;null;null;null;null;null;null;
2014-12-06;null;null;null;null;null;null;null;null;
2014-12-07;null;null;null;null;null;null;null;null;
2014-12-08;null;null;null;null;null;null;null;null;
2014-12-09;null;null;null;null;null;null;null;null;
2014-12-10;null;null;null;null;null;null;null;null;
2014-12-11;null;null;null;null;null;null;null;null;
2014-12-12;null;null;null;null;null;null;null;null;
2014-12-13;null;null;null;null;null;null;null;null;
2014-12-14;null;null;null;null;null;null;null;null;
2014-12-15;null;null;null;null;null;null;null;null;
2014-12-16;null;null;null;null;null;null;null;null;
2014-12-17;null;null;null;null;null;null;null;null;
2014-12-18;null;null;null;null;null;null;null;null;
2014-12-19;null;null;null;null;null;null;null;null;
2014-12-20;null;null;null;null;null;null;null;null;
2014-12-21;null;null;null;null;null;null;null;null;
2014-12-22;null;null;null;null;null;null;null;null;
2014-12-23;null;null;null;null;null;null;null;null;
2014-12-24;null;null;null;null;null;null;null;null;
2014-12-25;null;null;null;null;null;null;null;null;
2014-12-26;null;null;null;null;null;null;null;null;
2014-12-27;null;null;null;null;null;null;null;null;
2014-12-28;null;null;null;null;null;null;null;null;
2014-12-29;null;null;null;null;null;null;null;null;
2014-12-30;null;null;null;null;null;null;null;null;
2014-12-31;null;null;null;null;null;null;null;null;
2015-01-01;null;null;null;null;null;null;null;null;
2015-01-02;null;null;null;null;null;null;null;null;
2015-01-03;null;null;null;null;null;null;null;null;
2015-01-04;null;null;null;null;null;null;null;null;
2015-01-05;null;null;null;null;null;null;null;null;
2015-01-06;null;null;null;null;null;null;null;null;
2015-01-07;null;null;null;null;null;null;null;null;
2015-01-08;null;null;null;null;null;null;null;null;
2015-01-09;null;null;null;null;null;null;null;null;
2015-01-10;null;null;null;null;null;null;null;null;
2015-01-11;null;null;null;null;null;null;null;null;
2015-01-12;null;null;null;null;null;null;null;null;
2015-01-13;null;null;null;null;null;null;null;null;
2015-01-14;null;null;null;null;null;null;null;null;
2015-01-15;null;null;null;null;null;null;null;null;
2015-01-16;null;null;null;null;null;null;null;null;
2015-01-17;null;null;null;null;null;null;null;null;
2015-01-18;null;null;null;null;null;null;null;null;
2015-01-19;null;null;null;null;null;null;null;null;
2015-01-20;null;null;null;null;null;null;null;null;
2015-01-21;null;null;null;null;null;null;null;null;
2015-01-22;null;null;null;null;null;null;null;null;
2015-01-23;null;null;null;null;null;null;null;null;
2015-01-24;null;null;null;null;null;null;null;null;
2015-01-25;null;null;null;null;null;null;null;null;
2015-01-26;null;null;null;null;null;null;null;null;
2015-01-27;null;null;null;null;null;null;null;null;
2015-01-28;null;null;null;null;null;null;null;null;
2015-01-29;null;null;null;null;null;null;null;null;
2015-01-30;null;null;null;null;null;null;null;null;
2015-01-31;null;null;null;null;null;null;null;null;
2015-02-01;null;null;null;null;null;null;null;null;
2015-02-02;null;null;null;null;null;null;null;null;
2015-02-03;null;null;null;null;null;null;null;null;
2015-02-04;null;null;null;null;null;null;null;null;
2015-02-05;null;null;null;null;null;null;null;null;
2015-02-06;null;null;null;null;null;null;null;null;
2015-02-07;null;null;null;null;null;null;null;null;
2015-02-08;null;null;null;null;null;null;null;null;
2015-02-09;null;null;null;null;null;null;null;null;
2015-02-10;null;null;null;null;null;null;null;null;
2015-02-11;null;null;null;null;null;null;null;null;
2015-02-12;null;null;null;null;null;null;null;null;
2015-02-13;null;null;null;null;null;null;null;null;
2015-02-14;null;null;null;null;null;null;null;null;
2015-02-15;null;null;null;null;null;null;null;null;
2015-02-16;null;null;null;null;null;null;null;null;
2015-02-17;null;null;null;null;null;null;null;null;
2015-02-18;null;null;null;null;null;null;null;null;
2015-02-19;null;null;null;null;null;null;null;null;
2015-02-20;null;null;null;null;null;null;null;null;
2015-02-21;null;null;null;null;null;null;null;null;
2015-02-22;null;null;null;null;null;null;null;null;
2015-02-23;null;null;null;null;null;null;null;null;
2015-02-24;null;null;null;null;null;null;null;null;
2015-02-25;null;null;null;null;null;null;null;null;
2015-02-26;null;null;null;null;null;null;null;null;
2015-02-27;null;null;null;null;null;null;null;null;
2015-02-28;null;null;null;null;null;null;null;null;
2015-03-01;null;null;null;null;null;null;null;null;
2015-03-02;null;null;null;null;null;null;null;null;
2015-03-03;null;null;null;null;null;null;null;null;
2015-03-04;null;null;null;null;null;null;null;null;
2015-03-05;null;null;null;null;null;null;null;null;
2015-03-06;null;null;null;null;null;null;null;null;
2015-03-07;null;null;null;null;null;null;null;null;
2015-03-08;null;null;null;null;null;null;null;null;
2015-03-09;null;null;null;null;null;null;null;null;
2015-03-10;null;null;null;null;null;null;null;null;
2015-03-11;null;null;null;null;null;null;null;null;
2015-03-12;null;null;null;null;null;null;null;null;
2015-03-13;null;null;null;null;null;null;null;null;
2015-03-14;null;null;null;null;null;null;null;null;
2015-03-15;null;null;null;null;null;null;null;null;
2015-03-16;null;null;null;null;null;null;null;null;
2015-03-17;null;null;null;null;null;null;null;null;
2015-03-18;null;null;null;null;null;null;null;null;
2015-03-19;null;null;null;null;null;null;null;null;
2015-03-20;null;null;null;null;null;null;null;null;
2015-03-21;null;null;null;null;null;null;null;null;
2015-03-22;null;null;null;null;null;null;null;null;
2015-03-23;null;null;null;null;null;null;null;null;
2015-03-24;null;null;null;null;null;null;null;null;
2015-03-25;null;null;null;null;null;null;null;null;
2015-03-26;null;null;null;null;null;null;null;null;
2015-03-27;null;null;null;null;null;null;null;null;
2015-03-28;null;null;null;null;null;null;null;null;
2015-03-29;null;null;null;null;null;null;null;null;
2015-03-30;null;null;null;null;null;null;null;null;
2015-03-31;null;null;null;null;null;null;null;null;
2015-04-01;null;null;null;null;null;null;null;null;
2015-04-02;null;null;null;null;null;null;null;null;
2015-04-03;null;null;null;null;null;null;null;null;
2015-04-04;null;null;null;null;null;null;null;null;
2015-04-05;null;null;null;null;null;null;null;null;
2015-04-06;null;null;null;null;null;null;null;null;
2015-04-07;null;null;null;null;null;null;null;null;
2015-04-08;null;null;null;null;null;null;null;null;
2015-04-09;null;null;null;null;null;null;null;null;
2015-04-10;null;null;null;null;null;null;null;null;
2015-04-11;null;null;null;null;null;null;null;null;
2015-04-12;null;null;null;null;null;null;null;null;
2015-04-13;null;null;null;null;null;null;null;null;
2015-04-14;null;null;null;null;null;null;null;null;
2015-04-15;null;null;null;null;null;null;null;null;
2015-04-16;null;null;null;null;null;null;null;null;
2015-04-17;null;null;null;null;null;null;null;null;
2015-04-18;null;null;null;null;null;null;null;null;
2015-04-19;null;null;null;null;null;null;null;null;
2015-04-20;null;null;null;null;null;null;null;null;
2015-04-21;null;null;null;null;null;null;null;null;
2015-04-22;null;null;null;null;null;null;null;null;
2015-04-23;null;null;null;null;null;null;null;null;
2015-04-24;null;null;null;null;null;null;null;null;
2015-04-25;null;null;null;null;null;null;null;null;
2015-04-26;null;null;null;null;null;null;null;null;
2015-04-27;null;null;null;null;null;null;null;null;
2015-04-28;null;null;null;null;null;null;null;null;
2015-04-29;null;null;null;null;null;null;null;null;
2015-04-30;null;null;null;null;null;null;null;null;

