Nome: SOROCABA
Codigo Estacao: 83651
Latitude: -23.48
Longitude: -47.45
Altitude: 583
Situacao: Desativada
Data Inicial: 2013-01-01
Data Final: 2013-06-29
Periodicidade da Medicao: Diaria

Data Medicao;EVAPORACAO DO PICHE, DIARIA(mm);INSOLACAO TOTAL, DIARIO(h);PRECIPITACAO TOTAL, DIARIO(mm);TEMPERATURA MAXIMA, DIARIA(°C);TEMPERATURA MEDIA COMPENSADA, DIARIA(°C);TEMPERATURA MINIMA, DIARIA(°C);UMIDADE RELATIVA DO AR, MEDIA DIARIA(%);VENTO, VELOCIDADE MEDIA DIARIA(m/s);
2013-01-01;null;null;null;null;null;null;null;null;
2013-01-02;null;null;null;null;null;null;null;null;
2013-01-03;null;null;null;null;null;null;null;null;
2013-01-04;null;null;null;null;null;null;null;null;
2013-01-05;null;null;null;null;null;null;null;null;
2013-01-06;null;null;null;null;null;null;null;null;
2013-01-07;null;null;null;null;null;null;null;null;
2013-01-08;null;null;null;null;null;null;null;null;
2013-01-09;null;null;null;null;null;null;null;null;
2013-01-10;null;null;null;null;null;null;null;null;
2013-01-11;null;null;null;null;null;null;null;null;
2013-01-12;null;null;null;null;null;null;null;null;
2013-01-13;null;null;null;null;null;null;null;null;
2013-01-14;null;null;null;null;null;null;null;null;
2013-01-15;null;null;null;null;null;null;null;null;
2013-01-16;null;null;null;null;null;null;null;null;
2013-01-17;null;null;null;null;null;null;null;null;
2013-01-18;null;null;null;null;null;null;null;null;
2013-01-19;null;null;null;null;null;null;null;null;
2013-01-20;null;null;null;null;null;null;null;null;
2013-01-21;null;null;null;null;null;null;null;null;
2013-01-22;null;null;null;null;null;null;null;null;
2013-01-23;null;null;null;null;null;null;null;null;
2013-01-24;null;null;null;null;null;null;null;null;
2013-01-25;null;null;null;null;null;null;null;null;
2013-01-26;null;null;null;null;null;null;null;null;
2013-01-27;null;null;null;null;null;null;null;null;
2013-01-28;null;null;null;null;null;null;null;null;
2013-01-29;null;null;null;null;null;null;null;null;
2013-01-30;null;null;null;null;null;null;null;null;
2013-01-31;null;null;null;null;null;null;null;null;
2013-02-01;null;null;null;null;null;null;null;null;
2013-02-02;null;null;null;null;null;null;null;null;
2013-02-03;null;null;null;null;null;null;null;null;
2013-02-04;null;null;null;null;null;null;null;null;
2013-02-05;null;null;null;null;null;null;null;null;
2013-02-06;null;null;null;null;null;null;null;null;
2013-02-07;null;null;null;null;null;null;null;null;
2013-02-08;null;null;null;null;null;null;null;null;
2013-02-09;null;null;null;null;null;null;null;null;
2013-02-10;null;null;null;null;null;null;null;null;
2013-02-11;null;null;null;null;null;null;null;null;
2013-02-12;null;null;null;null;null;null;null;null;
2013-02-13;null;null;null;null;null;null;null;null;
2013-02-14;null;null;null;null;null;null;null;null;
2013-02-15;null;null;null;null;null;null;null;null;
2013-02-16;null;null;null;null;null;null;null;null;
2013-02-17;null;null;null;null;null;null;null;null;
2013-02-18;null;null;null;null;null;null;null;null;
2013-02-19;null;null;null;null;null;null;null;null;
2013-02-20;null;null;null;null;null;null;null;null;
2013-02-21;null;null;null;null;null;null;null;null;
2013-02-22;null;null;null;null;null;null;null;null;
2013-02-23;null;null;null;null;null;null;null;null;
2013-02-24;null;null;null;null;null;null;null;null;
2013-02-25;null;null;null;null;null;null;null;null;
2013-02-26;null;null;null;null;null;null;null;null;
2013-02-27;null;null;null;null;null;null;null;null;
2013-02-28;null;null;null;null;null;null;null;null;
2013-03-01;null;null;null;null;null;null;null;null;
2013-03-02;null;null;null;null;null;null;null;null;
2013-03-03;null;null;null;null;null;null;null;null;
2013-03-04;null;null;null;null;null;null;null;null;
2013-03-05;null;null;null;null;null;null;null;null;
2013-03-06;null;null;null;null;null;null;null;null;
2013-03-07;null;null;null;null;null;null;null;null;
2013-03-08;null;null;null;null;null;null;null;null;
2013-03-09;null;null;null;null;null;null;null;null;
2013-03-10;null;null;null;null;null;null;null;null;
2013-03-11;null;null;null;null;null;null;null;null;
2013-03-12;null;null;null;null;null;null;null;null;
2013-03-13;null;null;null;null;null;null;null;null;
2013-03-14;null;null;null;null;null;null;null;null;
2013-03-15;null;null;null;null;null;null;null;null;
2013-03-16;null;null;null;null;null;null;null;null;
2013-03-17;null;null;null;null;null;null;null;null;
2013-03-18;null;null;null;null;null;null;null;null;
2013-03-19;null;null;null;null;null;null;null;null;
2013-03-20;null;null;null;null;null;null;null;null;
2013-03-21;null;null;null;null;null;null;null;null;
2013-03-22;null;null;null;null;null;null;null;null;
2013-03-23;null;null;null;null;null;null;null;null;
2013-03-24;null;null;null;null;null;null;null;null;
2013-03-25;null;null;null;null;null;null;null;null;
2013-03-26;null;null;null;null;null;null;null;null;
2013-03-27;null;null;null;null;null;null;null;null;
2013-03-28;null;null;null;null;null;null;null;null;
2013-03-29;null;null;null;null;null;null;null;null;
2013-03-30;null;null;null;null;null;null;null;null;
2013-03-31;null;null;null;null;null;null;null;null;
2013-04-01;null;null;null;null;null;null;null;null;
2013-04-02;null;null;null;null;null;null;null;null;
2013-04-03;null;null;null;null;null;null;null;null;
2013-04-04;null;null;null;null;null;null;null;null;
2013-04-05;null;null;null;null;null;null;null;null;
2013-04-06;null;null;null;null;null;null;null;null;
2013-04-07;null;null;null;null;null;null;null;null;
2013-04-08;null;null;null;null;null;null;null;null;
2013-04-09;null;null;null;null;null;null;null;null;
2013-04-10;null;null;null;null;null;null;null;null;
2013-04-11;null;null;null;null;null;null;null;null;
2013-04-12;null;null;null;null;null;null;null;null;
2013-04-13;null;null;null;null;null;null;null;null;
2013-04-14;null;null;null;null;null;null;null;null;
2013-04-15;null;null;null;null;null;null;null;null;
2013-04-16;null;null;null;null;null;null;null;null;
2013-04-17;null;null;null;null;null;null;null;null;
2013-04-18;null;null;null;null;null;null;null;null;
2013-04-19;null;null;null;null;null;null;null;null;
2013-04-20;null;null;null;null;null;null;null;null;
2013-04-21;null;null;null;null;null;null;null;null;
2013-04-22;null;null;null;null;null;null;null;null;
2013-04-23;null;null;null;null;null;null;null;null;
2013-04-24;null;null;null;null;null;null;null;null;
2013-04-25;null;null;null;null;null;null;null;null;
2013-04-26;null;null;null;null;null;null;null;null;
2013-04-27;null;null;null;null;null;null;null;null;
2013-04-28;null;null;null;null;null;null;null;null;
2013-04-29;null;null;null;null;null;null;null;null;
2013-04-30;null;null;null;null;null;null;null;null;
2013-05-01;null;null;null;null;null;null;null;null;
2013-05-02;null;null;null;null;null;null;null;null;
2013-05-03;null;null;null;null;null;null;null;null;
2013-05-04;null;null;null;null;null;null;null;null;
2013-05-05;null;null;null;null;null;null;null;null;
2013-05-06;null;null;null;null;null;null;null;null;
2013-05-07;null;null;null;null;null;null;null;null;
2013-05-08;null;null;null;null;null;null;null;null;
2013-05-09;null;null;null;null;null;null;null;null;
2013-05-10;null;null;null;null;null;null;null;null;
2013-05-11;null;null;null;null;null;null;null;null;
2013-05-12;null;null;null;null;null;null;null;null;
2013-05-13;null;null;null;null;null;null;null;null;
2013-05-14;null;null;null;null;null;null;null;null;
2013-05-15;null;null;null;null;null;null;null;null;
2013-05-16;null;null;null;null;null;null;null;null;
2013-05-17;null;null;null;null;null;null;null;null;
2013-05-18;null;null;null;null;null;null;null;null;
2013-05-19;null;null;null;null;null;null;null;null;
2013-05-20;null;null;null;null;null;null;null;null;
2013-05-21;null;null;null;null;null;null;null;null;
2013-05-22;null;null;null;null;null;null;null;null;
2013-05-23;null;null;null;null;null;null;null;null;
2013-05-24;null;null;null;null;null;null;null;null;
2013-05-25;null;null;null;null;null;null;null;null;
2013-05-26;null;null;null;null;null;null;null;null;
2013-05-27;null;null;null;null;null;null;null;null;
2013-05-28;null;null;null;null;null;null;null;null;
2013-05-29;null;null;null;null;null;null;null;null;
2013-05-30;null;null;null;null;null;null;null;null;
2013-05-31;null;null;null;null;null;null;null;null;
2013-06-01;null;null;null;null;null;null;null;null;
2013-06-02;null;null;null;null;null;null;null;null;
2013-06-03;null;null;null;null;null;null;null;null;
2013-06-04;null;null;null;null;null;null;null;null;
2013-06-05;null;null;null;null;null;null;null;null;
2013-06-06;null;null;null;null;null;null;null;null;
2013-06-07;null;null;null;null;null;null;null;null;
2013-06-08;null;null;null;null;null;null;null;null;
2013-06-09;null;null;null;null;null;null;null;null;
2013-06-10;null;null;null;null;null;null;null;null;
2013-06-11;null;null;null;null;null;null;null;null;
2013-06-12;null;null;null;null;null;null;null;null;
2013-06-13;null;null;null;null;null;null;null;null;
2013-06-14;null;null;null;null;null;null;null;null;
2013-06-15;null;null;null;null;null;null;null;null;
2013-06-16;null;null;null;null;null;null;null;null;
2013-06-17;null;null;null;null;null;null;null;null;
2013-06-18;null;null;null;null;null;null;null;null;
2013-06-19;null;null;null;null;null;null;null;null;
2013-06-20;null;null;null;null;null;null;null;null;
2013-06-21;null;null;null;null;null;null;null;null;
2013-06-22;null;null;null;null;null;null;null;null;
2013-06-23;null;null;null;null;null;null;null;null;
2013-06-24;null;null;null;null;null;null;null;null;
2013-06-25;null;null;null;null;null;null;null;null;
2013-06-26;null;null;null;null;null;null;null;null;
2013-06-27;null;null;null;null;null;null;null;null;
2013-06-28;null;null;null;null;null;null;null;null;
2013-06-29;null;null;null;null;null;null;null;null;

