Nome: CORUMBA
Codigo Estacao: 83552
Latitude: -19.00461
Longitude: -57.672338
Altitude: 131.07
Situacao: Desativada
Data Inicial: 2013-01-01
Data Final: 2013-06-29
Periodicidade da Medicao: Diaria

Data Medicao;EVAPORACAO DO PICHE, DIARIA(mm);INSOLACAO TOTAL, DIARIO(h);PRECIPITACAO TOTAL, DIARIO(mm);TEMPERATURA MAXIMA, DIARIA(°C);TEMPERATURA MEDIA COMPENSADA, DIARIA(°C);TEMPERATURA MINIMA, DIARIA(°C);UMIDADE RELATIVA DO AR, MEDIA DIARIA(%);VENTO, VELOCIDADE MEDIA DIARIA(m/s);
2013-01-01;null;7,6;5,6;34,4;null;null;85,25;null;
2013-01-02;null;3,1;26,8;29,2;null;null;87,75;null;
2013-01-03;null;11;0;35;null;null;74,25;null;
2013-01-04;null;9,9;0;36,2;null;null;69,75;null;
2013-01-05;null;10,7;2,9;35,4;null;null;68,75;null;
2013-01-06;null;11,4;0;35,5;null;null;68,5;null;
2013-01-07;null;12;,2;35,8;null;null;62,5;null;
2013-01-08;null;12;0;36,4;null;null;65;null;
2013-01-09;null;10,9;,4;37,4;null;null;82,5;null;
2013-01-10;null;null;82,9;null;null;null;null;null;
2013-01-11;null;10,6;0;34,4;null;null;65,75;null;
2013-01-12;null;12,4;0;35;null;null;50,25;null;
2013-01-13;null;11,7;0;35,2;null;null;60,75;null;
2013-01-14;null;8,1;0;33,7;null;null;69;null;
2013-01-15;null;11,5;0;36,2;null;null;67,75;null;
2013-01-16;null;11,5;0;37;null;null;66,25;null;
2013-01-17;null;5,1;7,1;33,9;null;null;83,25;null;
2013-01-18;null;8,9;,1;36,2;null;null;75,25;null;
2013-01-19;null;7,7;0;37,6;null;null;71,25;null;
2013-01-20;null;null;,6;null;null;null;null;null;
2013-01-21;null;10,9;0;36,9;null;null;56;null;
2013-01-22;null;6,7;0;35,5;null;null;73,25;null;
2013-01-23;null;7,1;0;37;null;null;71;null;
2013-01-24;null;3,5;0;35,3;null;null;80,5;null;
2013-01-25;null;null;0;null;null;null;null;null;
2013-01-26;null;8,2;77,9;30,5;null;null;80;null;
2013-01-27;null;11,5;0;35,7;null;null;61,25;null;
2013-01-28;null;11,4;0;36,9;null;null;58;null;
2013-01-29;null;7,3;0;36,4;null;null;66,25;null;
2013-01-30;null;11,4;0;36,4;null;null;68,5;null;
2013-01-31;null;5,5;,2;34,3;null;null;77;null;
2013-02-01;null;null;0;null;null;null;null;null;
2013-02-02;null;null;null;null;null;null;null;null;
2013-02-03;null;null;null;null;null;null;null;null;
2013-02-04;null;10,5;18,8;34,5;null;null;75,25;null;
2013-02-05;null;10,3;0;35,8;null;null;67,5;null;
2013-02-06;null;8,1;0;36,5;null;null;64,5;null;
2013-02-07;null;7,6;0;35;null;null;73,25;null;
2013-02-08;null;7,4;3,7;33,8;null;null;86,25;null;
2013-02-09;null;6,8;9,3;33,2;null;null;84,25;null;
2013-02-10;null;7,5;0;32;null;null;85,25;null;
2013-02-11;null;2,9;1;31,8;null;null;84,25;null;
2013-02-12;null;9,3;9,3;33,4;null;null;77;null;
2013-02-13;null;6,9;,2;33,9;null;null;79,5;null;
2013-02-14;null;6,6;,8;34,2;null;null;75,5;null;
2013-02-15;null;7,9;0;34,8;null;null;69,5;null;
2013-02-16;null;10,5;5,2;36,4;null;null;65,75;null;
2013-02-17;null;10,5;0;37,2;null;null;64,5;null;
2013-02-18;null;6,3;0;36,7;null;null;65,75;null;
2013-02-19;null;3,4;0;33,9;null;null;84,5;null;
2013-02-20;null;5,2;,4;35;null;null;85;null;
2013-02-21;null;5,2;6,1;34,6;null;null;79,25;null;
2013-02-22;null;6;3,6;33,2;null;null;88,25;null;
2013-02-23;null;9,4;4,1;36,2;null;null;72,25;null;
2013-02-24;null;5;0;32,3;null;null;91;null;
2013-02-25;null;7,6;9,6;33,2;null;null;77,75;null;
2013-02-26;null;2,6;0;33,9;null;null;84,5;null;
2013-02-27;null;3,6;2;32,6;null;null;87,25;null;
2013-02-28;null;5,1;0;34,2;null;null;85;null;
2013-03-01;null;9,4;0;35;null;null;73,75;null;
2013-03-02;null;10,2;0;35,8;null;null;67,75;null;
2013-03-03;null;7,9;0;37,4;null;null;72;null;
2013-03-04;null;6;0;35,9;null;null;82,75;null;
2013-03-05;null;9,3;13,1;null;null;null;75;null;
2013-03-06;null;10,3;0;35,8;null;null;null;null;
2013-03-07;null;9,7;0;36,8;null;null;null;null;
2013-03-08;null;10,1;0;37,3;null;null;null;null;
2013-03-09;null;3,4;0;34;null;null;null;null;
2013-03-10;null;null;4,5;null;null;null;null;null;
2013-03-11;null;8,1;0;35,9;null;null;null;null;
2013-03-12;null;10;1,4;37,1;null;null;null;null;
2013-03-13;null;6,4;0;37,6;null;null;null;null;
2013-03-14;null;3,4;2;32,2;null;null;null;null;
2013-03-15;null;6,4;0;33,4;null;null;null;null;
2013-03-16;null;1,3;31,4;27,4;null;null;null;null;
2013-03-17;null;null;0;null;null;null;null;null;
2013-03-18;null;,7;16;26,8;null;null;null;null;
2013-03-19;null;1,9;98,5;27,2;null;null;null;null;
2013-03-20;null;2,4;5,3;28,4;null;null;null;null;
2013-03-21;null;8,6;0;32,8;null;null;null;null;
2013-03-22;null;6,6;0;34,9;null;null;null;null;
2013-03-23;null;null;0;null;null;null;null;null;
2013-03-24;null;null;5,4;null;null;null;null;null;
2013-03-25;null;2;0;30;null;null;null;null;
2013-03-26;null;1,6;1,4;28,8;null;null;76,5;null;
2013-03-27;null;10,2;0;31,9;null;null;64,25;null;
2013-03-28;null;10,1;0;31,3;null;null;54,75;null;
2013-03-29;null;9,9;0;33,1;null;null;66,25;null;
2013-03-30;null;9,6;0;33,8;null;null;66,5;null;
2013-03-31;null;10,2;0;35,1;null;null;61,75;null;
2013-04-01;null;9,8;0;35,2;null;null;75;null;
2013-04-02;null;6,7;0;35,4;null;null;76,25;null;
2013-04-03;null;1,6;2;30,2;null;null;98;null;
2013-04-04;null;4,3;25,2;31,5;null;null;90;null;
2013-04-05;null;6,8;0;32,8;null;null;null;null;
2013-04-06;null;9,8;26,3;34,3;null;null;null;null;
2013-04-07;null;null;null;null;null;null;null;null;
2013-04-08;null;4,2;4,2;31,8;null;null;null;null;
2013-04-09;null;6,8;1,8;32,9;null;null;null;null;
2013-04-10;null;7,9;4,4;33,3;null;null;null;null;
2013-04-11;null;7;11,8;32,8;null;null;null;null;
2013-04-12;null;4,4;1,2;31,2;null;null;null;null;
2013-04-13;null;,2;12,8;23,9;null;null;null;null;
2013-04-14;null;null;,4;null;null;null;null;null;
2013-04-15;null;8,3;0;29,8;null;null;null;null;
2013-04-16;null;9,8;0;30,2;null;null;null;null;
2013-04-17;null;9,8;0;30,4;null;null;null;null;
2013-04-18;null;9,8;0;31;null;null;null;null;
2013-04-19;null;9,6;0;32,3;null;null;null;null;
2013-04-20;null;9,9;0;31,4;null;null;null;null;
2013-04-21;null;null;null;null;null;null;null;null;
2013-04-22;null;8,1;null;32,6;null;null;null;null;
2013-04-23;null;9,6;0;33;null;null;null;null;
2013-04-24;null;9,9;0;32;null;null;null;null;
2013-04-25;null;7,5;0;32,2;null;null;77,5;null;
2013-04-26;null;8,5;0;33,6;null;null;75,5;null;
2013-04-27;null;9;0;33,8;null;null;72,5;null;
2013-04-28;null;6,5;0;35,2;null;null;75,5;null;
2013-04-29;null;4,9;0;35,8;null;null;65,75;null;
2013-04-30;null;,9;0;35,8;null;null;61;null;
2013-05-01;null;10;0;35,3;null;null;62,75;null;
2013-05-02;null;10;0;35,7;null;null;68,75;null;
2013-05-03;null;9,6;0;35,5;null;null;68;null;
2013-05-04;null;9,4;0;36,1;null;null;68;null;
2013-05-05;null;0;5,4;27,9;null;null;99,25;null;
2013-05-06;null;7,3;24,8;27,2;null;null;78,5;null;
2013-05-07;null;9,5;0;28,4;null;null;64,5;null;
2013-05-08;null;9,6;0;28,9;null;null;64,75;null;
2013-05-09;null;9,6;0;31,5;null;null;54,75;null;
2013-05-10;null;9,5;0;33,1;null;null;49,25;null;
2013-05-11;null;9,3;0;34,2;null;null;61,25;null;
2013-05-12;null;4,2;4,6;30,3;null;null;85,75;null;
2013-05-13;null;7,1;3,6;33,2;null;null;null;null;
2013-05-14;null;5,7;2,1;33,1;null;null;78,75;null;
2013-05-15;null;3;0;31,9;null;null;83,25;null;
2013-05-16;null;0;5,1;27,2;null;null;97,5;null;
2013-05-17;null;4,8;9,6;23,2;null;null;83,25;null;
2013-05-18;null;9,5;0;30,7;null;null;78,5;null;
2013-05-19;null;6,6;0;32,4;null;null;78;null;
2013-05-20;null;2,5;0;27,2;null;null;91,75;null;
2013-05-21;null;2,7;0;26,8;null;null;89,75;null;
2013-05-22;null;4,1;0;28,8;null;null;83,25;null;
2013-05-23;null;1,9;0;25,6;null;null;87;null;
2013-05-24;null;1,4;0;21,2;null;null;88;null;
2013-05-25;null;1,6;0;23,6;null;null;85,25;null;
2013-05-26;null;5;0;30;null;null;82,25;null;
2013-05-27;null;5,9;0;32,5;null;null;76,5;null;
2013-05-28;null;7,6;0;32,2;null;null;73;null;
2013-05-29;null;7,4;0;32,3;null;null;70,75;null;
2013-05-30;null;1,2;0;27,1;null;null;73,5;null;
2013-05-31;null;9,4;0;30,8;null;null;77;null;
2013-06-01;null;8,8;0;32,4;null;null;79,5;null;
2013-06-02;null;4;0;30,4;null;null;95,5;null;
2013-06-03;null;3,9;8,2;28,6;null;null;84,5;null;
2013-06-04;null;9,2;0;29,3;null;null;57,5;null;
2013-06-05;null;8,8;0;30,3;null;null;70,5;null;
2013-06-06;null;8,2;0;31,4;null;null;71,5;null;
2013-06-07;null;9,2;0;31,7;null;null;66;null;
2013-06-08;null;8,2;0;31,9;null;null;76,25;null;
2013-06-09;null;9,1;0;31,7;null;null;59,75;null;
2013-06-10;null;3,3;0;31,8;null;null;84,5;null;
2013-06-11;null;1;3;26,2;null;null;94,5;null;
2013-06-12;null;4,8;9;29,6;null;null;83,75;null;
2013-06-13;null;7,9;0;32;null;null;77,75;null;
2013-06-14;null;7,7;0;32,6;null;null;72,75;null;
2013-06-15;null;7,1;0;31,6;null;null;81;null;
2013-06-16;null;3,9;0;28,1;null;null;83,75;null;
2013-06-17;null;4,8;17;28;null;null;88;null;
2013-06-18;null;7,8;0;31,6;null;null;75;null;
2013-06-19;null;7;0;27,4;null;null;95,25;null;
2013-06-20;null;,6;3,2;23,2;null;null;90;null;
2013-06-21;null;0;0;17,2;null;null;91;null;
2013-06-22;null;0;0;24;null;null;83,25;null;
2013-06-23;null;5,5;0;29,2;null;null;79,5;null;
2013-06-24;null;0;0;26,2;null;null;86,25;null;
2013-06-25;null;0;0;22,1;null;null;92;null;
2013-06-26;null;0;9,4;19,1;null;null;99,25;null;
2013-06-27;null;0;23;24,6;null;null;80,5;null;
2013-06-28;null;null;0;31,2;null;null;82,5;null;
2013-06-29;null;null;0;32,4;null;null;83,25;null;

