Nome: PORTO DE PEDRAS
Codigo Estacao: 82996
Latitude: -9.162012
Longitude: -35.299881
Altitude: 42.21
Situacao: Operante
Data Inicial: 2013-01-01
Data Final: 2016-01-31
Periodicidade da Medicao: Diaria

Data Medicao;EVAPORACAO DO PICHE, DIARIA(mm);INSOLACAO TOTAL, DIARIO(h);PRECIPITACAO TOTAL, DIARIO(mm);TEMPERATURA MAXIMA, DIARIA(°C);TEMPERATURA MEDIA COMPENSADA, DIARIA(°C);TEMPERATURA MINIMA, DIARIA(°C);UMIDADE RELATIVA DO AR, MEDIA DIARIA(%);VENTO, VELOCIDADE MEDIA DIARIA(m/s);
2013-01-01;null;null;null;null;null;null;null;null;
2013-01-02;null;null;null;null;null;null;null;null;
2013-01-03;null;null;null;null;null;null;null;null;
2013-01-04;null;null;null;null;null;null;null;null;
2013-01-05;null;null;null;null;null;null;null;null;
2013-01-06;null;null;null;null;null;null;null;null;
2013-01-07;null;null;null;null;null;null;null;null;
2013-01-08;null;null;null;null;null;null;null;null;
2013-01-09;null;null;null;null;null;null;null;null;
2013-01-10;null;null;null;null;null;null;null;null;
2013-01-11;null;null;null;null;null;null;null;null;
2013-01-12;null;null;null;null;null;null;null;null;
2013-01-13;null;null;null;null;null;null;null;null;
2013-01-14;null;null;null;null;null;null;null;null;
2013-01-15;null;null;null;null;null;null;null;null;
2013-01-16;null;null;null;null;null;null;null;null;
2013-01-17;null;null;null;null;null;null;null;null;
2013-01-18;null;null;null;null;null;null;null;null;
2013-01-19;null;null;null;null;null;null;null;null;
2013-01-20;null;null;null;null;null;null;null;null;
2013-01-21;null;null;null;null;null;null;null;null;
2013-01-22;null;null;null;null;null;null;null;null;
2013-01-23;null;null;null;null;null;null;null;null;
2013-01-24;null;null;null;null;null;null;null;null;
2013-01-25;null;null;null;null;null;null;null;null;
2013-01-26;null;null;null;null;null;null;null;null;
2013-01-27;null;null;null;null;null;null;null;null;
2013-01-28;null;null;null;null;null;null;null;null;
2013-01-29;null;null;null;null;null;null;null;null;
2013-01-30;null;null;null;null;null;null;null;null;
2013-01-31;null;null;null;null;null;null;null;null;
2013-02-01;null;null;null;null;null;null;null;null;
2013-02-02;null;null;null;null;null;null;null;null;
2013-02-03;null;null;null;null;null;null;null;null;
2013-02-04;null;null;null;null;null;null;null;null;
2013-02-05;null;null;null;null;null;null;null;null;
2013-02-06;null;null;null;null;null;null;null;null;
2013-02-07;null;null;null;null;null;null;null;null;
2013-02-08;null;null;null;null;null;null;null;null;
2013-02-09;null;null;null;null;null;null;null;null;
2013-02-10;null;null;null;null;null;null;null;null;
2013-02-11;null;null;null;null;null;null;null;null;
2013-02-12;null;null;null;null;null;null;null;null;
2013-02-13;null;null;null;null;null;null;null;null;
2013-02-14;null;null;null;null;null;null;null;null;
2013-02-15;null;null;null;null;null;null;null;null;
2013-02-16;null;5,2;null;31,5;null;null;76;3,08664;
2013-02-17;null;null;null;null;null;null;null;null;
2013-02-18;null;null;null;null;null;null;null;null;
2013-02-19;null;null;null;null;null;null;null;null;
2013-02-20;null;null;null;null;null;null;null;null;
2013-02-21;null;null;null;null;null;null;null;null;
2013-02-22;null;null;null;null;null;null;null;null;
2013-02-23;null;null;null;null;null;null;null;null;
2013-02-24;null;null;null;null;null;null;null;null;
2013-02-25;null;null;null;null;null;null;null;null;
2013-02-26;null;null;null;null;null;null;null;null;
2013-02-27;null;null;null;null;null;null;null;null;
2013-02-28;null;null;null;null;null;null;null;null;
2013-03-01;null;null;null;null;null;null;null;null;
2013-03-02;null;null;null;null;null;null;null;null;
2013-03-03;null;null;0;null;null;null;null;null;
2013-03-04;null;null;null;null;null;null;null;null;
2013-03-05;null;null;null;null;null;null;null;null;
2013-03-06;,8;9;0;33,6;28,18;23,4;82;6;
2013-03-07;10,8;10,3;0;31,1;28;25;80;4;
2013-03-08;8,4;6,6;0;31,1;27,16;23,1;85;2,5;
2013-03-09;7,3;8,7;0;31,3;28,06;24,8;84;4,5;
2013-03-10;7,7;3,6;0;30,7;27,8;25,4;85;5;
2013-03-11;8;10,8;0;31,1;28,02;25,3;82;3,5;
2013-03-12;9,1;10,5;0;31,1;27,78;23,5;82;4;
2013-03-13;6,7;9,8;0;30,7;28,18;26,5;81;7;
2013-03-14;12,9;10,2;0;31,1;28,16;26;78;7;
2013-03-15;12,3;10,2;0;31,2;28,42;26,3;79;5,5;
2013-03-16;10,1;5,2;0;31,5;28,5;26,2;76;4;
2013-03-17;null;null;null;null;null;null;null;null;
2013-03-18;null;null;null;null;null;null;null;null;
2013-03-19;null;null;null;null;null;null;null;null;
2013-03-20;null;null;null;null;null;null;null;null;
2013-03-21;null;,7;0;32,1;null;26,5;85;7;
2013-03-22;5,1;10,7;0;31,5;28,04;24;81;4;
2013-03-23;8,7;10,1;0;31,7;27,78;24,5;83;2;
2013-03-24;8,5;10,9;0;31,1;28,52;25,4;73;3,5;
2013-03-25;7,8;9;3,2;31,3;27,3;23,5;83;4;
2013-03-26;9,3;10,9;0;31,5;28,14;24,5;80;3;
2013-03-27;9,9;11,3;0;31,3;28,22;25,5;77;4;
2013-03-28;9;10,1;0;31,5;27,84;23,8;81;4;
2013-03-29;11;8,7;0;31,7;28,44;25,4;76;3,5;
2013-03-30;13;10,6;0;31,5;28,36;26,4;75;5;
2013-03-31;10,9;11,4;0;31,6;28,44;26,4;72;1;
2013-04-01;7,1;9,3;10;30,1;27,04;22,6;81;1;
2013-04-02;5,2;7,3;0;31,1;27,22;23,5;87;3;
2013-04-03;6,1;11,1;0;31,1;27,52;23,2;83;1;
2013-04-04;8,5;11;0;31,5;28,28;25,2;78;4;
2013-04-05;9;10,7;0;31,1;28,12;25;80;2;
2013-04-06;8;9,8;9,9;30,1;27,62;24,5;81;4;
2013-04-07;8,3;10,9;0;30,7;27,76;23,8;79;2;
2013-04-08;9,5;10,1;0;31,3;28,02;24,5;82;3;
2013-04-09;10,3;11,1;0;31,6;28,32;26,1;78;2;
2013-04-10;9,9;7,5;0;31,1;27,76;24,2;85;2;
2013-04-11;6;10,1;7;31,3;28,24;25,4;83;3,5;
2013-04-12;7,9;11,2;0;31,5;28,34;26,1;80;3;
2013-04-13;6,1;9,5;7,8;30,3;27,02;23,5;91;2;
2013-04-14;6,1;10,8;0;30,9;27,86;23,7;83;1,5;
2013-04-15;8;11;0;30,9;27,64;23,8;81;3;
2013-04-16;9,1;11,2;0;30,9;27,7;23,1;79;3;
2013-04-17;9,3;11;0;30,1;27,76;24,2;80;5;
2013-04-18;11,5;7,7;0;31,7;28,68;26;82;2,5;
2013-04-19;9,3;3,7;0;30,7;27,72;26,2;86;4,5;
2013-04-20;3;7,9;10,4;30,1;26,82;23,5;85;2;
2013-04-21;6;10;0;30,5;27,4;24;83;1;
2013-04-22;5,2;,6;13,4;28,7;26,38;23,5;81;3,5;
2013-04-23;4,5;6,5;10,2;29,7;26,12;23,1;95;3;
2013-04-24;2,7;,7;23,4;27,9;25,36;23,5;96;1;
2013-04-25;1;4,5;24,7;28,9;25,92;22,8;96;2;
2013-04-26;5,2;8,5;13,7;30,1;27,44;24,4;85;5;
2013-04-27;7,5;10,5;1;30,1;27,16;24;83;2,5;
2013-04-28;7,5;7,8;,8;29,9;26,6;23,8;96;2;
2013-04-29;4,1;3,4;13;29,5;26,52;23,8;96;1;
2013-04-30;2,9;7,9;3,2;30,1;27,06;23,3;90;4;
2013-05-01;4,1;5,3;6,7;29,5;26,04;23,4;90;2;
2013-05-02;6,5;8,9;4,1;29,7;27,2;24,7;82;4;
2013-05-03;7,5;8,3;8,4;30,1;27,06;24,3;83;5,5;
2013-05-04;7;10,1;,1;30,1;27,48;26;81;6;
2013-05-05;7,2;7,4;1,4;30,3;27,24;24,9;82;2;
2013-05-06;5,1;7,8;0;29,1;26,34;23,5;87;1;
2013-05-07;4,3;3,4;0;null;null;null;null;1;
2013-05-08;null;null;null;null;null;null;null;null;
2013-05-09;0;0;null;31,6;null;25;99;3;
2013-05-10;0;6,5;11;28,9;25,74;23,1;91;1;
2013-05-11;3,1;8,3;1,4;29,9;25,76;23,2;89;1;
2013-05-12;4,9;8,1;2,8;29;26,64;23,3;76;5;
2013-05-13;8,9;2;1,2;28,7;26,7;24,7;84;5;
2013-05-14;6;9,4;6,7;29,7;26,82;23,5;81;7;
2013-05-15;7,5;6,1;,3;28,9;26,76;25,2;93;5;
2013-05-16;6;0;6,7;28,8;26,24;24;93;2;
2013-05-17;1;0;20,8;27,1;25,74;24,1;null;2;
2013-05-18;2,7;6,6;41,6;29,5;26,38;23,1;80;2;
2013-05-19;6,3;5,2;,3;28,7;26;23,3;78;1,5;
2013-05-20;6;8,3;0;28,9;25,9;22,3;83;1;
2013-05-21;7;9,1;0;28,6;26;22,8;85;1,5;
2013-05-22;4,7;10,3;0;29,5;26,26;22,3;86;1;
2013-05-23;4;5,6;0;29,1;26,1;22;86;2;
2013-05-24;5,4;4,2;1,7;29,5;26,86;23,5;90;1;
2013-05-25;4,5;5,3;4,8;29,1;26,76;23,2;90;5;
2013-05-26;4,5;5;11;28,5;26,38;23,1;91;2;
2013-05-27;5,3;9,9;3,1;29,5;26,8;24;85;4;
2013-05-28;5,5;9,9;0;29,3;27,22;25,7;82;1;
2013-05-29;4,5;9,9;0;29,9;26,48;23,2;86;1;
2013-05-30;4;5,1;4,4;27,9;25,5;22,6;95;2;
2013-05-31;4;10,7;29,1;28,9;26,36;23,6;78;4;
2013-06-01;7,5;9;0;28,7;26,12;22,4;80;1,5;
2013-06-02;7,5;10;0;29,3;26,4;22,8;91;1,5;
2013-06-03;3,5;10,2;20,6;28,7;25,76;22,4;92;2;
2013-06-04;3,9;5,8;0;28,8;26,28;23,1;90;1;
2013-06-05;2,1;7,4;27,8;28,7;25,98;23,2;89;5,5;
2013-06-06;5,3;9,5;0;29,1;26,16;22,8;86;1;
2013-06-07;4,1;8,1;1,3;28,7;25,44;22;91;3;
2013-06-08;4,2;1,4;14;28,1;25,78;23,1;87;3,5;
2013-06-09;5,3;5,2;3,8;28,1;25,74;23,5;91;5;
2013-06-10;4,3;5,8;14,2;28,5;25,52;22,8;92;4;
2013-06-11;4,5;10,3;2,7;28,9;26,06;22,5;85;2;
2013-06-12;4,6;0;13,4;27;25,08;22,3;96;3;
2013-06-13;1;3,3;47,2;28,1;25,68;22,8;90;1,5;
2013-06-14;4,1;10;,1;28,7;25,82;22,4;86;1;
2013-06-15;3,7;8,5;,5;27,7;25,22;22,3;93;1;
2013-06-16;2,7;2,6;29;27,7;25,28;22,6;98;1,5;
2013-06-17;3,5;8;15,7;28,7;26,02;23,3;91;1,5;
2013-06-18;3;7,1;9,4;28,3;25,36;22,2;95;1;
2013-06-19;4,5;8,8;,4;28,9;26,52;23,8;87;4,5;
2013-06-20;6,5;6,5;,2;28,7;25,98;24,6;84;2;
2013-06-21;3,5;2,4;11,2;28,9;25,48;22,3;93;3,5;
2013-06-22;4,4;,4;2,1;28,5;26,06;23,5;80;7;
2013-06-23;8,9;9;,1;28,7;26,28;25;75;3;
2013-06-24;6,5;9,8;0;27,5;24,76;20,3;77;1;
2013-06-25;4;3,6;2;27,5;24,96;21,4;89;1,5;
2013-06-26;3;9,4;6,6;27,7;24,94;21,5;88;1,5;
2013-06-27;4,9;8,2;10,6;28,5;25,36;23,1;91;6;
2013-06-28;4,1;1;19,1;26,9;24,64;21,6;97;1;
2013-06-29;1;4,5;12,8;28,1;24,6;21,8;94;2,5;
2013-06-30;4,8;10;0;28,5;25,48;21,4;77;3;
2013-07-01;6,4;10,6;0;28,5;26,2;23,2;77;3,5;
2013-07-02;7,6;0;0;27,1;25,84;24,5;96;3,5;
2013-07-03;1,4;0;87;26,7;25,02;21,6;89;2;
2013-07-04;4,1;6,1;16,3;27,7;25,32;22;80;4;
2013-07-05;6,5;8,5;2,7;28,1;25,04;21,6;81;3;
2013-07-06;6,2;1,5;10,2;26,9;24,58;21,3;84;3;
2013-07-07;7,9;5,6;7,6;27,9;25,48;22,6;77;3,5;
2013-07-08;5,4;9,2;,3;28,5;24,52;20,2;92;2;
2013-07-09;5,1;8,3;15;27,9;25,3;22,3;76;9;
2013-07-10;9,1;9,9;0;27,9;25,62;23,1;68;9,5;
2013-07-11;10,4;1,4;0;26,7;25,32;24,3;83;8;
2013-07-12;4,4;2,2;14,6;27;24,74;22,2;96;4;
2013-07-13;1,8;4,9;64,4;27,5;25,04;22;96;4;
2013-07-14;5;9,9;8,2;27,9;25,5;23,3;89;2;
2013-07-15;5;9,3;4,3;27,9;24,96;22,3;89;2;
2013-07-16;4,5;8,2;,1;27,5;24,86;20,7;87;2;
2013-07-17;6,4;5,7;1;27,3;25,18;23,5;81;5;
2013-07-18;5,5;1,1;20;26,8;24,7;21,3;92;4;
2013-07-19;4;10;11;27,7;25,34;22,4;81;3;
2013-07-20;7,7;6,3;,1;28,3;24,86;20,5;93;2;
2013-07-21;3,5;5,1;15,2;27,5;24,94;22,6;94;5;
2013-07-22;5,9;6,8;,8;28,1;25,46;23,1;86;1,5;
2013-07-23;5,9;10,2;7,2;28,3;25,32;22,2;88;4;
2013-07-24;4,4;8,4;17,6;28,7;24,9;22,3;87;1;
2013-07-25;7;10,9;11,8;27,9;25,14;22,1;92;1;
2013-07-26;3,3;3,1;11;26,7;24,64;22,3;86;2,5;
2013-07-27;5;10,9;4,5;27,9;25,14;21,7;83;8;
2013-07-28;6,8;0;7,2;28;24,58;21,5;87;5;
2013-07-29;4,8;2,5;5,8;27,1;24,44;21,4;87;2;
2013-07-30;5,7;6,2;,2;27,5;24,52;20,3;76;4;
2013-07-31;8,6;9,3;0;27,1;24,16;20,1;82;8;
2013-08-01;5,4;2,7;,1;26,6;24,9;21,6;94;5;
2013-08-02;4,5;9,8;20,8;27;24,9;21,5;76;7;
2013-08-03;14;6,8;0;26,9;25,3;24,1;79;3,5;
2013-08-04;4,8;10,5;,2;27,7;24,64;19,7;82;1;
2013-08-05;3,6;6,7;,5;27,3;24,52;20,1;88;5;
2013-08-06;5,9;8,8;11;27,7;25,52;22,8;79;6;
2013-08-07;9,4;9,4;0;27,9;25,5;23,7;89;4;
2013-08-08;5,5;6,3;,8;27;24,52;22;90;2;
2013-08-09;5,9;6,7;5,9;27,5;24,98;22,1;89;7;
2013-08-10;6,8;7,4;,7;27,5;24,66;22,3;88;1,5;
2013-08-11;5,5;10,7;,1;27,7;24,86;21,1;86;3;
2013-08-12;4;8,7;2;27,5;24,26;20,7;85;4;
2013-08-13;7;2;0;26,1;24,8;24;95;5;
2013-08-14;3,4;5,5;11,6;27,7;25,08;22;83;5;
2013-08-15;7,5;10,4;0;27,8;25,5;23,8;83;3;
2013-08-16;5,3;10,6;0;27,6;24,66;20,4;89;1,5;
2013-08-17;4,2;5,9;,4;26,9;24,6;21,8;98;1,5;
2013-08-18;1,9;0;49,8;26,6;24,14;21,3;100;4;
2013-08-19;1;3,2;19,9;25,7;23,92;20,3;90;5;
2013-08-20;4;9,6;8,8;27,7;24,54;20,7;81;5;
2013-08-21;7,8;10,1;,7;27,8;25,26;22,6;79;7;
2013-08-22;5,8;6,9;2,4;27,3;24,36;21,2;86;7;
2013-08-23;7,1;9,9;0;27,9;25,6;24;79;4;
2013-08-24;7,2;6,8;0;27,7;25,52;24,2;87;6;
2013-08-25;5,7;9,3;3,1;27,5;25,26;23,1;89;7;
2013-08-26;5,5;3,7;,9;27,9;25,3;22,6;89;3;
2013-08-27;4,9;8,8;5,6;27,9;25,38;23,1;80;2;
2013-08-28;5,2;9,4;0;28,1;25,42;20,9;89;3;
2013-08-29;5,9;6,5;0;28,5;26,12;24,2;83;8;
2013-08-30;6,1;3;4,8;27,9;25,46;23,2;89;9;
2013-08-31;7;2,8;,8;27,3;25,48;24,1;80;9,5;
2013-09-01;9,2;9,6;,1;28,1;25,66;24,1;77;5;
2013-09-02;9,2;7,2;,1;27,7;25,2;23,4;80;6;
2013-09-03;7,9;3,6;1,2;28,3;25,8;24,1;83;3,5;
2013-09-04;7;1,6;,1;28,5;25,92;24,3;85;4;
2013-09-05;8,5;9;0;28,5;25,8;24,4;87;6;
2013-09-06;7,5;8,8;0;28,1;25,74;24,2;80;6;
2013-09-07;8,9;10,1;,2;28,5;25,8;23,5;80;4,5;
2013-09-08;7,4;10,3;,3;28,5;25,5;23,1;74;7;
2013-09-09;10,3;6,6;0;27,6;24,94;23,4;87;6;
2013-09-10;5,6;3,3;21,9;27,7;24,66;21,3;74;10,5;
2013-09-11;10,2;9,2;0;27,5;25,24;23,8;70;5;
2013-09-12;10,5;7,1;,8;27,1;24,84;21,6;81;5;
2013-09-13;6,8;6,4;13,4;27,9;24,6;20,7;94;6,5;
2013-09-14;6,6;9,3;3,2;28,3;25,74;23,7;88;9;
2013-09-15;8;10,1;0;28,5;25,86;24,5;87;2;
2013-09-16;6,1;9,9;6,2;28,6;25,56;23,1;83;5;
2013-09-17;7,5;8,1;0;28,7;25,78;23,2;87;3;
2013-09-18;6,4;9;5,8;28,3;25,86;22,7;85;9;
2013-09-19;9;7,4;,6;28,5;25,62;23,9;80;7;
2013-09-20;10,3;9,6;0;28,1;25,64;23,3;77;6;
2013-09-21;8,2;9,3;1,6;28,3;25,64;23,5;91;5;
2013-09-22;6,3;6,9;0;28;25,9;23,4;85;8;
2013-09-23;7,7;10,8;0;28,5;25,92;24;78;5,5;
2013-09-24;8;9,3;0;28,6;25,26;20,4;78;6;
2013-09-25;8,7;10,7;0;28,7;25,76;22;78;5;
2013-09-26;8,9;8,4;0;29,2;25,92;22,8;85;4;
2013-09-27;7,8;10,5;2,4;29,2;26,2;23,8;82;5;
2013-09-28;6;10,4;7,2;28,7;25,54;22,2;79;1,5;
2013-09-29;6,4;7,3;0;28,6;25,74;24,2;83;4;
2013-09-30;6,7;3,8;,4;26,6;24,72;22,3;79;6;
2013-10-01;7,2;11,2;0;29,1;26,24;23,5;78;5;
2013-10-02;9,6;10,3;0;29,7;26,54;23,8;81;6;
2013-10-03;7,3;10,7;,8;30,5;27,2;24,8;78;8;
2013-10-04;5,1;10,4;0;31,1;27,42;24,5;80;2,5;
2013-10-05;2,5;7,2;0;31,2;26,54;24,4;85;1;
2013-10-06;5,2;10,5;0;29,3;25,84;21;83;3,5;
2013-10-07;8,5;9,5;0;29,5;26,76;25;81;4;
2013-10-08;9;6,8;0;30,1;26,46;25;79;3,5;
2013-10-09;8,7;10,3;0;29,5;26,42;24,5;81;4;
2013-10-10;9,6;10,4;0;29,7;26,5;25;83;4;
2013-10-11;8,1;10,6;1,1;29,7;26,46;24,5;92;2;
2013-10-12;5,5;2,3;17;27,7;25,26;22,6;100;6;
2013-10-13;6;7,3;6;28,5;25,74;22,8;80;5;
2013-10-14;7,5;9,3;0;28,9;26,12;24;81;2,5;
2013-10-15;8,4;4,8;,1;28,7;26,12;24,8;83;6;
2013-10-16;7,4;1,9;3,2;27,9;25,54;23,9;90;6;
2013-10-17;6,7;7,1;1;28,5;25,68;23,6;85;8;
2013-10-18;7,5;10,3;0;28,7;26,54;24,5;81;9;
2013-10-19;7,6;8,9;0;29,5;26,62;24,1;79;4,5;
2013-10-20;5;10,7;0;29,5;26,04;21,6;83;5;
2013-10-21;9,1;11,2;0;29,7;26,8;25;79;7;
2013-10-22;8,5;6;1;28,1;25,18;21,6;89;3;
2013-10-23;7,2;6,3;2,2;28,9;25,94;22,4;92;2;
2013-10-24;5,8;5,9;24;28,9;25,32;22,2;91;3;
2013-10-25;6;10,9;14,9;28,9;25,68;22,6;88;2,5;
2013-10-26;5;9,5;0;28,6;25,32;22,1;92;4;
2013-10-27;3,2;9,1;55;28,3;25,5;22,1;85;3,5;
2013-10-28;4,8;8,7;11,2;28,7;25,82;23,1;87;9;
2013-10-29;5,7;8,8;0;28,5;25,94;23,5;79;6;
2013-10-30;8,1;11,6;0;28,9;26,42;24,8;77;7;
2013-10-31;9,3;10,9;0;29,5;26,5;24,9;78;4;
2013-11-01;8,2;7,5;0;29,1;26,64;24,8;77;5;
2013-11-02;7,2;6,3;1,2;28,7;25,82;24,1;90;5;
2013-11-03;5;5,1;1,6;28,5;25,8;24,5;10;1;
2013-11-04;2,8;7,3;43,4;28,7;25,26;20,3;88;1;
2013-11-05;5,9;1,3;0;28,5;26,2;24;88;4;
2013-11-06;5,6;10,6;,2;28,7;26,44;24,9;84;6;
2013-11-07;7,7;9,4;0;28,9;26,38;25;84;5;
2013-11-08;8,5;11;0;28,9;26,38;24,5;82;4;
2013-11-09;8,4;10;0;28,9;26,8;25;81;6;
2013-11-10;8,4;11,4;0;29,1;26,76;25,2;80;7;
2013-11-11;8,3;11,1;6,9;28,7;26,38;24,3;80;4;
2013-11-12;8,4;10,6;0;28,7;26,56;25,2;82;5,5;
2013-11-13;7,8;11,3;0;28,6;26,56;25,4;79;7;
2013-11-14;9,1;10,1;0;28,9;26,62;25,5;77;5,5;
2013-11-15;11,2;11,7;0;29,1;26,4;24,7;73;7;
2013-11-16;12,5;10,2;0;29,3;26,5;24,9;70;5,5;
2013-11-17;11,6;7,2;0;29,1;26,58;25;79;6;
2013-11-18;9,3;7,5;0;29,1;26,3;24,7;84;6;
2013-11-19;9,4;9,6;0;29,1;25,84;24;91;6;
2013-11-20;7,9;3,3;2,8;28,5;25,56;23,8;90;3;
2013-11-21;5,1;4,5;,5;28,8;25,9;23,9;83;3;
2013-11-22;4,8;5,5;0;28,1;25,44;22;87;3,5;
2013-11-23;4,2;5,7;0;29,3;26,14;22,6;83;5;
2013-11-24;6,7;10,3;0;29,5;27;25;83;3,5;
2013-11-25;7;10,8;0;29,7;26,58;25,1;85;4;
2013-11-26;6,5;11,5;0;29,3;26,26;23,1;79;4;
2013-11-27;7,3;6,1;0;29,5;26,26;23,9;81;3,5;
2013-11-28;6;9,8;,1;29,5;26,26;22,3;81;5;
2013-11-29;8,5;11,5;0;29,7;26,94;24,9;78;6;
2013-11-30;8;8,9;4,4;29,7;26,6;23,4;83;4;
2013-12-01;null;7,7;4,3;29,9;26,4;23,7;92;1,54332;
2013-12-02;null;11,9;7;29,9;26,68;23,1;82;4,62996;
2013-12-03;null;11,1;0;29,7;26,36;22,3;84;2,05776;
2013-12-04;null;null;null;null;null;null;null;null;
2013-12-05;null;null;null;null;null;null;null;null;
2013-12-06;null;null;null;null;null;null;null;null;
2013-12-07;null;null;null;null;null;null;null;null;
2013-12-08;null;null;null;null;null;null;null;null;
2013-12-09;null;null;null;null;null;null;null;null;
2013-12-10;null;null;null;null;null;null;null;null;
2013-12-11;null;null;null;null;null;null;null;null;
2013-12-12;null;null;null;null;null;null;null;null;
2013-12-13;null;null;null;null;null;null;null;null;
2013-12-14;null;null;null;null;null;null;null;null;
2013-12-15;null;null;null;null;null;null;null;null;
2013-12-16;null;null;null;null;null;null;null;null;
2013-12-17;null;null;null;null;null;null;null;null;
2013-12-18;null;null;null;null;null;null;null;null;
2013-12-19;null;null;null;null;null;null;null;null;
2013-12-20;null;null;null;null;null;null;null;null;
2013-12-21;null;null;null;null;null;null;null;null;
2013-12-22;null;null;null;null;null;null;null;null;
2013-12-23;null;null;null;null;null;null;null;null;
2013-12-24;null;null;null;null;null;null;null;null;
2013-12-25;null;null;null;null;null;null;null;null;
2013-12-26;null;null;null;null;null;null;null;null;
2013-12-27;null;null;null;null;null;null;null;null;
2013-12-28;null;null;null;null;null;null;null;null;
2013-12-29;null;null;null;null;null;null;null;null;
2013-12-30;null;null;null;null;null;null;null;null;
2013-12-31;null;null;null;null;null;null;null;null;
2014-01-01;null;9;null;30,7;null;null;80;3,08664;
2014-01-02;8;11,3;0;31,7;27,14;23,5;78;3;
2014-01-03;10,3;11,8;0;30,1;27,18;25;75;3;
2014-01-04;9,5;11,4;0;30,1;26,88;24;77;2,5;
2014-01-05;10;7,6;0;30,1;26,78;23,1;78;3;
2014-01-06;7,7;6,3;0;29,9;27,08;25;80;3;
2014-01-07;10;5,5;0;29,7;26,96;25;78;4;
2014-01-08;7,5;10,2;0;29,9;26,46;22,5;78;2,5;
2014-01-09;7,7;6,6;0;30,1;26,56;23,2;75;1;
2014-01-10;5,7;8;0;30,3;26,9;23,5;78;5;
2014-01-11;8;4,4;0;29,9;26,28;23,2;90;1;
2014-01-12;3,5;8,9;5,8;29,7;26,2;23,2;84;2;
2014-01-13;6,6;8;1,5;30,1;26,5;24;88;2,5;
2014-01-14;6,3;3;,7;28,9;26,54;23,1;83;2,5;
2014-01-15;6,9;10,4;5,8;29,7;26,78;24,1;80;3;
2014-01-16;6;10,1;0;29,7;26,52;22,4;82;2;
2014-01-17;6,1;11,2;0;30,3;27,18;23,3;81;5;
2014-01-18;7,4;10,5;0;30,5;27,56;24,8;81;6;
2014-01-19;7,8;11,5;0;30,3;27,4;24,8;80;3,5;
2014-01-20;8,2;11,1;0;30,1;27,16;23,8;79;4;
2014-01-21;8;10,6;0;30,2;27,06;24;75;3;
2014-01-22;9,5;11;0;30,7;27,22;24,3;78;6;
2014-01-23;10,1;11,1;0;30,5;27,14;23,5;76;4,5;
2014-01-24;10,1;11,2;0;30,5;27,36;24,8;75;4;
2014-01-25;10,2;7,6;0;31,1;27,4;25;83;2;
2014-01-26;6,5;8,8;4;31,5;27,36;23,8;84;3;
2014-01-27;7;7,8;10,2;29,5;26,88;24;82;6;
2014-01-28;9,7;10,8;,1;30,5;27,12;24,2;79;5;
2014-01-29;9,1;10,9;0;30,5;27,44;25;82;2,5;
2014-01-30;8,7;9,8;,7;30,6;27,38;24,8;80;5;
2014-01-31;9,2;10;,1;30,7;27,48;25;74;4;
2014-02-01;9,7;9;0;30,7;27;24,8;80;2;
2014-02-02;7,5;4,3;11;29,5;26,28;23,2;86;2;
2014-02-03;6,2;7,4;0;29,7;26,44;23,8;84;1;
2014-02-04;6,7;9,4;3,9;29,7;26,52;23,2;84;1,5;
2014-02-05;8;10,7;1;30,1;26,96;24,6;84;3;
2014-02-06;7;,5;19,8;27,6;25,42;22,6;93;3;
2014-02-07;1,2;7,5;17;29,5;25,56;22,3;95;1;
2014-02-08;4,6;,7;5,8;28,9;25,7;23,1;94;1;
2014-02-09;2,8;1,8;13,2;28,9;25,38;22,6;93;1;
2014-02-10;3,2;10,4;,1;29,5;25,94;22,7;87;3;
2014-02-11;7;7,1;2;29,7;26,68;24,2;82;3;
2014-02-12;9,5;11,4;0;29,7;26,96;24;77;3,5;
2014-02-13;8,3;11,5;0;30,1;26,94;23,1;77;4;
2014-02-14;7,7;10;,6;30,1;27,04;23,2;81;3,5;
2014-02-15;6,8;8,8;8,2;29,5;26,88;24;85;3;
2014-02-16;7,8;9,5;0;30;27,36;25;79;2;
2014-02-17;6,5;10;3,6;29,8;26,58;23,2;85;2;
2014-02-18;5,9;11,3;,6;29,7;26,66;23,1;79;5;
2014-02-19;7,3;8,8;0;30,3;27,24;22,8;80;4;
2014-02-20;7,1;3,5;3,4;29,5;27,16;24,5;82;7;
2014-02-21;8,4;4,3;0;30,5;27,06;24,8;83;3;
2014-02-22;7,2;,2;2,8;28,4;26,5;24,2;85;2;
2014-02-23;5,9;8,4;1,6;30,1;27,16;23,2;81;3,5;
2014-02-24;8,2;8,6;0;30,1;27,32;24;78;4;
2014-02-25;7,5;10,8;0;30,5;27;23,2;77;2;
2014-02-26;8,1;11,3;0;30,5;27,02;23,4;78;5;
2014-02-27;7,1;9,4;0;30,1;26,64;22,6;81;1,5;
2014-02-28;6,3;7,1;0;30,7;27,06;23,1;83;3;
2014-03-01;6,9;7,4;,7;30,5;26,74;23,1;85;2;
2014-03-02;6,4;10;0;30,3;27,32;23,2;77;3,5;
2014-03-03;6,7;8,3;4,8;30,3;27,24;23,6;82;4;
2014-03-04;7,9;10,2;1,5;30,5;27,52;24,6;81;6;
2014-03-05;7,6;6,9;0;30,9;27,44;24,4;78;3;
2014-03-06;6,3;7,9;1,4;30,3;26,82;23,1;77;3;
2014-03-07;7,1;8,4;0;30,7;27,08;22,8;79;3;
2014-03-08;5,8;7,9;0;30,9;26,9;23,1;83;2;
2014-03-09;7,2;11,1;3;30,8;27,2;23,5;83;4;
2014-03-10;8;11,1;,4;31,1;27,72;24;79;6;
2014-03-11;8,7;,4;12,2;27,9;25,7;23,4;94;1;
2014-03-12;1,1;7,3;67;29,5;26,12;22,8;86;2,5;
2014-03-13;6,8;8,3;0;30,1;26,94;23,1;81;3,5;
2014-03-14;7,4;1,3;0;29,1;26,66;23,3;84;4,5;
2014-03-15;6,2;10,3;,4;30,4;26,94;24;85;3;
2014-03-16;6,5;7,8;,8;30;27,26;24,4;83;3;
2014-03-17;7,4;11;,4;30,1;27,46;24,9;83;6;
2014-03-18;6,7;0;3,8;29,9;27,24;24,8;87;4;
2014-03-19;6,2;7,4;0;30,2;27,2;25;88;1,5;
2014-03-20;4,1;5,5;13,6;29,7;26,66;23,7;92;5;
2014-03-21;6,2;8,1;0;30;27,44;23,2;85;5;
2014-03-22;7,2;11;0;30,1;27,28;24;83;3,5;
2014-03-23;6,2;10,7;0;30,3;27,22;23,3;80;3;
2014-03-24;6,5;11;0;30,1;26,84;22,8;84;1;
2014-03-25;6,5;9,1;0;30,5;27,16;23,2;82;1,5;
2014-03-26;5,1;10,9;,5;30,1;27,1;23,7;82;2;
2014-03-27;7,3;10,4;0;30,1;26,84;22,8;81;3;
2014-03-28;6,2;2;2,8;27,7;26,08;22,6;86;3;
2014-03-29;5,8;10,8;2,4;29,9;27,12;22,2;81;5;
2014-03-30;8,1;9,8;0;30,3;27,46;23,5;81;3;
2014-03-31;8,4;8,1;0;29,9;27,02;24,8;91;2;
2014-04-01;3,4;9,4;8;29,7;26,14;22,8;92;4;
2014-04-02;7,3;10,9;0;29,9;27,08;23,2;82;2;
2014-04-03;6,2;10,8;1,7;30;27,3;24;86;1,5;
2014-04-04;6;9;0;29,9;27,14;23,5;87;3;
2014-04-05;6,2;9,5;,8;29,9;27,32;23,6;87;2;
2014-04-06;4,2;2,4;5,7;29,3;26,44;24;93;1;
2014-04-07;1,6;9,5;39;30;27,3;23,8;89;1,5;
2014-04-08;3,7;10,9;0;30,1;27,72;24;86;3,5;
2014-04-09;4,2;9,6;0;30,8;27,72;24,3;87;2;
2014-04-10;3,7;10,5;0;30,5;27,86;24,5;85;4;
2014-04-11;4,5;10,7;10;30,3;27,62;24,1;86;2;
2014-04-12;6,3;10,7;2,7;30,4;27,78;24,7;86;2,5;
2014-04-13;6,3;9,4;0;30,3;27,06;23,8;90;2;
2014-04-14;4,2;9,3;1,7;30,1;27,1;23,7;87;1,5;
2014-04-15;5,4;6,3;11,8;29,9;26,46;23,1;91;2;
2014-04-16;6,3;9,2;,1;30,3;27,46;24,1;82;2,5;
2014-04-17;6,2;10;11,7;30,2;26,84;23,3;87;1,5;
2014-04-18;5,3;10,4;0;29,9;27,1;22,6;84;3;
2014-04-19;5,7;11,2;0;30,1;27,52;24;82;4;
2014-04-20;6,8;10,6;0;30,3;27,54;24,5;83;2,5;
2014-04-21;5,9;9,3;,3;30,1;26,98;23,2;91;1;
2014-04-22;4,5;7,4;23,6;28,6;26,14;23,8;91;2;
2014-04-23;3,8;9,7;26,3;29,9;27,32;23,6;85;3;
2014-04-24;6;10,4;0;30,1;27,4;23,8;82;3;
2014-04-25;4,4;11;0;29,7;26,68;22,4;84;1,5;
2014-04-26;5,1;9,7;0;29,9;26,92;22,2;85;2;
2014-04-27;4,7;10,5;0;30;27,02;23,5;87;1;
2014-04-28;4,3;5,6;85,1;28,9;26,46;23,1;85;1;
2014-04-29;6,4;5,6;14,4;29,9;25,8;22,8;90;7;
2014-04-30;3,6;1;64,8;27,1;24,72;23,5;99;6;
2014-05-01;1,2;6,7;14,6;28,9;26;23,2;92;1;
2014-05-02;3,3;0;59,5;27,2;25,3;23,1;90;1;
2014-05-03;1,7;6,7;19,8;29,7;26,48;22,6;85;1,5;
2014-05-04;3,6;3,6;14,2;27,9;24,96;22,4;99;1;
2014-05-05;2,9;4,3;14,5;28,1;25,14;22,5;92;3;
2014-05-06;3;9,2;11,3;29,5;25,28;22,6;97;2;
2014-05-07;3,5;7,2;26,2;28,8;25,44;22,8;91;4;
2014-05-08;5,7;8,3;9,2;28,6;25,54;23,3;91;2;
2014-05-09;3,8;4,4;2,2;28,5;25,68;22,4;89;2;
2014-05-10;3,3;10,6;,8;28,9;26,28;22,6;88;1;
2014-05-11;3,6;6,3;0;28,7;26,16;22,6;85;2;
2014-05-12;6,4;5,7;2,7;29,1;25,94;23,1;90;2;
2014-05-13;4,2;2,1;20,7;27,7;25,42;23,9;96;1;
2014-05-14;1,8;6,7;19,8;27,7;24,88;22,4;97;1;
2014-05-15;1,5;8,2;43,3;28,9;26,18;23,7;95;,5;
2014-05-16;3,5;10,5;7,1;29,3;26,16;23,9;91;1,5;
2014-05-17;4,4;9,8;5,2;28,9;26,04;24;90;3;
2014-05-18;5,5;8,8;1,4;28,5;26,18;24,1;85;3;
2014-05-19;5,5;9;0;28,6;25,98;22,8;83;3;
2014-05-20;5;9;,1;28,8;26,4;23,1;81;6;
2014-05-21;5,1;1,9;42,2;27,7;25,3;22,6;95;3;
2014-05-22;1,9;6,2;4,8;28,9;25,88;23,2;96;2;
2014-05-23;3,3;10,1;5,4;29,7;26,92;23,8;86;4;
2014-05-24;3,2;10,1;0;29,3;26,16;22,5;88;1,5;
2014-05-25;4,1;10,3;0;28,8;25,98;22,6;84;1;
2014-05-26;5,3;5,8;0;28,7;25,64;22;81;4;
2014-05-27;5,8;4,6;,1;28,9;25,52;21,8;93;1;
2014-05-28;2;0;5,2;26,8;25,06;21,8;88;2;
2014-05-29;4,9;5,9;40,2;28,5;25,92;23,2;81;1,5;
2014-05-30;5,3;8;0;28,5;25,4;21,4;84;2;
2014-05-31;5,5;6,5;2;27,8;25,32;22,8;81;4;
2014-06-01;7;10,2;1;28,7;25,9;23,5;84;2,5;
2014-06-02;6,5;10,6;0;28,8;25,76;21,6;85;1;
2014-06-03;4,1;10,7;0;28,6;25,6;21;86;3;
2014-06-04;4,1;10,2;0;28,7;25,76;21,2;86;1;
2014-06-05;5,3;10;0;29;26,24;22,8;85;4;
2014-06-06;7,4;9,9;,8;28,9;26,32;23,4;87;4;
2014-06-07;6,8;8,1;0;28,7;26,64;24;81;6;
2014-06-08;11;10;1,8;28,7;26,06;23,3;85;4;
2014-06-09;7,1;8,6;,1;28,8;25,8;22,1;91;2;
2014-06-10;5,9;8,9;3,9;28,5;26,48;23,8;76;7;
2014-06-11;8,4;9,4;,8;28,1;25,58;23,5;92;3;
2014-06-12;5,2;9,1;7,9;28,9;26;22,8;87;7;
2014-06-13;5,9;6,6;8;28,3;25,98;23,7;79;6;
2014-06-14;7,3;2,2;1;27,9;25,54;23,2;87;2;
2014-06-15;8,5;4,7;0;27,8;25,84;23,8;79;3,5;
2014-06-16;6,5;10,1;2,2;28,3;25,2;21;92;1,5;
2014-06-17;4,2;9,5;5,6;28,5;25,54;23,5;93;2,5;
2014-06-18;5;4,1;3,5;28;25,5;23,7;22;9;
2014-06-19;7,5;10,7;1;28,3;25,58;23,8;80;2;
2014-06-20;5;8,9;2,4;28,5;25,12;21;79;4;
2014-06-21;6,4;10,5;0;28,1;25,14;20,5;73;6;
2014-06-22;7,6;10;3;28,1;25,82;23,7;86;7;
2014-06-23;8,1;3,7;0;28;26,04;23,5;81;5;
2014-06-24;7,7;,1;8,8;26,9;24,9;22,4;94;1;
2014-06-25;3,8;6,8;10;27,5;25,3;22,3;82;3,5;
2014-06-26;5,2;0;8,2;26,3;24,6;22;98;1;
2014-06-27;,8;6,1;24,6;27,7;24,72;21,6;94;,5;
2014-06-28;3,1;9,5;1,6;27,7;25,18;22,3;95;1,5;
2014-06-29;2,9;9,9;18,4;27,9;24,86;22;88;2;
2014-06-30;4,8;7,5;,1;27,8;24,92;21,3;78;1,5;
2014-07-01;5;5;,6;27,5;24,34;20,5;null;2;
2014-07-02;2,7;2,3;1,3;27,1;23,96;20,4;98;1,5;
2014-07-03;2,5;5,8;32,6;27,3;24,18;22;86;2;
2014-07-04;5,4;8,3;2,1;27,1;24;20,2;null;2;
2014-07-05;4,4;9,4;1,8;27,7;24,8;20,5;null;4;
2014-07-06;7,8;9,5;1,2;27,9;25,34;22,7;82;9,5;
2014-07-07;9,2;9,7;3,8;27,5;25,12;22;88;6;
2014-07-08;7,3;8,1;5,6;27,8;25,72;22,7;85;4;
2014-07-09;9;10;0;27,9;25,68;23,8;85;5;
2014-07-10;9,2;8,1;,4;27,3;25,08;23,3;93;3;
2014-07-11;7;5,4;,7;26,7;24,16;20,2;92;,5;
2014-07-12;2,5;7,8;5;27,7;24,88;21,6;91;2;
2014-07-13;5,9;4,6;0;28,1;25,7;23,5;94;7;
2014-07-14;6,8;9,6;1,6;27,9;25,4;22,6;97;2,5;
2014-07-15;4,7;6,1;5,8;27,8;25,36;23,1;92;4;
2014-07-16;6,5;9;,2;27,7;25,88;23,2;96;5;
2014-07-17;4,7;3;1;27,3;24,66;21,8;95;1;
2014-07-18;1,8;4,5;19,2;27,1;24,6;21,2;86;1;
2014-07-19;3,9;1,1;6,4;27;24,74;22,4;89;3;
2014-07-20;2;10,6;5,1;27,7;24,54;20,5;98;2,5;
2014-07-21;7,2;10,4;1;27,7;25,24;23,4;100;5,5;
2014-07-22;9,4;6,8;,2;27,1;25,06;23,1;95;7;
2014-07-23;11,1;9,7;,6;27,7;25,56;23,2;85;7;
2014-07-24;8;7,3;1;26,1;24,46;22,6;96;4,5;
2014-07-25;4,4;4,2;4;27,1;24,42;20,5;88;2;
2014-07-26;6,1;9,4;5,1;27,7;25,02;23,3;89;3;
2014-07-27;3,9;,9;,2;26,3;24,04;20,4;84;1;
2014-07-28;3,4;8,1;44;27,9;24,72;22,8;90;3,5;
2014-07-29;4,2;6,2;11,9;27,3;24,08;21,6;86;3;
2014-07-30;6;8,9;7;27,4;24,64;21,3;76;5;
2014-07-31;8;8,1;0;27,9;24,46;20,5;80;2,5;
2014-08-01;6,2;9,2;,3;27,6;24,76;20,3;84;2;
2014-08-02;5;9,2;0;27,9;24,88;20,7;82;2;
2014-08-03;5,5;6,7;1;28;25;21;85;4;
2014-08-04;6,5;10,6;0;28,1;25,14;21;87;1,5;
2014-08-05;4,5;8,8;0;27,9;25,22;22,3;86;1,5;
2014-08-06;5;7,7;0;28,1;24,76;20,5;92;1;
2014-08-07;2,8;9,3;16,2;28,1;24,46;20,5;84;4;
2014-08-08;4,4;4;16,1;26,4;24,14;21,3;86;3,5;
2014-08-09;4,1;4,4;24,2;26,6;23,8;20,7;90;3,5;
2014-08-10;3,9;,9;13,7;26,3;24,16;20,5;83;5,5;
2014-08-11;7,2;10,6;6,8;27,5;25,04;22,6;75;8;
2014-08-12;9,2;2,8;7,4;27,6;24,24;21,5;89;3;
2014-08-13;6;6,5;1,5;26,8;24,2;21,5;82;3;
2014-08-14;4,8;9,8;1,1;27,9;24,64;20;77;7;
2014-08-15;16,3;6,9;0;27,6;24,96;23,5;89;5;
2014-08-16;7,1;10,8;8,9;27,8;24,64;20,3;87;2,5;
2014-08-17;6,9;5,3;1;27,3;24,22;20,7;84;9,5;
2014-08-18;9;9,2;0;27,2;24,98;22,8;75;6;
2014-08-19;6,9;8,8;1,8;27,3;23,98;19,9;84;1,5;
2014-08-20;6;2,6;,1;26,1;23,66;20,1;95;1;
2014-08-21;3;,9;21,4;26,1;23,44;21,1;89;3,5;
2014-08-22;6;10,5;22,9;27,4;24,4;21,1;77;7;
2014-08-23;8,1;1;1,5;27,1;23,78;21,6;82;2;
2014-08-24;7,4;1,4;0;26,6;23,96;19,7;79;5,5;
2014-08-25;7,1;8,3;,7;27,5;24,78;22,8;90;9,5;
2014-08-26;7,9;10,1;6,8;27,5;24,78;22,1;82;7;
2014-08-27;7,2;9,9;1,2;27,9;25,44;22,6;84;4;
2014-08-28;6,5;5,6;3,2;27,1;24,7;22,8;94;1;
2014-08-29;6,4;9,7;,1;28,3;25,68;23,4;87;3;
2014-08-30;6,7;9,4;0;28,1;25,2;23,1;80;4;
2014-08-31;8,3;7,6;0;27,9;25,38;23,6;78;5,5;
2014-09-01;7,6;2,6;,8;27,5;25,02;23,5;91;1;
2014-09-02;3,9;8,2;,7;27,7;24,44;20,1;88;3;
2014-09-03;4,3;9,8;0;28,5;25,44;21,4;89;2;
2014-09-04;3,8;10,4;0;28,7;25,42;21;86;4;
2014-09-05;6,4;8,3;0;28,5;25,58;23,8;93;2,5;
2014-09-06;5,9;9,8;5;27,6;25,02;22,2;83;5;
2014-09-07;6,6;0;4,1;26,1;24,08;21,6;92;11;
2014-09-08;4,3;,7;14,4;26,1;23,88;21,4;95;8,5;
2014-09-09;4,3;3,2;15,7;27,5;24,56;21,6;87;6;
2014-09-10;6,4;9,3;0;27,7;25,3;23,5;87;2,5;
2014-09-11;5,9;3,9;1,7;26,8;25;23,1;86;9,5;
2014-09-12;6;2,8;8,4;27,1;24,86;22,5;95;4;
2014-09-13;4,2;7,6;24,8;27,9;24,86;21,3;85;5,5;
2014-09-14;7,2;10,9;0;27,7;25,08;23,2;83;4;
2014-09-15;5,6;6,1;4,9;26,5;23,86;21;95;1,5;
2014-09-16;6,2;9;3,8;27,6;24,94;22,1;78;4;
2014-09-17;7;9,5;0;28,1;24,66;20,1;87;2,5;
2014-09-18;6,5;6,7;0;27,9;24,84;21;87;6;
2014-09-19;7;5,1;13,4;26,9;24,96;22,4;85;4;
2014-09-20;6,8;10,2;0;28,1;25,66;23,2;88;3,5;
2014-09-21;7,4;9,9;,1;28;25,86;23,8;86;4;
2014-09-22;4,7;10,3;0;27,9;25,2;20,7;88;3,5;
2014-09-23;6,8;8,5;0;28,7;25,88;23,4;88;5;
2014-09-24;8,7;9,7;0;28,1;25,62;23,3;84;6;
2014-09-25;8,4;8,4;0;28,3;25,6;23,6;91;4;
2014-09-26;8,1;10;0;28,3;26,04;23,4;89;4;
2014-09-27;6,9;10,5;0;28,9;25,98;23,1;85;6;
2014-09-28;8,3;10,5;0;28,5;26;23,8;85;5;
2014-09-29;7,3;9,8;0;28,9;26,06;23,5;84;2,5;
2014-09-30;7,6;10,5;0;29;26,1;23,8;87;5;
2014-10-01;7,3;9,9;0;28,9;26,24;23,4;86;5;
2014-10-02;6,5;8,6;5,2;28,5;25,6;23,4;92;2;
2014-10-03;6;8,9;0;28,9;25,84;23,8;92;8,5;
2014-10-04;7,1;9,1;10;28,5;25,52;22,6;85;4;
2014-10-05;7,1;4,6;,6;27,1;25;23,4;94;9;
2014-10-06;3,1;0;31,9;26,1;24,14;22;91;8,5;
2014-10-07;2,2;3;55,8;26,9;24,42;21,5;90;9,5;
2014-10-08;6,4;6,3;5;27,5;24,86;22,5;86;7;
2014-10-09;7,6;10,1;,3;28,3;25,78;23,8;84;4;
2014-10-10;5,7;4,5;1,4;28,5;25,12;22;94;2,5;
2014-10-11;5,4;8,6;1;28,4;25,66;23,6;92;5;
2014-10-12;3,8;7,9;6,8;27,7;25,26;22,1;88;4;
2014-10-13;7,5;9,6;6,8;28,5;25,6;22,8;88;2,5;
2014-10-14;7,3;10,9;0;28,7;25,48;23,2;92;4;
2014-10-15;8,1;9,9;0;28,1;25,68;23,8;87;5;
2014-10-16;8;6;0;28,1;25,74;23,4;94;4;
2014-10-17;4,5;8,8;6,4;28,7;25,66;23,1;88;7;
2014-10-18;8,4;10,9;0;28,9;25,98;23,5;88;4;
2014-10-19;7,3;10,9;0;28,7;26,02;23,7;83;4;
2014-10-20;6,2;9,1;0;28,5;26,04;23,1;81;6;
2014-10-21;6,5;7,6;0;28,6;25,98;23,6;84;5;
2014-10-22;8,4;10,8;0;28,9;26,04;23,4;84;6;
2014-10-23;8;7,3;3,2;28,7;26,14;23,7;83;5;
2014-10-24;7,5;2,8;2,4;27,9;25,28;22,6;90;5;
2014-10-25;7,5;10,9;,6;28,9;26,18;23,5;79;6;
2014-10-26;9,7;9,5;0;28,9;26,24;23,6;82;5;
2014-10-27;10;9,8;,3;29,1;26,08;23,4;87;5;
2014-10-28;7,8;9,5;0;30,5;26,86;23,9;86;5;
2014-10-29;7,8;9,8;0;29,5;26,44;24;84;9;
2014-10-30;8,2;11,1;1,8;29,3;26,32;23,8;85;6;
2014-10-31;8;8,6;0;29,1;26,14;23,6;83;4;
2014-11-01;9;8;4;29,7;26,3;23,1;85;7;
2014-11-02;8;4,1;0;28,7;25,92;23,8;85;2;
2014-11-03;5;9,7;3;27,9;24,96;22,6;89;3;
2014-11-04;4,9;7,1;,2;28,7;25,92;22,2;85;6;
2014-11-05;7;7,5;,1;28,3;25,68;22,6;86;5;
2014-11-06;8,2;9,9;0;29,5;26,24;23,6;85;5;
2014-11-07;5,9;10,2;5,4;29,1;25,72;22,3;84;4;
2014-11-08;5,5;10,4;0;28,9;25,72;22,4;86;2;
2014-11-09;5,9;9,3;,1;29,1;25,86;22;84;6;
2014-11-10;7,3;11,3;0;29,1;26,4;23,6;86;5,5;
2014-11-11;8,1;10,8;0;29,5;26,56;23,8;84;4;
2014-11-12;6;10,8;0;29,3;26,2;22,8;86;7;
2014-11-13;6,7;5,2;0;29,1;26,06;23,3;90;5;
2014-11-14;6,3;11,5;0;29,5;26,44;23,8;83;4;
2014-11-15;6;10,6;0;29,6;26,36;22,5;82;5;
2014-11-16;5;11,3;0;29,5;26,36;22,6;81;6,5;
2014-11-17;4,7;8;0;29,7;26,48;23,8;87;4;
2014-11-18;4,4;6;0;29,9;26,22;23,5;94;1;
2014-11-19;3,3;6,6;37,4;28,7;25,64;22,6;90;2;
2014-11-20;3,7;6,9;,1;29,5;26,32;23,5;90;3,5;
2014-11-21;7,3;10,3;0;29,7;26,52;23,8;89;4;
2014-11-22;7,5;6,6;1,2;29,3;25,92;23,2;87;2,5;
2014-11-23;3,8;10,4;2;29,1;26;22,8;82;4;
2014-11-24;7,2;0;0;29,3;26,2;22;82;5;
2014-11-25;7,7;10,2;,3;29,6;26,16;23,5;84;6;
2014-11-26;8,4;10,1;2,6;29,5;26,44;23,2;77;7,5;
2014-11-27;7,3;7,7;,6;28,7;25,6;22,4;84;3;
2014-11-28;5,5;3,5;1;27,7;25,2;22;86;4;
2014-11-29;5;11,1;2,5;29,2;26,26;23,2;74;5,5;
2014-11-30;10,2;11,4;,6;29,8;26,62;23,4;69;5;
2014-12-01;null;9,5;1,2;29,5;26,28;22,8;77;2,05776;
2014-12-02;null;4;0;29,9;26,32;23,8;85;3,08664;
2014-12-03;null;null;null;null;null;null;null;null;
2014-12-04;null;null;null;null;null;null;null;null;
2014-12-05;null;null;null;null;null;null;null;null;
2014-12-06;null;null;null;null;null;null;null;null;
2014-12-07;null;null;null;null;null;null;null;null;
2014-12-08;null;null;null;null;null;null;null;null;
2014-12-09;null;null;null;null;null;null;null;null;
2014-12-10;null;null;null;null;null;null;null;null;
2014-12-11;null;null;null;null;null;null;null;null;
2014-12-12;null;null;null;null;null;null;null;null;
2014-12-13;null;null;null;null;null;null;null;null;
2014-12-14;null;null;null;null;null;null;null;null;
2014-12-15;null;null;null;null;null;null;null;null;
2014-12-16;null;null;null;null;null;null;null;null;
2014-12-17;null;null;null;null;null;null;null;null;
2014-12-18;null;null;null;null;null;null;null;null;
2014-12-19;null;null;null;null;null;null;null;null;
2014-12-20;null;null;null;null;null;null;null;null;
2014-12-21;null;null;null;null;null;null;null;null;
2014-12-22;null;null;null;null;null;null;null;null;
2014-12-23;null;null;null;null;null;null;null;null;
2014-12-24;null;null;null;null;null;null;null;null;
2014-12-25;null;null;null;null;null;null;null;null;
2014-12-26;null;null;null;null;null;null;null;null;
2014-12-27;null;null;null;null;null;null;null;null;
2014-12-28;null;null;null;null;null;null;null;null;
2014-12-29;null;null;null;null;null;null;null;null;
2014-12-30;null;null;null;null;null;null;null;null;
2014-12-31;null;null;null;null;null;null;null;null;
2015-01-01;null;null;null;null;null;null;null;null;
2015-01-02;null;null;null;null;null;null;null;null;
2015-01-03;null;null;null;null;null;null;null;null;
2015-01-04;null;null;null;null;null;null;null;null;
2015-01-05;null;null;null;null;null;null;null;null;
2015-01-06;null;null;null;null;null;null;null;null;
2015-01-07;null;null;null;null;null;null;null;null;
2015-01-08;null;null;null;null;null;null;null;null;
2015-01-09;null;null;null;null;null;null;null;null;
2015-01-10;null;null;null;null;null;null;null;null;
2015-01-11;null;null;null;null;null;null;null;null;
2015-01-12;null;null;null;null;null;null;null;null;
2015-01-13;null;null;null;null;null;null;null;null;
2015-01-14;null;null;null;null;null;null;null;null;
2015-01-15;null;null;null;null;null;null;null;null;
2015-01-16;null;null;null;null;null;null;null;null;
2015-01-17;null;null;null;null;null;null;null;null;
2015-01-18;null;null;null;null;null;null;null;null;
2015-01-19;null;null;null;null;null;null;null;null;
2015-01-20;null;null;null;null;null;null;null;null;
2015-01-21;null;7,5;0;null;null;24;80;5;
2015-01-22;9,4;6,5;0;30,7;27,12;23,6;75;3,5;
2015-01-23;9,6;5,5;,3;31,3;27,16;24,2;82;4;
2015-01-24;9,3;1,8;1,4;30,5;26,74;24,5;84;2;
2015-01-25;8,7;9,9;0;31,5;27,46;24,6;77;4,5;
2015-01-26;10,3;11,5;0;30,9;26,92;22,8;75;5,5;
2015-01-27;11,6;11,1;0;31;27,26;24,4;70;4;
2015-01-28;9,1;6,6;0;30,5;26,2;21,3;78;1;
2015-01-29;null;null;null;null;null;null;null;null;
2015-01-30;null;null;null;null;null;null;null;null;
2015-01-31;null;0;null;32;null;null;84;1,02888;
2015-02-01;8,2;11,4;0;30,9;27,44;24,8;74;6;
2015-02-02;9,5;10,9;0;31,2;27,06;22,6;76;2;
2015-02-03;8,4;9,5;0;30,9;26,82;23,3;80;4;
2015-02-04;8,6;8,5;0;31,3;27,88;25;76;6,5;
2015-02-05;8,8;7,8;0;30,7;27,3;25,2;81;8,5;
2015-02-06;7,4;8,8;0;31;26,78;22,6;82;3,5;
2015-02-07;7,9;10,3;0;30,9;27,68;24,8;76;5,5;
2015-02-08;null;8,5;null;null;null;null;null;null;
2015-02-09;null;null;null;null;null;null;null;null;
2015-02-10;null;8,5;0;32,1;null;null;82;5;
2015-02-11;9,5;10,9;0;31,1;28,16;26;79;7;
2015-02-12;9,2;10,1;0;31,5;28,2;26,1;77;7;
2015-02-13;10,5;10,2;0;31,5;28,12;26,2;75;5,5;
2015-02-14;8,5;7,2;0;31,6;27,38;22,4;79;2;
2015-02-15;8,1;7,1;2,6;30,1;27,4;23,4;77;4;
2015-02-16;5,5;10,9;0;31,5;28,12;25,2;81;6;
2015-02-17;9,1;9,5;0;31,6;27,64;26,3;86;3,5;
2015-02-18;6,6;0;27,5;28,5;25,52;21,2;94;5,5;
2015-02-19;5,7;2,2;7;30;26,06;21,1;80;3;
2015-02-20;4,8;3,6;1,1;27;25,46;22,6;91;1,5;
2015-02-21;4,6;0;9;28,1;25,78;23,7;91;1;
2015-02-22;2,5;3,6;2,2;29,5;26,14;23,2;90;1,5;
2015-02-23;6,5;4,9;,5;29,7;26,72;25;83;3;
2015-02-24;2,8;9,3;21,8;30,1;26,3;22,2;85;5;
2015-02-25;7,9;11,3;0;30,8;27,22;25;84;4,5;
2015-02-26;8,4;11,5;0;30,5;27,5;24,7;78;2;
2015-02-27;6,6;10,8;0;30,6;27,06;22,4;78;2,5;
2015-02-28;6;10,5;0;30,5;27,14;22,5;79;2;
2015-03-01;6,1;9,7;0;30,3;27,42;23,3;82;1,5;
2015-03-02;8,1;7,3;0;30,9;26,8;21,8;88;5;
2015-03-03;5,4;11,4;9,7;30,7;27,12;22,6;77;4;
2015-03-04;8,7;4,8;0;30,4;26,48;23,5;88;2;
2015-03-05;6,5;6,6;4,6;30,5;26,9;23,3;89;2;
2015-03-06;3,6;5,8;24;29,9;26,4;22,6;81;4;
2015-03-07;10,4;10,7;0;30,3;27,34;23,2;77;3,5;
2015-03-08;6,7;1,6;11,8;27,9;25,96;23,5;97;1;
2015-03-09;1,3;1,5;84,7;27,7;26,04;23,2;90;4,5;
2015-03-10;4,7;10,3;,3;30,2;27,4;23,7;82;5,5;
2015-03-11;6,5;10,6;0;30,3;27,6;25,2;77;4;
2015-03-12;6,3;8;7,4;29,9;26,72;22,8;81;3;
2015-03-13;8,4;11,3;0;30,1;27,48;24,8;75;3,5;
2015-03-14;5,8;10,3;2,5;29,6;26,46;22,6;75;8;
2015-03-15;9,4;10,6;0;30,5;26,88;21,8;83;4;
2015-03-16;9,2;9,9;0;30,2;27,94;25,8;80;6;
2015-03-17;9,3;10,2;0;30,5;27,84;25,8;74;6,5;
2015-03-18;9,3;10,1;0;30,6;27,9;26;80;3,5;
2015-03-19;8,2;7,8;0;30,5;27,74;26,1;79;3;
2015-03-20;7,7;7,6;1;30,6;27,34;25,8;87;3;
2015-03-21;5;9,9;,5;30,9;27,76;24;82;3;
2015-03-22;7,5;0;0;30,6;27,86;26;80;4;
2015-03-23;6,2;7;1;30,7;27,68;23,8;83;3,5;
2015-03-24;6,5;9;1,8;30,7;27,6;25;85;8;
2015-03-25;7,7;10,7;0;30,7;27,88;25,4;78;2;
2015-03-26;6;10,8;0;30,5;26,96;22,4;77;3;
2015-03-27;8,5;11,2;1;30,7;27,56;25,4;76;3,5;
2015-03-28;6,7;8,5;,3;30,5;27,08;22;80;1,5;
2015-03-29;7;9,2;0;31;27,64;24,3;81;5;
2015-03-30;9,3;10,6;0;30,8;27,7;25,2;71;4;
2015-03-31;9,9;11,1;0;30,8;27,2;22,5;71;3;
2015-04-01;8,1;10,8;0;30,5;26,92;21,5;72;3,5;
2015-04-02;9,4;10,8;0;30,9;27,68;24,8;74;4,5;
2015-04-03;9,1;10,5;0;30,6;26,74;21,8;83;2;
2015-04-04;8,4;10,4;0;30,7;27,04;21,6;76;3;
2015-04-05;6,7;9,8;0;30,5;27,5;23,7;78;2;
2015-04-06;6,6;10,7;0;30,3;27,5;23,1;81;3;
2015-04-07;6;10,4;0;32,7;28,56;24,8;77;2;
2015-04-08;6,1;10,7;0;31,2;28,32;25,4;82;3;
2015-04-09;7,9;10,7;0;31,1;28,04;25,4;78;1;
2015-04-10;6,9;10,8;0;31,5;27,64;22,8;81;2;
2015-04-11;5,1;7,7;4;30,5;27,14;23,9;88;1;
2015-04-12;5,6;10;,3;30,7;28,02;25,8;82;3;
2015-04-13;5,5;11,2;0;31,3;27,78;23,6;79;2;
2015-04-14;7,5;10;3,4;30,7;27,28;23,8;85;3;
2015-04-15;8;10,5;0;30,9;28;25;78;1,5;
2015-04-16;7,5;11,4;2,1;30,7;27,08;21,8;77;3;
2015-04-17;8,2;8;0;30,9;27,8;25;76;2;
2015-04-18;6,5;11,2;0;30,7;26,72;21,8;78;1;
2015-04-19;6,5;6,2;0;30,7;26,7;21,8;81;1,5;
2015-04-20;5,3;9,9;,4;31,1;28,08;23,8;73;3;
2015-04-21;7,4;10,6;0;30,9;27,26;22,3;80;3;
2015-04-22;6,5;10,2;,7;30,6;27,9;24,3;80;3,5;
2015-04-23;5,6;3,6;3,5;29,8;27,02;23,8;89;1;
2015-04-24;6,5;9,3;12,5;30,9;27,76;24;82;4;
2015-04-25;4,1;10,2;0;30,6;27,28;23,9;84;2,5;
2015-04-26;5;10,7;0;30,5;27,28;23,2;83;4;
2015-04-27;7;10,6;0;30,6;27,56;23,8;77;2,5;
2015-04-28;5,8;10,4;0;30,5;26,92;22,3;81;1;
2015-04-29;5,5;,5;0;30,9;27,36;22,6;80;2;
2015-04-30;6,8;10,6;0;30,6;27,16;22,4;79;5;
2015-05-01;7,3;10,3;0;31;27,54;22,3;75;4,5;
2015-05-02;7,6;5,1;0;31,1;27,64;23,4;81;2;
2015-05-03;7,5;,3;12;29,1;26,04;23,8;78;3;
2015-05-04;2,2;4,2;66,7;30,5;26,34;22,3;80;4;
2015-05-05;5;10,6;0;30,1;26,88;22,6;82;1,5;
2015-05-06;5,9;10,8;0;30,1;26,96;22,7;80;1;
2015-05-07;6,6;9,7;2;30;27;24,2;85;1;
2015-05-08;5;10,8;0;29,9;27,12;23,3;86;3;
2015-05-09;4,5;8,4;18,8;29,5;26,68;23,5;88;2;
2015-05-10;4,7;8,7;,5;30,7;27,26;24,3;77;6;
2015-05-11;5,4;,7;2,3;29,8;26,8;23,1;82;1;
2015-05-12;4,3;9,9;0;29,7;26,26;22;80;2,5;
2015-05-13;6;7,1;0;30;26,62;21,9;86;1;
2015-05-14;4;10,1;6,3;30,5;27,12;22,8;78;5,5;
2015-05-15;7,6;8,3;0;29,9;26,88;23,2;78;6,5;
2015-05-16;8,1;10,2;0;30,1;27,64;24,8;78;5,5;
2015-05-17;6,8;10,5;0;29,8;26,78;22;77;1;
2015-05-18;5,5;8;0;30,1;27,3;23,7;78;1,5;
2015-05-19;5;7,3;2,7;29,6;26,64;23,4;85;3;
2015-05-20;3,9;10;5,6;29,5;26,62;22,6;85;3,5;
2015-05-21;7,1;8,2;0;29,9;27,22;24,5;81;3;
2015-05-22;4,9;7,3;15,9;28,9;26,2;22,8;89;3;
2015-05-23;4;0;10,6;30,5;26,8;23,8;87;1;
2015-05-24;4,1;8,7;4,9;29,1;26,56;23,4;86;3;
2015-05-25;4,9;9;2,2;29,8;27,34;24;84;4,5;
2015-05-26;7;7,6;0;29,9;27,14;24,8;84;3;
2015-05-27;5,5;8,6;2,3;29,7;27,04;24,5;81;5;
2015-05-28;4,8;7,6;3,6;28,6;25,98;22,6;85;1;
2015-05-29;2,9;9,5;,3;29,1;26,08;21,6;86;1,5;
2015-05-30;4;1,4;3;28,8;26,24;22,8;83;2;
2015-05-31;7,4;9,4;1,5;28,9;26,86;24,5;85;5;
2015-06-01;5,8;8,8;1,2;29,4;26,28;22,5;85;1,5;
2015-06-02;4,9;9,4;1,4;29,3;26,26;23,1;84;2;
2015-06-03;5,1;2,7;2,1;27,9;25,86;22,6;92;7;
2015-06-04;4,9;8,1;14,7;29,3;26,8;23,7;80;5,5;
2015-06-05;7;9,3;3,4;28,9;26,62;24,5;85;2,5;
2015-06-06;5;7,9;13,2;28,9;26,1;22,6;85;7;
2015-06-07;9;4,4;4,1;28,5;26,22;23,9;87;9;
2015-06-08;8,5;8,4;,2;29,1;26,62;24;87;5,5;
2015-06-09;5,6;7,9;2,1;28,3;25,56;22,2;85;1,5;
2015-06-10;6,2;8,9;3,5;29;26,54;24,4;84;3;
2015-06-11;5,7;1,4;1,5;29,1;26,36;23,6;89;5;
2015-06-12;1,8;4,3;23,6;27,7;25,18;22,3;89;1;
2015-06-13;2,3;6,5;0;28,5;25,02;21,2;91;1;
2015-06-14;3,1;6,7;2,5;28,7;25,56;22,5;92;1,5;
2015-06-15;4,3;5,6;9,8;28,6;25,92;23,7;88;2;
2015-06-16;4,7;10,5;0;28,7;25,8;22,4;71;9,5;
2015-06-17;8,3;5,4;,1;28,4;26,08;24,5;80;2,5;
2015-06-18;6,1;4;6,6;28,1;25,56;22,8;87;1;
2015-06-19;5,9;7;0;29;25,74;22,5;83;3;
2015-06-20;6,5;7,4;1;28,6;26,02;24,4;86;6;
2015-06-21;7,2;10,2;5,4;28,5;26,1;23,7;75;6,5;
2015-06-22;7,7;,7;17,6;27,8;25,48;22,4;81;6;
2015-06-23;5,5;5,3;,5;28,5;25,3;22;98;1;
2015-06-24;2,1;,5;10,6;27,2;25,04;22,1;96;1,5;
2015-06-25;2,4;1;78,8;27,9;25,52;22;77;8,5;
2015-06-26;8,6;7,3;,2;28,1;25,9;24,3;77;5,5;
2015-06-27;6,2;8,3;3,8;27,6;25,24;22,5;94;1,5;
2015-06-28;3,1;2,7;3,1;27,5;25;21,7;95;3,5;
2015-06-29;2,9;,3;63,8;26,9;24,86;22,1;98;3;
2015-06-30;3,9;,1;12,3;27,3;25,48;23,1;85;7,5;
2015-07-01;8,3;5,7;8,3;28,3;25,72;23,3;87;4,5;
2015-07-02;3;,2;7,2;27,7;25,12;22,4;98;4,5;
2015-07-03;1,9;4,8;42,4;27,4;25,1;22,6;94;3,5;
2015-07-04;1,7;0;13,4;26,3;25,04;23,4;98;2;
2015-07-05;1,6;10,1;39,4;28,1;25,76;23,1;90;3;
2015-07-06;4,6;7,2;1,6;27,8;25,36;23,6;87;1;
2015-07-07;4;,8;6,6;26,1;24,48;21;100;1;
2015-07-08;1,8;10,8;3,4;27,6;24,92;21,3;85;1;
2015-07-09;3;10,9;0;27,9;24,7;20,7;73;1;
2015-07-10;3,9;8,8;0;28,1;24,82;20,6;89;3;
2015-07-11;5,5;10,4;0;28,5;25,66;21,8;84;1;
2015-07-12;4,2;9,2;36,4;28,5;25,62;21,9;87;5,5;
2015-07-13;7,4;8,9;,9;28,6;26,1;24;81;7,5;
2015-07-14;8,4;6,8;0;28,1;25,98;23,8;77;9;
2015-07-15;9,5;5,4;2,5;26,9;25,22;23,3;85;7;
2015-07-16;8,3;4,2;3,4;28,5;25,68;23,3;79;1;
2015-07-17;11,6;7,4;3,5;28;25,64;23,5;77;7,5;
2015-07-18;11,2;3,2;1,4;27,3;25,42;23,4;87;5,5;
2015-07-19;7,8;9;8,5;27,7;24,94;20,7;null;8;
2015-07-20;9,9;3,4;0;27,8;25,54;24;85;5;
2015-07-21;3,2;0;21;25,7;24,1;21;100;1;
2015-07-22;,5;,6;42,4;25,5;24,22;21,6;99;1;
2015-07-23;,8;,1;22;25,7;24,4;22;85;,5;
2015-07-24;3,8;10,4;10,5;27,7;25,38;22,1;76;2,5;
2015-07-25;5,2;6,8;0;26,7;24,06;20,4;90;5,5;
2015-07-26;3,8;,8;11,8;26,9;24,46;22,3;92;5,5;
2015-07-27;3,9;4,8;10,4;27,3;24,16;21,3;94;4;
2015-07-28;3,4;7,2;12;27,7;25,14;21,9;81;7;
2015-07-29;5,5;,8;13,6;26,6;24,36;21,4;83;7;
2015-07-30;7,7;9,7;7,8;28;25,12;22,6;87;4;
2015-07-31;5;7,1;11;27,4;24,9;22,1;76;7,5;
2015-08-01;null;null;null;null;null;null;null;null;
2015-08-02;null;null;null;null;null;null;null;null;
2015-08-03;null;,5;null;28,7;null;23,5;77;9;
2015-08-04;6,2;11;0;28,1;25,4;23,2;71;1;
2015-08-05;6,4;7,4;,6;27,6;24,44;20;87;3;
2015-08-06;5,2;6,6;,8;27,9;25,54;24,1;80;5,5;
2015-08-07;7,5;9,1;,1;27,7;25,76;24;80;5,5;
2015-08-08;7,1;9,5;,6;27,7;24,98;21,5;77;5;
2015-08-09;8,1;5,7;,7;27,6;24,86;22,8;73;7;
2015-08-10;8,1;6,8;0;27,8;24,46;20,2;89;6;
2015-08-11;6,6;8,2;4,2;27,4;24,84;22,1;76;9,5;
2015-08-12;8,8;7;0;27,6;24,7;22,8;72;8,5;
2015-08-13;8,2;7,5;1,6;27,1;24,4;21,4;83;6;
2015-08-14;4,1;3,8;5,8;27,5;24,54;22,1;96;6,5;
2015-08-15;5,6;7,9;5,4;27,6;24,66;21,6;80;7;
2015-08-16;6;3,7;7,3;27,4;24,56;21,9;85;8,5;
2015-08-17;9,5;9,4;0;27,5;25,1;23,1;77;11;
2015-08-18;11,1;10,6;,6;28,1;25,32;23,1;79;5,5;
2015-08-19;8,5;7,8;2,4;27,6;24,84;22,3;84;6;
2015-08-20;4,3;3,6;10;27,1;24,26;21,1;100;4,5;
2015-08-21;1,8;7,1;4,9;27,5;24,7;22,6;90;1;
2015-08-22;4,7;11;,1;27,9;25,06;21,5;77;3,5;
2015-08-23;6,7;11;0;27,7;24,76;21;72;4;
2015-08-24;6,7;10,6;0;27,9;24,74;19;78;3,5;
2015-08-25;5;10,4;0;28,4;25,34;21;86;2,5;
2015-08-26;4,9;10,4;0;28,5;25,9;23,3;80;8;
2015-08-27;8,1;8,5;0;27,9;25,78;24;74;4;
2015-08-28;7,1;10,8;0;28,1;25,12;20,2;74;2,5;
2015-08-29;7,4;6,6;0;28,7;25,14;20,1;84;3;
2015-08-30;7,2;6,2;2,5;28,1;25,06;22,6;79;2;
2015-08-31;8,7;8,7;0;27,9;25,88;23,7;88;4;
2015-09-01;4,2;1,7;12,8;27,1;24,24;21,4;80;2,5;
2015-09-02;3,9;10,1;,2;27,8;24,68;20,2;81;1,5;
2015-09-03;5,1;3;3,2;26,9;24,1;19,7;94;1;
2015-09-04;3,9;10,8;0;28,3;25,14;21;86;3;
2015-09-05;5,4;10,4;0;28,9;25,92;23,1;84;5,5;
2015-09-06;6;11,1;0;28,6;25,64;23,3;72;4,5;
2015-09-07;8,8;11;0;28,7;25,12;20,2;71;7;
2015-09-08;7,4;9,3;0;28,6;25,72;22,8;74;4;
2015-09-09;8,1;8,3;0;28,9;26,04;23,8;77;6;
2015-09-10;8,5;8,6;0;28,8;26,16;24;74;5,5;
2015-09-11;8,2;5,5;,7;28,1;25,38;23,3;88;3,5;
2015-09-12;4,3;4,4;9;28,7;25,46;23,1;90;3;
2015-09-13;6,2;7;0;28,6;25,96;24;86;3,5;
2015-09-14;6,1;6,2;,3;29,3;25,62;21,4;78;2;
2015-09-15;7,1;10,9;1,3;28,6;25,24;22,8;83;8,5;
2015-09-16;10;8,2;,5;28,5;25,64;23,8;82;6,5;
2015-09-17;7,2;5,6;3,1;27,5;24,68;22;86;1;
2015-09-18;3,6;10,1;8,2;28,5;25,4;22,3;76;5,5;
2015-09-19;6;9,7;0;28,9;25,4;20,4;84;7;
2015-09-20;8,7;9,2;0;28,7;26,08;23,8;74;6,5;
2015-09-21;9,2;10,6;0;28,9;26,14;24,1;76;6;
2015-09-22;9,3;8,1;0;28,9;26,12;24,4;78;8,5;
2015-09-23;9,6;10;,4;29,5;26,46;24,1;80;8,5;
2015-09-24;8,5;4,4;0;28,7;26,24;24;80;9;
2015-09-25;7,4;9,3;,3;29;25,94;24,8;84;5;
2015-09-26;8,3;10,5;,2;29,1;26,22;24,5;78;5,5;
2015-09-27;9,2;8,4;,2;28,9;25,66;22,3;74;7;
2015-09-28;8,7;10,5;0;29,3;25,46;20,7;76;7,5;
2015-09-29;10,4;10,4;,3;29,6;26,46;23,8;74;9;
2015-09-30;8;8,3;1,5;29;25;21,3;85;6,5;
2015-10-01;8;8,8;0;29,7;26,1;24;56;5;
2015-10-02;8,4;9,4;,2;28,6;26,14;24,5;76;4,5;
2015-10-03;8,8;10,7;2,5;29,1;26,18;24,1;78;7;
2015-10-04;7,5;10,6;0;29,7;25,82;21,6;75;4;
2015-10-05;7,3;10,2;0;29,1;25,76;20,4;77;7;
2015-10-06;7,9;10,1;0;29,2;26,44;24;79;6,5;
2015-10-07;8,1;10,3;0;29,4;26,46;24,5;75;2,5;
2015-10-08;6,2;5,4;6;27,9;24,86;21,2;94;1,5;
2015-10-09;5,4;9,1;3,2;29;26;23,5;81;4;
2015-10-10;8,1;10,3;2,2;29,1;25,96;22,6;74;5,5;
2015-10-11;11,9;8,2;0;29,4;26,14;24;77;6;
2015-10-12;19,9;8,7;,1;29,5;26,4;24,1;76;5,5;
2015-10-13;10;5,4;3,3;29,5;26,26;24,3;83;4,5;
2015-10-14;7,3;3,8;1,8;28,5;25,98;23,9;80;8,5;
2015-10-15;7,2;5,4;3,2;28,4;25,14;21,8;84;3;
2015-10-16;8,8;10,3;,6;29,3;26,22;23,7;74;4;
2015-10-17;8,8;10,4;,2;29,7;26,22;23,3;77;1;
2015-10-18;6,2;7,1;14,4;28,5;25,22;22,3;90;5,5;
2015-10-19;7,2;7,9;0;29,5;26,3;23,8;79;5,5;
2015-10-20;8,8;11,2;0;29,1;26,22;23,9;80;4;
2015-10-21;7;10,7;0;29,5;25,94;21,5;79;4;
2015-10-22;7,8;10,3;0;29,5;26,32;22,4;75;9,5;
2015-10-23;8,1;10,6;0;29,6;26,18;22,4;77;8,5;
2015-10-24;8,4;9;0;29,7;26,44;24;75;8;
2015-10-25;9,4;10,6;,1;29,7;26,78;24,1;77;6;
2015-10-26;9,6;11,5;0;29,9;26,56;24;77;3,5;
2015-10-27;10;11,3;0;29,9;26,62;24,6;73;4;
2015-10-28;8,9;10,4;0;29,7;25,98;21;73;9;
2015-10-29;10,2;11,1;0;29,5;26,54;24,1;74;6;
2015-10-30;9,3;11,5;0;29,8;26,64;23,9;74;8,5;
2015-10-31;8,8;10,9;1;29,9;26,52;23,6;76;5,5;
2015-11-01;9,9;10,7;0;29,5;26,62;23,9;77;7;
2015-11-02;9,4;9,5;0;30;26,54;24;82;6,5;
2015-11-03;9,9;8,5;4,5;28,8;25,96;24,1;86;5;
2015-11-04;8,7;9,5;3,1;29,6;26,54;24;78;4;
2015-11-05;8,9;11,5;0;29,9;26,88;24,4;79;6,5;
2015-11-06;6,9;10,9;0;29,7;26,38;23,1;79;3,25;
2015-11-07;7,9;10,7;0;30,2;26,54;22,6;77;3;
2015-11-08;8,2;8,1;,1;29,9;26,36;23,8;79;7;
2015-11-09;9;7,8;0;29,8;26,38;24;83;4,5;
2015-11-10;8,5;9,4;,5;29,7;26,56;24,2;73;6;
2015-11-11;10,2;10,5;0;30,1;26,8;24,5;72;4,5;
2015-11-12;8,7;11,7;0;30,3;26,6;23,1;72;5,5;
2015-11-13;8,1;10,8;0;29,5;26,24;21;77;4;
2015-11-14;9,1;10,9;0;29,9;26,92;24,2;77;3;
2015-11-15;6,8;10,2;2,2;29,5;26,52;23,2;86;5;
2015-11-16;6,7;11,4;0;29,9;26,72;24,5;81;6,5;
2015-11-17;6,5;9,5;1,4;30,1;26,56;23,1;76;6;
2015-11-18;7;7,9;,3;29,3;25,66;22,3;89;4,5;
2015-11-19;5,5;10,5;,1;29,5;26,36;23,2;76;7;
2015-11-20;8,2;11,6;0;29,8;26;21,1;78;7;
2015-11-21;7,3;10,7;0;30,2;26,46;22,2;83;4,5;
2015-11-22;6,5;11,7;0;30,7;27,04;23,8;81;5;
2015-11-23;8;11,2;0;30,4;26,66;23,4;81;6,5;
2015-11-24;7;10,9;0;29,9;26,68;23,1;83;6;
2015-11-25;6,8;11,5;0;30,3;27;23,2;81;8,5;
2015-11-26;9,9;11;0;30,4;null;23,5;86;10;
2015-11-27;1,6;11,2;0;30,6;26,9;23,4;81;7;
2015-11-28;6,6;11,2;0;30,1;26,74;23,1;78;4,5;
2015-11-29;8,5;11,8;0;29,9;26,4;22,3;76;5,5;
2015-11-30;8,9;11,5;0;30,5;27,02;23,8;77;5;
2015-12-01;8,9;11,6;0;30,9;27,2;23,8;78;5,5;
2015-12-02;9,3;11,1;0;30,5;27,18;24;74;2,5;
2015-12-03;7,2;11,5;0;30,6;27,02;23,2;77;2;
2015-12-04;6,7;11,2;0;30,1;26,48;22,8;77;9,5;
2015-12-05;7,1;11,6;0;30,2;26,86;22,6;77;10,5;
2015-12-06;7,6;11,5;0;30,1;27;24,2;80;5;
2015-12-07;7,6;11,5;0;30;26,74;23,1;80;4,5;
2015-12-08;8,2;11,2;0;30,6;27,12;23,5;78;5;
2015-12-09;9,4;11,3;0;31,1;27,48;24,4;82;6;
2015-12-10;9;11,3;0;31;27,46;24,9;79;6,5;
2015-12-11;9;11,9;0;30,6;27,34;25;79;5,5;
2015-12-12;8,3;11,4;0;30,6;27,38;24,9;81;9;
2015-12-13;8,1;11;0;30,8;27,36;24,3;80;3;
2015-12-14;9,3;5,3;1,1;29,7;26,66;24,5;80;2;
2015-12-15;8,7;10,4;,5;30,7;27,26;24,7;78;5,5;
2015-12-16;9,4;7,7;0;30,5;27,1;23,5;80;7;
2015-12-17;9,3;9,9;0;30,7;27,26;23,8;81;5;
2015-12-18;7;,1;10,8;27,5;25,78;23,2;84;5;
2015-12-19;5;8,7;9;29,9;26,98;24,1;81;5,5;
2015-12-20;7,5;10,2;0;30,6;27,26;24,8;80;3,5;
2015-12-21;7;4,4;3,7;29,9;26,22;23,1;84;2;
2015-12-22;6,4;7,7;2,2;29,9;26,82;23,7;84;7;
2015-12-23;9;8,7;4,4;30,4;26,96;23,5;81;3,5;
2015-12-24;8;3,1;2,8;29,5;26,64;24,2;87;5;
2015-12-25;3,2;,4;25;27,6;25,68;22,8;87;4;
2015-12-26;5,9;5,3;2,1;28,9;26,36;23,2;81;5;
2015-12-27;9;8,6;0;29,9;26,64;24;87;2;
2015-12-28;8,2;8,6;,3;29,8;26,76;24,1;85;3;
2015-12-29;7,3;1,8;,1;28,7;26,68;24,5;85;4,5;
2015-12-30;6,2;5,7;0;30,3;27,22;24,3;82;4;
2015-12-31;6,6;8,4;0;30,5;27,26;24,7;79;7;
2016-01-01;8,7;10,8;0;29,9;27,04;24;77;7;
2016-01-02;7;11,3;0;30;27,04;22,8;83;6;
2016-01-03;6;11,4;0;30,6;27,62;24,6;83;5;
2016-01-04;5;9,6;0;31,2;27,72;24,5;84;8,5;
2016-01-05;5,8;5,1;0;30,3;27,34;24,8;88;3;
2016-01-06;4,5;2,7;0;30,5;27,48;25;86;1;
2016-01-07;3,6;3,5;0;30,1;27,38;24,8;87;4;
2016-01-08;5,4;5,7;0;30,5;27,54;25,1;84;1;
2016-01-09;5,4;,3;2,7;28,3;26,54;24,8;93;2;
2016-01-10;1,4;0;31;27,5;25,62;22,8;96;2;
2016-01-11;2,1;8,2;1,4;30;26,72;22,4;86;4;
2016-01-12;6;9,2;,2;30,4;27,12;23,1;86;2,5;
2016-01-13;5,5;6,9;0;30;27,14;23,8;84;1;
2016-01-14;4,3;10,1;0;30,3;27,54;24,1;80;2;
2016-01-15;6,2;8;0;30,5;27,48;24,8;88;2,5;
2016-01-16;4,3;9;1,6;30,1;27,38;24,7;78;5;
2016-01-17;4,9;6;0;30,6;27,7;25;88;4,5;
2016-01-18;5,4;7,2;1,2;30,3;27,58;24,9;88;5;
2016-01-19;4,2;8,7;,6;30,2;26,94;24,2;88;3;
2016-01-20;5,5;,9;50,4;28,9;26,26;23,1;89;1;
2016-01-21;2,6;6,2;,6;30,2;26,9;23,5;88;3;
2016-01-22;4,8;0;12,6;28,3;26,22;23,8;95;1;
2016-01-23;2,1;6,4;31,2;30,1;26,96;23,5;86;8;
2016-01-24;6;11,1;0;30;27,42;24;82;6,5;
2016-01-25;6,3;10,5;5,8;29,7;27,06;24,5;83;4;
2016-01-26;5,5;10,8;0;30;27,32;24;82;4;
2016-01-27;6;10,7;0;30,1;27,42;24,2;83;5;
2016-01-28;7,2;10,9;0;30,4;27,48;24,8;80;6;
2016-01-29;9,8;3,2;0;29,7;27,36;25;86;5;
2016-01-30;3;1,2;40;28,1;26,18;23,1;79;1;
2016-01-31;4,5;6,4;36,4;29,8;26,42;22,6;90;2;

