Nome: BARRA
Codigo Estacao: 83179
Latitude: -11.084858
Longitude: -43.138998
Altitude: 407.5
Situacao: Operante
Data Inicial: 2013-01-01
Data Final: 2016-01-31
Periodicidade da Medicao: Diaria

Data Medicao;EVAPORACAO DO PICHE, DIARIA(mm);INSOLACAO TOTAL, DIARIO(h);PRECIPITACAO TOTAL, DIARIO(mm);TEMPERATURA MAXIMA, DIARIA(°C);TEMPERATURA MEDIA COMPENSADA, DIARIA(°C);TEMPERATURA MINIMA, DIARIA(°C);UMIDADE RELATIVA DO AR, MEDIA DIARIA(%);VENTO, VELOCIDADE MEDIA DIARIA(m/s);
2013-01-01;null;9,9;0;37,1;30,3;24,4;null;null;
2013-01-02;null;5;0;34,5;26,04;21,6;null;null;
2013-01-03;null;2,2;4,9;33,6;24,7;20,7;null;null;
2013-01-04;null;10;,7;35,2;27,34;20,4;null;null;
2013-01-05;null;8,5;0;34,8;28,96;24,5;null;null;
2013-01-06;null;2,9;0;33,2;28,16;23,6;null;null;
2013-01-07;null;10,3;0;36,5;30,06;21,8;null;null;
2013-01-08;null;9,2;0;36,2;30,68;25;null;null;
2013-01-09;null;11,3;0;37;30,46;23,3;null;null;
2013-01-10;null;11,3;0;36,7;29,84;21,6;null;null;
2013-01-11;null;6,8;0;35,6;29,82;25,1;null;null;
2013-01-12;null;0;0;33,4;26,66;23,4;null;null;
2013-01-13;null;5,3;0;35,3;29,64;23,9;null;null;
2013-01-14;null;5,3;0;36,3;30,26;25,2;null;null;
2013-01-15;null;0;0;31,5;25,54;22,6;null;null;
2013-01-16;null;2,7;16,1;32,2;25,54;22,1;null;null;
2013-01-17;null;1,6;,5;31,7;25,38;22,5;null;null;
2013-01-18;null;6;13,8;31;26,1;21,3;null;null;
2013-01-19;null;,4;70,2;27,1;23,34;22,2;null;null;
2013-01-20;null;5,8;,7;31,8;26;20,2;null;null;
2013-01-21;null;5,1;0;33;27,1;23,4;null;1,2;
2013-01-22;null;5;0;31,5;27,04;23,8;null;2,2;
2013-01-23;null;4,8;1,1;30,2;25,3;22,4;null;,85;
2013-01-24;null;2,8;13,2;32,7;25,84;22,4;null;1,1;
2013-01-25;null;6,8;2,8;32,6;26,24;22,8;null;,6;
2013-01-26;null;4,1;1,8;31,9;27,12;23;null;1,45;
2013-01-27;null;2,8;8;31,2;27,08;24,3;null;1,3;
2013-01-28;null;9,8;0;35,2;29,02;23,8;null;,75;
2013-01-29;null;10,4;0;34;28,34;22,6;null;,9;
2013-01-30;null;11;0;34,6;28,26;21,2;null;1,45;
2013-01-31;null;9,7;0;34,8;28,18;21,6;null;2,3;
2013-02-01;null;9,9;0;34,9;28,6;21,8;null;2,95;
2013-02-02;null;9,2;0;34,8;27,22;19,7;null;,7;
2013-02-03;null;11,2;0;35,7;28,8;20,8;null;1,9;
2013-02-04;null;11,2;0;37,2;29,98;22,2;null;1,05;
2013-02-05;null;10;0;37,3;29,8;22,6;null;1,35;
2013-02-06;null;10,3;0;35,6;29,5;24;null;2,5;
2013-02-07;null;10,2;0;35,1;28,92;23,4;null;2,15;
2013-02-08;null;10,2;0;35,8;29,3;24;null;3,05;
2013-02-09;null;10,2;0;36,2;29,96;22,9;null;3,2;
2013-02-10;null;11,2;0;36;29,78;23,8;null;2,4;
2013-02-11;null;11,3;0;36,9;29,84;21,3;null;,8;
2013-02-12;null;11,1;0;37,7;29,58;21,5;null;1,6;
2013-02-13;null;10,2;0;38,3;29,16;21;null;,75;
2013-02-14;null;11,2;0;36,5;29,58;22,1;null;1,6;
2013-02-15;null;10,1;0;36,6;30,58;24,9;null;1,2;
2013-02-16;null;8,5;0;35,6;29,48;23;null;2,15;
2013-02-17;null;10,6;0;35,7;29,4;25,2;null;4,25;
2013-02-18;null;11,1;0;36,3;29,44;22,2;null;1,7;
2013-02-19;null;11,2;0;37;30,12;23,9;null;2,7;
2013-02-20;null;11,1;0;37;29,46;21,4;null;1,9;
2013-02-21;null;3,9;0;34,1;28,9;24,7;null;1,1;
2013-02-22;null;,9;0;32,4;28,16;23,9;null;,5;
2013-02-23;null;7;1,2;36,2;29,9;24;null;1,6;
2013-02-24;null;8,7;0;36,7;30,36;24,8;null;1,95;
2013-02-25;null;7,3;0;37,5;30,58;24,9;null;1,55;
2013-02-26;null;10,6;0;37,3;30,34;22,4;null;2;
2013-02-27;null;9,4;0;37,4;30,46;24,3;null;2,05;
2013-02-28;null;9,9;0;37;30,56;23,6;null;2,7;
2013-03-01;null;null;null;null;null;null;null;null;
2013-03-02;null;null;null;null;null;null;null;null;
2013-03-03;null;null;null;null;null;null;null;null;
2013-03-04;null;null;null;null;null;null;null;null;
2013-03-05;null;null;null;null;null;null;null;null;
2013-03-06;null;null;null;null;null;null;null;null;
2013-03-07;null;null;null;null;null;null;null;null;
2013-03-08;null;null;null;null;null;null;null;null;
2013-03-09;null;null;null;null;null;null;null;null;
2013-03-10;null;null;null;null;null;null;null;null;
2013-03-11;null;null;null;null;null;null;null;null;
2013-03-12;null;null;null;null;null;null;null;null;
2013-03-13;null;null;null;null;null;null;null;null;
2013-03-14;null;null;null;null;null;null;null;null;
2013-03-15;null;null;null;null;null;null;null;null;
2013-03-16;null;null;null;null;null;null;null;null;
2013-03-17;null;null;null;null;null;null;null;null;
2013-03-18;null;null;null;null;null;null;null;null;
2013-03-19;null;null;null;null;null;null;null;null;
2013-03-20;null;null;null;null;null;null;null;null;
2013-03-21;null;null;null;null;null;null;null;null;
2013-03-22;null;null;null;null;null;null;null;null;
2013-03-23;null;null;null;null;null;null;null;null;
2013-03-24;null;null;null;null;null;null;null;null;
2013-03-25;null;null;null;null;null;null;null;null;
2013-03-26;null;null;null;null;null;null;null;null;
2013-03-27;null;null;null;null;null;null;null;null;
2013-03-28;null;null;null;null;null;null;null;null;
2013-03-29;null;null;null;null;null;null;null;null;
2013-03-30;null;null;null;null;null;null;null;null;
2013-03-31;null;null;0;38,2;29,34;21;null;1,2861;
2013-04-01;null;10,6;0;36,3;28,8;21,2;null;,95;
2013-04-02;null;10,2;0;35,6;28,8;20;null;1,3;
2013-04-03;null;10,2;0;36;28,78;23;null;2,5;
2013-04-04;null;10,5;0;31,4;28,5;21;null;,8;
2013-04-05;null;10,4;0;36,2;29,74;22,6;null;2,4;
2013-04-06;null;6,7;16;34;27,86;23,4;null;1,85;
2013-04-07;null;4,7;50,7;32,7;26,34;22,4;null;1,75;
2013-04-08;null;4,4;0;31,4;27,26;23,5;null;2;
2013-04-09;null;4,7;3;33,8;27,18;22,8;null;1,3;
2013-04-10;null;10,6;0;34,7;29;23,6;null;2;
2013-04-11;null;8,6;0;33,7;28,5;24,5;null;2,05;
2013-04-12;null;10,7;0;35,2;28,96;22,8;null;1,3;
2013-04-13;null;10,7;0;36,2;29,72;22,2;null;1,35;
2013-04-14;null;10,7;0;36,9;30,62;24,5;null;,9;
2013-04-15;null;8,3;0;35,8;29,62;25,5;null;1,65;
2013-04-16;null;6,8;,7;33,7;28,74;24,9;null;2,5;
2013-04-17;null;null;15,8;28,6;24,18;21,6;null;,8;
2013-04-18;null;9,6;null;33,6;null;24,2;null;null;
2013-04-19;null;2,1;,2;29;25,74;23;null;1,55;
2013-04-20;null;6;0;32,2;27,16;22,8;null;2,15;
2013-04-21;null;1,5;0;30,3;26,02;22,2;null;1,35;
2013-04-22;null;6;0;32;26,74;23,6;null;2,05;
2013-04-23;null;8,3;0;33,2;27,5;22,4;null;1,55;
2013-04-24;null;7,2;0;33,2;27,46;21,2;null;1,3;
2013-04-25;null;5,1;0;33,4;27,8;23,5;null;1,7;
2013-04-26;null;6,7;,4;32,8;27,58;23;null;2,4;
2013-04-27;null;7,2;0;34,6;27,8;21,5;null;1,45;
2013-04-28;null;9,7;0;34,6;28,08;21,8;null;,9;
2013-04-29;null;9,6;0;34,6;27,34;19,8;null;,9;
2013-04-30;null;10,1;0;35;27,66;19;null;,75;
2013-05-01;null;9,5;0;35,4;27,68;20,7;null;,6;
2013-05-02;null;10,6;0;35,1;28,68;20,6;null;1,75;
2013-05-03;null;9,7;0;35,5;28,76;21,6;null;1,15;
2013-05-04;null;10,7;0;36,2;28,58;20,6;null;1,45;
2013-05-05;null;10,6;0;35,6;28,14;20,4;null;,7;
2013-05-06;null;8,3;0;34,7;27,56;20,9;null;1,8;
2013-05-07;null;6,3;0;34,6;29,24;23;null;,65;
2013-05-08;null;5,2;0;34,6;28,92;23,1;null;1,85;
2013-05-09;null;2,7;0;33,1;28,44;24,4;null;1,9;
2013-05-10;null;7,5;0;33,8;27,66;22,8;null;2,2;
2013-05-11;null;7,5;0;33,1;28,48;24;null;2,05;
2013-05-12;null;8,9;0;33,1;27,78;23;null;2,45;
2013-05-13;null;8,2;0;32,7;27,36;22,3;null;2,8;
2013-05-14;null;4,9;0;33;26,7;21,4;null;1,9;
2013-05-15;null;9,6;0;33,5;27,56;21,7;null;3,8;
2013-05-16;null;9,6;0;33,8;26,88;21;null;2,2;
2013-05-17;null;9,3;0;35,4;27,2;19,8;null;1,2;
2013-05-18;null;9,9;1,4;34;27,8;22,9;null;,5;
2013-05-19;null;5,8;0;33,5;26,26;19,4;null;1;
2013-05-20;null;10;0;33,4;26,84;20;null;1,9;
2013-05-21;null;9,7;0;34,9;27,44;19,4;null;1,65;
2013-05-22;null;9,8;0;35,4;28,2;21,3;null;1,15;
2013-05-23;null;6,6;0;34,6;27,36;20,8;null;,65;
2013-05-24;null;9,5;0;35,8;28,84;21,2;null;,9;
2013-05-25;null;8,7;0;33,9;28,12;22,3;null;3,6;
2013-05-26;null;4,1;0;34,4;28,16;22,1;null;2,25;
2013-05-27;null;8,9;0;33,6;26,92;20,6;null;1,8;
2013-05-28;null;10,5;0;34,2;26,98;19,4;null;2,15;
2013-05-29;null;10,5;0;34,7;27,44;19,6;null;2,4;
2013-05-30;null;10,5;0;36,2;29,04;20,7;null;1,75;
2013-05-31;null;10,2;0;35,6;28,3;21,1;null;2,55;
2013-06-01;null;10,5;0;33,6;27,9;21,6;null;2,9;
2013-06-02;null;7,7;0;33,2;27,54;21,3;null;2,15;
2013-06-03;null;10,4;0;34,4;27,7;19,6;null;,85;
2013-06-04;null;9,2;0;34,5;28,82;22,3;null;2,05;
2013-06-05;null;10,1;0;33,4;27,16;20,6;null;1,3;
2013-06-06;null;10,5;0;33,8;26,8;19,9;null;1,9;
2013-06-07;null;10,1;0;33,6;26,98;20,8;null;3,2;
2013-06-08;null;9,4;0;32,4;26,4;21,7;null;3,05;
2013-06-09;null;1,7;0;30,6;25,74;19,8;null;2,7;
2013-06-10;null;7;0;32,2;25,78;19,6;null;2,55;
2013-06-11;null;10,3;0;32,3;26,28;20,4;null;3,05;
2013-06-12;null;9,8;0;33,1;26,44;19,1;null;2,25;
2013-06-13;null;10,6;0;33,5;26,82;18,8;null;2,6;
2013-06-14;null;10,2;0;34,7;27,02;19;null;1,45;
2013-06-15;null;9,7;0;34,6;27,98;20,3;null;,75;
2013-06-16;null;9,8;0;35,4;28,34;22,8;null;2,45;
2013-06-17;null;8,6;0;35,1;27,58;19,7;null;2,4;
2013-06-18;null;7,9;0;34,9;26,9;19,1;null;,75;
2013-06-19;null;9,2;0;34,6;27,3;19,4;null;1,65;
2013-06-20;null;9,6;0;33,9;26,82;20,2;null;2,3;
2013-06-21;null;10,3;0;33,3;26,36;20,6;null;1,25;
2013-06-22;null;10,4;0;35,6;27,44;18,8;null;,75;
2013-06-23;null;8,8;0;34,4;27,54;19,5;null;2,2;
2013-06-24;null;7,7;0;31;25,8;21,4;null;3,35;
2013-06-25;null;10,4;0;33,5;24,84;16,1;null;,7;
2013-06-26;null;10,5;0;33,8;25,56;16,6;null;1,9;
2013-06-27;null;10,4;0;34,7;23,86;18,2;null;1,55;
2013-06-28;null;8,7;0;33,5;26,64;18,6;null;1,05;
2013-06-29;null;10,5;0;34,6;27,32;21,2;null;1,85;
2013-06-30;null;8,4;0;34,6;27,1;20,2;null;,9;
2013-07-01;null;9,5;0;null;26,52;19,4;null;1,05;
2013-07-02;null;10,5;0;33,8;25,94;18,3;null;1,1;
2013-07-03;null;10,4;0;33,5;25,86;17,9;null;1,6;
2013-07-04;null;10,4;0;32,1;25,36;19;null;2,45;
2013-07-05;null;5,6;0;31;24,14;17;null;2,5;
2013-07-06;null;9,8;0;31,6;24,98;18,8;null;2,6;
2013-07-07;null;8,5;0;33,6;25,34;16,7;null;2,3;
2013-07-08;null;8,9;0;33,2;25,36;16,8;null;1,35;
2013-07-09;null;10,3;0;33,4;25,46;16,8;null;1,25;
2013-07-10;null;10,3;0;32,1;24,6;17,4;null;1,65;
2013-07-11;null;8,6;0;30,4;23,5;15,2;null;1,25;
2013-07-12;null;9,9;0;32;25,96;21,2;null;2,9;
2013-07-13;null;2,3;0;30,8;24,52;17,4;null;1,55;
2013-07-14;null;3,5;0;31,2;25,54;20,2;null;2,9;
2013-07-15;null;8,3;0;32,2;24,6;16;null;1,8;
2013-07-16;null;10,4;0;34,6;27,26;18,1;null;2,3;
2013-07-17;null;10,3;0;33,4;26,46;19,1;null;1,9;
2013-07-18;null;10,3;0;33,6;25,68;17;null;1,2;
2013-07-19;null;10,5;0;34,8;26,54;16,9;null;2,05;
2013-07-20;null;10,5;0;33;26,22;19,7;null;2,85;
2013-07-21;null;10,5;0;34,6;27;19,2;null;2,4;
2013-07-22;null;10,4;0;34,2;26,48;17,7;null;2,3;
2013-07-23;null;10,4;0;35,1;26,92;18,5;null;1,35;
2013-07-24;null;10,4;0;34,9;27,5;21,5;null;2,8;
2013-07-25;null;10,5;0;33,6;25,08;16,3;null;,9;
2013-07-26;null;7;0;34,6;27,08;19,1;null;1,2;
2013-07-27;null;4;0;32;26,02;20;null;,6;
2013-07-28;null;9;0;34,2;26,86;19,7;null;2,05;
2013-07-29;null;10,5;0;33,8;26,26;18,5;null;1,3;
2013-07-30;null;9,9;0;33,7;26,64;20,2;null;2,05;
2013-07-31;null;10,5;0;33,2;25,62;16,9;null;3,05;
2013-08-01;null;10,6;0;33;25,54;16,9;null;1,55;
2013-08-02;null;10,6;0;32,2;24,02;15,5;null;,5;
2013-08-03;null;10,6;0;32,4;24,92;14,8;null;1,35;
2013-08-04;null;10,7;0;33,1;25,48;17,6;null;1,25;
2013-08-05;null;10,6;0;34,6;25,88;16,8;null;,75;
2013-08-06;null;10,6;0;34,6;26,14;16,4;null;1,8;
2013-08-07;null;9;0;33;25,7;18,4;null;2,15;
2013-08-08;null;10,5;0;32,1;25,12;18,8;null;1,8;
2013-08-09;null;10,1;0;32,7;25,74;17,1;null;3,3;
2013-08-10;null;10,6;0;33,8;26,44;19,6;null;1,8;
2013-08-11;null;10,8;0;34,7;26,16;17,7;null;,85;
2013-08-12;null;8,6;0;35;26,86;17,8;null;1,6;
2013-08-13;null;8,2;0;34,9;27,38;19,1;null;2,9;
2013-08-14;null;10;0;35;27,38;20,4;null;1,1;
2013-08-15;null;10,8;0;36,9;27,72;18,6;null;2,85;
2013-08-16;null;10,6;0;33,7;27,06;21,5;null;2,95;
2013-08-17;null;10,2;0;34,6;26,84;17,7;null;1,4;
2013-08-18;null;10,7;0;33,2;27;20,8;null;3,4;
2013-08-19;null;9,8;0;34;26,74;17,6;null;1,55;
2013-08-20;null;8,8;0;33,2;26,58;18,8;null;1,65;
2013-08-21;null;10,2;0;33,8;26,46;20,4;null;1,9;
2013-08-22;null;7,2;0;32,2;25,62;18,2;null;2,5;
2013-08-23;null;10,7;0;33,8;26,52;19,6;null;2,05;
2013-08-24;null;10,8;0;34,2;27,04;19,9;null;2,05;
2013-08-25;null;10,6;0;33,6;26,5;19,4;null;3,65;
2013-08-26;null;9,8;0;33,8;26,4;18,5;null;1,95;
2013-08-27;null;10,5;0;36;27,58;18,4;null;2,85;
2013-08-28;null;9,9;0;37,7;29,94;19,8;null;2,15;
2013-08-29;null;8,9;0;34,4;28,44;23,7;null;2,45;
2013-08-30;null;10,5;0;33,4;27,26;21,5;null;3,05;
2013-08-31;null;10,7;0;33;26,06;20;null;2,55;
2013-09-01;null;10,6;0;32,4;26,56;18,9;null;3,2;
2013-09-02;null;10,6;0;34,2;27,54;20,8;null;2,9;
2013-09-03;null;10,8;0;34,8;27,7;21,4;null;2,05;
2013-09-04;null;10,2;0;36,4;29,08;20,1;null;1,65;
2013-09-05;null;10,2;0;35,8;29,38;23,6;null;3,1;
2013-09-06;null;8,6;0;35,4;28,1;21,6;null;2,55;
2013-09-07;null;null;0;34;27,88;21,6;null;2,85;
2013-09-08;null;10,4;0;34;27,46;21,7;null;3,9;
2013-09-09;null;10,6;0;33,4;26,64;20,1;null;3,8;
2013-09-10;null;7,6;0;32,7;26,16;20,5;null;3,15;
2013-09-11;null;10,4;0;32,4;25,98;20,8;null;3,25;
2013-09-12;null;10,6;0;31,9;25,1;18,6;null;2,45;
2013-09-13;null;9,6;0;33,4;26,94;18,8;null;2,05;
2013-09-14;null;10,7;0;35,3;28,26;20,1;null;2,7;
2013-09-15;null;10,4;0;36,3;29,46;21,8;null;3,65;
2013-09-16;null;10,3;0;35,2;29,22;22,8;null;3,8;
2013-09-17;null;10,7;0;36,5;30,38;25,2;null;3,2;
2013-09-18;null;9,7;0;36,5;30,32;23,8;null;3,15;
2013-09-19;null;10,1;0;35,1;29,16;24;null;2,9;
2013-09-20;null;10,6;0;35,2;28,22;20,7;null;3,05;
2013-09-21;null;10,6;0;35,5;27,62;21;null;2,65;
2013-09-22;null;10,4;0;37,1;29,52;22,8;null;2,3;
2013-09-23;null;10,6;0;37,4;29,44;21,1;null;2,9;
2013-09-24;null;10,6;0;38,6;29,76;19,4;null;2,6;
2013-09-25;null;5,9;0;34,5;27,56;21,6;null;1,85;
2013-09-26;null;10,1;0;37,8;30,96;21,7;null;4,7;
2013-09-27;null;10,4;0;35,6;30,04;23,6;null;3,6;
2013-09-28;null;10,4;0;37,2;30,24;23;null;1,75;
2013-09-29;null;10,5;0;37,6;30,46;23,6;null;3,1;
2013-09-30;null;10,7;0;36,2;29,22;22,9;null;2,6;
2013-10-01;null;10,7;0;37,5;29,44;23,2;null;4,8;
2013-10-02;null;10,8;0;36,5;29,62;21,5;null;3,8;
2013-10-03;null;10,9;0;36,7;30,36;24,6;null;,6;
2013-10-04;null;10,9;0;36,6;29,86;23,4;null;3,8583;
2013-10-05;null;9,7;0;37,9;30,08;21,2;null;1,7;
2013-10-06;null;10,4;0;39,3;30,94;23,8;null;1,75;
2013-10-07;null;9,5;0;35,3;30,04;25,2;null;3,9;
2013-10-08;null;9,9;0;35,5;29,88;24,8;null;3,2;
2013-10-09;null;10,2;0;35,3;29,42;23;null;4,05;
2013-10-10;null;8,7;0;33,8;28,02;23;null;3,75;
2013-10-11;null;8,1;0;35,2;28,24;22,8;null;3,65;
2013-10-12;null;10,8;0;34,8;27,96;21,4;null;3;
2013-10-13;null;10,4;0;34,5;27,98;22,2;null;2,55;
2013-10-14;null;9,4;0;35,1;28,66;22,5;null;3,95;
2013-10-15;null;9,6;0;35,1;29,48;22,6;null;2,9;
2013-10-16;null;10,8;0;36,5;29,9;23,1;null;4,6;
2013-10-17;null;10,7;0;36,7;30,22;24,5;null;4,2;
2013-10-18;null;9,7;0;35,7;28,38;24;null;4,1;
2013-10-19;null;5,1;1,6;35,6;28,72;23,9;null;2,8;
2013-10-20;null;,6;21,4;28,4;24,22;21,8;null;1,75;
2013-10-21;null;8,7;0;33,8;27,5;21,8;null;1,6;
2013-10-22;null;5,4;0;35,6;28,04;23,4;null;2,15;
2013-10-23;null;10,9;0;36,1;29,48;23,6;null;2,31498;
2013-10-24;null;11;0;36;28,94;22,5;null;1,55;
2013-10-25;null;11,2;0;37,1;29,6;22,4;null;1,4;
2013-10-26;null;10,6;0;36,6;30,56;23,6;null;2,95;
2013-10-27;null;11,2;0;36,8;29,58;22,2;null;1,65;
2013-10-28;null;10,1;0;37,5;30,74;22,8;null;,5;
2013-10-29;null;11;0;37,1;31,3;24,7;null;3,45;
2013-10-30;null;11,1;0;35,6;29,48;24,7;null;2,82942;
2013-10-31;null;10,1;0;36,2;30,44;24,3;null;2,15;
2013-11-01;null;8,9;0;36,7;30,22;24,8;null;2,4;
2013-11-02;null;10,1;0;35,8;29,98;24;null;1,9;
2013-11-03;null;10,4;0;36,2;29,66;25;null;1,85;
2013-11-04;null;10,9;0;34,6;28,44;23,1;null;3,75;
2013-11-05;null;7,8;0;34,7;27,5;21,7;null;2,6;
2013-11-06;null;7,3;0;35,1;27,46;23;null;2,45;
2013-11-07;null;4;0;34,7;28,38;22,2;null;2,45;
2013-11-08;null;11,3;0;37,3;30,56;23,6;null;2,45;
2013-11-09;null;11;0;38,3;31,06;21,4;null;,5;
2013-11-10;null;4,4;0;35,9;30,58;25,2;null;2,55;
2013-11-11;null;6;0;33,2;28,38;23,9;null;2,3;
2013-11-12;null;10,5;0;36,5;29,28;21,4;null;2,3;
2013-11-13;null;10,2;0;36,7;30,68;24,4;null;2,05;
2013-11-14;null;9,9;,9;36,3;30,72;24,7;null;3,15;
2013-11-15;null;8,7;0;34,9;29,1;23;null;3,45;
2013-11-16;null;8,8;0;36;29,94;24;null;3,05;
2013-11-17;null;10,6;0;36,4;29,68;23,3;null;2,45;
2013-11-18;null;10;0;36,7;30,26;23,9;null;4,05;
2013-11-19;null;11,1;0;36,2;29,9;24;null;4,8;
2013-11-20;null;11,2;0;36;29,76;22,8;null;3,05;
2013-11-21;null;11,2;0;36,7;29,36;23;null;1,05;
2013-11-22;null;11,3;0;37,3;30,22;22,7;null;3,55;
2013-11-23;null;9,8;0;36,6;29,22;23,5;null;2,15;
2013-11-24;null;0;41,2;28;22,66;20,4;null;1,15;
2013-11-25;null;9,3;10,4;33;26,22;20,1;null;1,15;
2013-11-26;null;,2;8,1;27,2;24,16;22,7;null;1,15;
2013-11-27;null;2,9;3,9;33;25,96;22,3;null;1,4;
2013-11-28;null;0;67,2;24,6;22,14;20,1;null;1,4;
2013-11-29;null;2,4;6,6;30,6;25,04;20,5;null;,75;
2013-11-30;null;10,5;,4;33,1;27,98;21,4;null;2,2;
2013-12-01;null;11,3;0;35,1;27,86;19,3;null;1,5;
2013-12-02;null;11,4;0;35,2;27,94;20,9;null;,95;
2013-12-03;null;11,3;0;36,7;29,92;22,1;null;1,4;
2013-12-04;null;9,9;0;36,9;30,92;25,2;null;1,4;
2013-12-05;null;5,6;0;36;27,56;24;null;1,4;
2013-12-06;null;6,7;4,8;33,8;25,54;21,8;null;1,05;
2013-12-07;null;1,1;6;26,6;24,12;20,7;null;1,35;
2013-12-08;null;3,9;14,1;30,9;26,12;20,6;null;1,4;
2013-12-09;null;5,8;0;32;26,38;22,6;null;2,4;
2013-12-10;null;11,5;0;34,6;28,3;22,4;null;1,65;
2013-12-11;null;11,2;0;35,6;29,08;22,6;null;1,05;
2013-12-12;null;4,3;0;32;25,56;21,6;null;1,65;
2013-12-13;null;3,6;32,1;29;24,6;19,9;null;1,05;
2013-12-14;null;5;0;32,7;26,6;23;null;1,2;
2013-12-15;null;4,5;0;31,6;26,86;24;null;1;
2013-12-16;null;2,4;42,9;28,7;23,34;21;null;1,05;
2013-12-17;null;,9;14,4;29,2;23,48;21;null;1,8;
2013-12-18;null;null;50,1;23,8;22,1;20,7;null;1,8;
2013-12-19;null;null;14,2;25,3;22,48;20,9;null;1,3;
2013-12-20;null;null;43,2;26;23,08;20,9;null;1,65;
2013-12-21;null;null;18,6;24,8;23,3;21,6;null;2,25;
2013-12-22;null;null;40,2;24,4;22,26;20,8;null;1,3;
2013-12-23;null;null;21,7;29,9;24,96;21,2;null;,9;
2013-12-24;null;1,3;4,4;29,9;25,1;22,4;null;1,55;
2013-12-25;null;7,6;8,7;32,7;27,1;22,5;null;,85;
2013-12-26;null;7,6;0;32,7;27,94;22,4;null;1,4;
2013-12-27;null;3,7;4,2;31,6;25,6;23,2;null;1,1;
2013-12-28;null;2,5;,8;28,4;24,46;21,5;null;1,3;
2013-12-29;null;8,6;10;31,6;26,22;21,4;null;1,3;
2013-12-30;null;10,8;0;32,2;27,2;21,4;null;2,5;
2013-12-31;null;11,3;0;33,8;27,52;20,5;null;,6;
2014-01-01;null;10,8;0;34,1;27,72;20,2;null;1,5;
2014-01-02;null;11,2;0;34,9;28,46;20,6;null;1,25;
2014-01-03;null;1,1;0;33,6;26,68;21,1;null;2,05;
2014-01-04;null;11,5;4;34;28,24;23,2;null;1,1;
2014-01-05;null;10,3;0;34;26,54;21,7;null;,8;
2014-01-06;null;10,2;1,3;33,6;27,3;19;null;,75;
2014-01-07;null;11,6;0;34,1;27,04;18,6;null;1,3;
2014-01-08;null;10,7;0;33,8;26,42;20,7;null;,75;
2014-01-09;null;11,5;6,6;33,2;26,96;20,2;null;1,6;
2014-01-10;null;9,6;0;32,6;27;21;null;1,8;
2014-01-11;null;8,1;0;33,1;28,32;21,8;null;1,95;
2014-01-12;null;6,4;0;32,6;27,62;22,9;null;1,7;
2014-01-13;null;2,8;0;32,5;27,6;23;null;,85;
2014-01-14;null;8,6;0;33,1;27,92;21,6;null;1,25;
2014-01-15;null;6,4;0;33,3;26,2;22,9;null;1,1;
2014-01-16;null;11,3;1,1;34,6;28,14;20,3;null;1,65;
2014-01-17;null;11;0;34,6;27,98;21,6;null;3,2;
2014-01-18;null;10,9;0;35,1;28,04;22,1;null;1,7;
2014-01-19;null;9,8;0;34,6;28,56;22,3;null;1,05;
2014-01-20;null;8;0;34;28,46;23;null;4,25;
2014-01-21;null;3,1;4,2;31;27,18;23,2;null;2,05;
2014-01-22;null;9,8;0;34,2;27,72;21,4;null;1,5;
2014-01-23;null;7,4;0;34;27,5;20,9;null;1;
2014-01-24;null;7,2;0;33,3;27,68;22,9;null;1;
2014-01-25;null;7,9;0;33,6;26,74;23,4;null;1,45;
2014-01-26;null;10,2;13,4;33,1;27,52;22,6;null;2,8;
2014-01-27;null;10,5;0;34,2;27,78;21,5;null;4,05;
2014-01-28;null;9,2;0;33,5;27,3;21,6;null;1,15;
2014-01-29;null;8,6;0;34,4;28,22;22,3;null;1,9;
2014-01-30;null;9,9;0;34,8;28,02;21,2;null;,6;
2014-01-31;null;9,6;0;33,8;27,72;21,3;null;1,15;
2014-02-01;null;9,8;0;33,8;27,24;20,7;null;1,4;
2014-02-02;null;11;0;35,2;28,28;20,6;null;1,1;
2014-02-03;null;11;0;35,2;28,74;21,5;null;1,4;
2014-02-04;null;9,8;0;36;28,18;20,2;null;1,6;
2014-02-05;null;7,2;0;33,2;27,68;22,6;null;2,35;
2014-02-06;null;10,3;2,4;33,8;27,82;21;null;2,05;
2014-02-07;null;7,8;0;34;27,46;20,2;null;2,8;
2014-02-08;null;9,5;0;34;28,64;23,5;null;1,2;
2014-02-09;null;9,1;0;33,7;27,96;23,2;null;1,5;
2014-02-10;null;10,2;0;35,2;28,42;19,7;null;1,95;
2014-02-11;null;10,3;0;35,5;28,36;21,4;null;1,4;
2014-02-12;null;10,4;0;35,9;28,94;21,8;null;1,95;
2014-02-13;null;9,1;0;34,8;29,52;24;null;,95;
2014-02-14;null;8,2;0;34,8;29,3;24,6;null;2,75;
2014-02-15;null;1,4;0;30;25,68;23,3;null;1,5;
2014-02-16;null;0;19,4;28,6;24,56;22,8;null;null;
2014-02-17;null;2,3;13;29,9;23,98;19,4;null;null;
2014-02-18;null;,7;7,8;30;24,02;17,9;null;null;
2014-02-19;null;1,3;8,3;27,6;24,28;21,6;null;null;
2014-02-20;null;2,6;0;31,5;25,5;21,8;null;null;
2014-02-21;null;7;0;33,3;26,4;23;null;null;
2014-02-22;null;6,8;1,3;32,7;27,46;22,4;null;null;
2014-02-23;null;10,5;0;33,8;27,38;21,6;null;null;
2014-02-24;null;10,4;0;35;26,92;20,3;null;null;
2014-02-25;null;10,6;1;33,9;27,46;20,7;null;null;
2014-02-26;null;9,7;0;33,2;27,52;22,2;null;null;
2014-02-27;null;1,3;0;28,4;25,46;22,9;null;null;
2014-02-28;null;6;0;33,2;25,1;21,8;null;null;
2014-03-01;null;null;null;null;null;null;null;null;
2014-03-02;null;null;null;null;null;null;null;null;
2014-03-03;null;null;null;null;null;null;null;null;
2014-03-04;null;null;null;null;null;null;null;null;
2014-03-05;null;null;null;null;null;null;null;null;
2014-03-06;null;null;null;null;null;null;null;null;
2014-03-07;null;null;null;null;null;null;null;null;
2014-03-08;null;null;null;null;null;null;null;null;
2014-03-09;null;null;null;null;null;null;null;null;
2014-03-10;null;null;null;null;null;null;null;null;
2014-03-11;null;null;null;null;null;null;null;null;
2014-03-12;null;null;null;null;null;null;null;null;
2014-03-13;null;null;null;null;null;null;null;null;
2014-03-14;null;null;null;null;null;null;null;null;
2014-03-15;null;null;null;null;null;null;null;null;
2014-03-16;null;null;null;null;null;null;null;null;
2014-03-17;null;null;null;null;null;null;null;null;
2014-03-18;null;null;null;null;null;null;null;null;
2014-03-19;null;null;null;null;null;null;null;null;
2014-03-20;null;null;null;null;null;null;null;null;
2014-03-21;null;null;null;null;null;null;null;null;
2014-03-22;null;null;null;null;null;null;null;null;
2014-03-23;null;null;null;null;null;null;null;null;
2014-03-24;null;null;null;null;null;null;null;null;
2014-03-25;null;null;null;null;null;null;null;null;
2014-03-26;null;null;null;null;null;null;null;null;
2014-03-27;null;null;null;null;null;null;null;null;
2014-03-28;null;null;null;null;null;null;null;null;
2014-03-29;null;null;null;null;null;null;null;null;
2014-03-30;null;null;null;null;null;null;null;null;
2014-03-31;null;null;0;34,6;27,54;19,2;null;null;
2014-04-01;null;10,5;0;34,8;27,56;21,5;null;null;
2014-04-02;null;10,5;0;33,4;28,26;22,1;null;null;
2014-04-03;null;10,5;0;34,4;28,6;22,6;null;null;
2014-04-04;null;10,5;0;34,6;28,82;22,9;null;null;
2014-04-05;null;9,6;24,6;32,8;27,12;21,7;null;null;
2014-04-06;null;10,6;0;34,2;27,78;23,4;null;null;
2014-04-07;null;6,7;4,6;32,6;26,86;22,6;null;null;
2014-04-08;null;6,9;0;31,1;26,38;22,7;null;null;
2014-04-09;null;6,9;0;31,2;26,46;23,3;null;null;
2014-04-10;null;3,2;43,8;30,4;24,38;21,6;null;null;
2014-04-11;null;7,5;,5;31,3;25,28;21,1;null;null;
2014-04-12;null;8,3;12,2;32,1;26,66;22,3;null;null;
2014-04-13;null;10,7;0;33,4;26,86;20,7;null;null;
2014-04-14;null;9,1;0;33,1;26,76;21,2;null;null;
2014-04-15;null;10,5;0;33,4;27,2;21,8;null;null;
2014-04-16;null;11;0;33,4;26,84;19,9;null;null;
2014-04-17;null;9,1;0;31,9;25,62;19,2;null;null;
2014-04-18;null;11;0;33,8;26,22;18,8;null;null;
2014-04-19;null;11,1;0;34,5;27,88;20,2;null;null;
2014-04-20;null;1,1;0;33,9;28,94;23,6;null;null;
2014-04-21;null;10,4;0;34,2;28,22;21,6;null;null;
2014-04-22;null;11;0;34,2;27,92;22,9;null;null;
2014-04-23;null;11;0;34,2;26,68;19,1;null;null;
2014-04-24;null;10,2;0;33,5;26,94;20,3;null;null;
2014-04-25;null;10,8;0;35,6;28,34;21,2;null;null;
2014-04-26;null;3;8,8;29,2;25,04;21,3;null;null;
2014-04-27;null;1,5;,7;28,8;23,7;21,4;null;null;
2014-04-28;null;9,9;2,1;30,7;25,22;20,2;null;null;
2014-04-29;null;10,7;0;30,6;24,02;18,2;null;null;
2014-04-30;null;9,4;0;30,2;23,94;17,4;null;null;
2014-05-01;null;9,7;0;30,5;24,64;18,7;null;null;
2014-05-02;null;10,4;0;33,5;26,26;19,2;null;null;
2014-05-03;null;7,2;0;31,7;25,72;19,8;null;null;
2014-05-04;null;null;0;33,2;26,44;21,5;null;null;
2014-05-05;null;10,9;0;31,7;25,12;18,2;null;null;
2014-05-06;null;10,6;0;32,6;24,82;16,6;null;null;
2014-05-07;null;10,4;0;33,2;26,52;19,7;null;null;
2014-05-08;null;9,6;0;32,7;26,28;21,3;null;null;
2014-05-09;null;10,7;0;32,6;25,52;17,5;null;null;
2014-05-10;null;8,1;0;34,7;28,24;22,5;null;null;
2014-05-11;null;4,5;7;30;25,24;22,5;null;null;
2014-05-12;null;6,9;2,6;29,6;24,4;21,2;null;null;
2014-05-13;null;10,8;0;30,8;24,34;17,6;null;null;
2014-05-14;null;10,9;0;32,3;24,58;17,4;null;null;
2014-05-15;null;10,9;0;33,6;25,94;18,5;null;null;
2014-05-16;null;10;0;33,2;26,68;19,8;null;null;
2014-05-17;null;6,3;0;32,8;27,84;22,3;null;null;
2014-05-18;null;10,5;0;33,1;26,96;20,7;null;null;
2014-05-19;null;10,4;0;33,8;27,76;20,7;null;null;
2014-05-20;null;10,2;0;32,4;26,04;20,2;null;null;
2014-05-21;null;10,6;0;32,1;25,5;18,4;null;null;
2014-05-22;null;9,4;0;34,4;27,22;18,6;null;null;
2014-05-23;null;9,1;0;34,8;28,06;23,3;null;null;
2014-05-24;null;8,9;0;35,1;27,76;22,3;null;null;
2014-05-25;null;7,6;13,4;33,6;27,36;22,3;null;null;
2014-05-26;null;9,6;0;33,9;26,62;20,6;null;null;
2014-05-27;null;10,6;0;33,7;null;null;null;null;
2014-05-28;null;10,6;0;34,4;25,84;17,7;null;null;
2014-05-29;null;10,6;0;33,5;26,02;17,4;null;null;
2014-05-30;null;6,5;0;31,8;25,98;20;null;null;
2014-05-31;null;9,7;0;31,2;25,08;18,7;null;null;
2014-06-01;null;10,5;0;33,4;25,16;17,1;null;null;
2014-06-02;null;10,4;0;32,8;25,78;18,9;null;null;
2014-06-03;null;10,5;0;34,3;26,32;18,5;null;null;
2014-06-04;null;10,5;0;34;26,82;18,8;null;null;
2014-06-05;null;10,6;0;34,1;26,36;19,5;null;null;
2014-06-06;null;10,6;0;33,2;26,46;19,8;null;null;
2014-06-07;null;10,3;0;32,9;25,76;18,6;null;null;
2014-06-08;null;10,6;0;32,8;24,58;16,8;null;null;
2014-06-09;null;10,6;0;33,8;25,28;16,5;null;null;
2014-06-10;null;10,7;0;33,1;25,38;17,8;null;null;
2014-06-11;null;10,6;0;31,5;24,72;17,9;null;null;
2014-06-12;null;8,8;0;32,1;25,78;20,2;null;null;
2014-06-13;null;5,8;0;31,2;25,76;22,3;null;null;
2014-06-14;null;8,9;0;32,2;24,46;15,9;null;null;
2014-06-15;null;10,7;0;32,6;24,58;16,4;null;null;
2014-06-16;null;10,4;0;31,9;24,26;15,5;null;null;
2014-06-17;null;7,6;0;30,9;25,42;19,5;null;null;
2014-06-18;null;8,8;0;33,6;25,7;17,9;null;null;
2014-06-19;null;9,2;0;33,6;26,1;18,2;null;null;
2014-06-20;null;9,6;0;32,9;25,14;18,1;null;null;
2014-06-21;null;10,5;0;33,2;24,68;15,7;null;null;
2014-06-22;null;10,3;0;32,6;24,72;16,3;null;null;
2014-06-23;null;5,3;0;29,8;24,86;21,5;null;null;
2014-06-24;null;10,2;0;32,6;24,32;15,5;null;null;
2014-06-25;null;10,3;0;32,6;24,3;16,2;null;null;
2014-06-26;null;10,5;0;32,4;24,2;15,5;null;null;
2014-06-27;null;10,4;0;33,1;25,18;15,5;null;null;
2014-06-28;null;10,3;0;33,8;25,92;18;null;null;
2014-06-29;null;9,1;0;33,8;25,52;16,2;null;null;
2014-06-30;null;10,4;0;33,7;26,24;18,4;null;null;
2014-07-01;null;10;0;35;26,44;17,9;null;null;
2014-07-02;null;10,4;0;34,5;25,12;16,9;null;null;
2014-07-03;null;10,5;0;33,5;25,28;16,6;null;null;
2014-07-04;null;10,5;0;33,1;24,6;16,4;null;null;
2014-07-05;null;10,7;0;31,2;23,54;15;null;null;
2014-07-06;null;10;0;31,1;25;18,4;null;null;
2014-07-07;null;10,6;0;31,8;23,78;15,2;null;null;
2014-07-08;null;10,3;0;32,1;null;24;null;null;
2014-07-09;null;10,6;0;33,2;25,26;16,7;null;null;
2014-07-10;null;10,6;0;32,9;25,04;17,2;null;null;
2014-07-11;null;9,5;0;33,4;25,44;17,1;null;null;
2014-07-12;null;9;0;33,8;25,56;17,6;null;null;
2014-07-13;null;9,3;0;32,8;24,92;16,6;null;null;
2014-07-14;null;9,6;0;31;24,08;16,4;null;null;
2014-07-15;null;9,4;0;32,6;24,5;16,4;null;null;
2014-07-16;null;9,7;0;32,7;25,46;17,7;null;null;
2014-07-17;null;8;0;32,7;25,98;21,1;null;null;
2014-07-18;null;10,7;0;34,2;26,12;19,1;null;null;
2014-07-19;null;10,6;0;33,8;26,44;17,4;null;null;
2014-07-20;null;9,6;0;34,1;27,26;19,3;null;null;
2014-07-21;null;10,7;0;32,2;26,22;20,7;null;null;
2014-07-22;null;10,9;0;31,8;25,2;19,5;null;null;
2014-07-23;null;9,7;0;30,9;25,26;19,7;null;null;
2014-07-24;null;9,4;0;31,1;25,1;18,1;null;null;
2014-07-25;null;10,3;0;31,5;25,52;19,7;null;null;
2014-07-26;null;10,8;0;32,8;26;17,7;null;null;
2014-07-27;null;10,8;0;33,8;25,64;17,1;null;null;
2014-07-28;null;3,6;0;33,2;26,18;19,3;null;null;
2014-07-29;null;10;0;31,7;25,14;18,1;null;null;
2014-07-30;null;8,1;0;31,3;25,08;19,8;null;null;
2014-07-31;null;8,2;0;30,2;24,02;18,4;null;null;
2014-08-01;null;9,8;0;31,9;25,28;18,2;null;null;
2014-08-02;null;10,3;0;33,8;25,66;17,4;null;null;
2014-08-03;null;10,7;0;34,2;26,32;17,9;null;null;
2014-08-04;null;10,8;0;36,2;27,14;18;null;null;
2014-08-05;null;9;0;36,5;27,46;18,7;null;0;
2014-08-06;null;10,5;0;33,2;26,34;21;null;null;
2014-08-07;null;10,9;0;31,4;24,36;16,1;null;null;
2014-08-08;null;10,9;0;33;24,88;15,5;null;null;
2014-08-09;null;10,9;0;32,8;25,06;16,5;null;null;
2014-08-10;null;11;0;32,4;25,46;18;null;null;
2014-08-11;null;11;0;33,5;25,28;15,6;null;null;
2014-08-12;null;11;0;33,4;25,28;18,4;null;null;
2014-08-13;null;11;0;33,9;24,8;14,7;null;null;
2014-08-14;null;10,9;0;33,4;25,54;16,6;null;null;
2014-08-15;null;10,5;0;32;25,58;20,2;null;null;
2014-08-16;null;10,8;0;31,7;24,06;14,9;null;null;
2014-08-17;null;6,4;0;30,8;25,56;20,4;null;null;
2014-08-18;null;10,7;0;33;25,2;17,9;null;null;
2014-08-19;null;11,1;0;33,5;24,8;15,6;null;null;
2014-08-20;null;11,1;0;32,8;25,64;17,9;null;null;
2014-08-21;null;10,4;0;32,6;25,72;19,6;null;null;
2014-08-22;null;11,1;0;33,2;24,72;15,3;null;null;
2014-08-23;null;11,2;0;33,4;25,94;19,8;null;null;
2014-08-24;null;11,1;0;33,6;26,76;19;null;null;
2014-08-25;null;11;0;34,7;27,04;18,8;null;null;
2014-08-26;null;11,1;0;34,6;27,44;20,2;null;null;
2014-08-27;null;10,9;0;34,5;27,2;20,7;null;null;
2014-08-28;null;10,8;0;37;27,78;17,8;null;null;
2014-08-29;null;10;0;38;29,34;19,9;null;null;
2014-08-30;null;10,5;0;37;28,76;null;null;null;
2014-08-31;null;10,8;0;34,6;27,5;21,4;null;null;
2014-09-01;null;10,9;0;35;27,02;19,1;null;null;
2014-09-02;null;10,9;0;37,5;27,92;17,3;null;null;
2014-09-03;null;10,6;0;38,7;29,24;19;null;null;
2014-09-04;null;9,2;0;37,5;30,58;22,9;null;null;
2014-09-05;null;4,5;0;33,4;27,36;24,2;null;null;
2014-09-06;null;8,1;0;32,5;26,2;21,4;null;null;
2014-09-07;null;10,7;0;31,9;24,98;17,7;null;null;
2014-09-08;null;10,6;0;33,5;25,9;16,2;null;0;
2014-09-09;null;10,6;0;34,4;26,94;19,4;null;null;
2014-09-10;null;10,4;0;34,3;27,1;19,7;null;null;
2014-09-11;null;10,6;0;34,5;27,22;18,9;null;null;
2014-09-12;null;9,5;0;33,2;26,96;21,1;null;null;
2014-09-13;null;10,5;0;35,2;27,8;19,8;null;null;
2014-09-14;null;10,4;0;35,2;27,86;20,3;null;null;
2014-09-15;null;10,5;0;34,4;26,5;19,7;null;null;
2014-09-16;null;10,5;0;35,6;27,46;17,7;null;null;
2014-09-17;null;10,2;0;37,3;29,34;19,9;null;null;
2014-09-18;null;10,3;0;34,8;27,52;21,4;null;null;
2014-09-19;null;10,3;0;34,4;26,92;19,3;null;null;
2014-09-20;null;10,3;0;35,9;28,58;20,5;null;null;
2014-09-21;null;10,5;0;38,3;29,84;19,6;null;null;
2014-09-22;null;10,6;0;38,7;30,6;21,1;null;null;
2014-09-23;null;10;0;35,6;28,62;23,4;null;null;
2014-09-24;null;9,8;0;35,2;28,22;22,6;null;null;
2014-09-25;null;9,2;0;35,9;29,32;21,3;null;null;
2014-09-26;null;10,5;0;35,8;28,96;21,2;null;null;
2014-09-27;null;10,9;0;35,6;29,36;22,5;null;null;
2014-09-28;null;10,8;0;36,7;29,8;22,9;null;null;
2014-09-29;null;10,7;0;36,7;29,94;23,3;null;null;
2014-09-30;null;10,6;0;37,8;30,56;23,9;null;null;
2014-10-01;null;10,2;null;36,7;30,08;24,8;null;null;
2014-10-02;null;7,2;0;35,3;28,76;24;null;null;
2014-10-03;null;10,6;null;35;28,42;23,4;null;null;
2014-10-04;null;9,9;null;33,2;27,28;22,6;null;null;
2014-10-05;null;10,9;null;34,1;26,92;19,9;null;null;
2014-10-06;null;10,7;null;33,6;26,84;19,9;null;null;
2014-10-07;null;9,6;0;33,4;26,76;19,5;null;null;
2014-10-08;null;10,7;0;35;28,1;20,5;null;null;
2014-10-09;null;10,8;0;35,2;28,48;21,2;null;null;
2014-10-10;null;10,7;0;35,8;29,06;22,4;null;null;
2014-10-11;null;6,9;0;34,7;28,56;21,4;null;null;
2014-10-12;null;9,6;0;36,1;29,44;22,9;null;null;
2014-10-13;null;10,6;0;36;28,92;23,5;null;null;
2014-10-14;null;10,6;0;36,1;28,7;22,6;null;null;
2014-10-15;null;9,5;0;37,5;29,18;19,4;null;null;
2014-10-16;null;10,7;0;37;27,98;16,5;null;null;
2014-10-17;null;8,2;0;35,4;28,38;21,5;null;null;
2014-10-18;null;10,4;0;37,2;30,7;24,3;null;null;
2014-10-19;null;10,4;0;38,2;31,46;22,7;null;null;
2014-10-20;null;11;0;38,9;31,28;22,7;null;null;
2014-10-21;null;1,1;0;32,8;27,46;24,9;null;null;
2014-10-22;null;10,1;0;35,2;28,92;23,6;null;null;
2014-10-23;null;10,8;0;36,1;28,84;20,7;null;null;
2014-10-24;null;8,4;0;35,2;27,56;19,1;null;null;
2014-10-25;null;10,4;0;36,2;29,24;22,3;null;null;
2014-10-26;null;8,6;0;36,7;30,3;24,5;null;null;
2014-10-27;null;9,4;0;36,9;30,26;21,6;null;null;
2014-10-28;null;7,5;0;37,6;31,02;24,8;null;null;
2014-10-29;null;2,2;0;32,6;25,9;22,3;null;null;
2014-10-30;null;4,9;2,4;34;27,46;21,8;null;null;
2014-10-31;null;10,7;0;35,8;29,4;24,7;null;null;
2014-11-01;null;10,3;0;36,7;29,64;22,6;null;null;
2014-11-02;null;10,3;0;38,2;30,5;22,8;null;null;
2014-11-03;null;9,6;0;36;27,88;23,1;null;null;
2014-11-04;null;11;0;35,4;28,16;21,2;null;null;
2014-11-05;null;11,1;0;36,2;29,96;23,4;null;null;
2014-11-06;null;6,4;0;36,2;30,02;24,9;null;null;
2014-11-07;null;11,1;0;37,1;30,54;23,9;null;null;
2014-11-08;null;11;0;38,1;31,44;23,9;null;null;
2014-11-09;null;6,9;5,7;36,3;29,28;25,3;null;null;
2014-11-10;null;9,4;0;37,2;28,6;23,9;null;null;
2014-11-11;null;9,3;0;36,6;29,46;22,4;null;null;
2014-11-12;null;2,2;1,6;32,3;25,2;22,9;null;null;
2014-11-13;null;6,9;1,4;34,1;27,46;22,8;null;null;
2014-11-14;null;2,4;10,6;31,5;25,68;23,2;null;null;
2014-11-15;null;9,4;2,3;36,2;27,22;22,1;null;null;
2014-11-16;null;0;1,6;28,2;24,86;23,8;null;null;
2014-11-17;null;2,8;1,6;30,6;24,28;21,7;null;null;
2014-11-18;null;0;57,5;24,4;22,42;20,7;null;null;
2014-11-19;null;2,8;4,4;29,8;24,74;21,2;null;null;
2014-11-20;null;8,8;0;33,4;27,4;21,6;null;null;
2014-11-21;null;9,9;0;33,8;27,92;21,7;null;null;
2014-11-22;null;10,7;0;34,2;28,3;23,7;null;null;
2014-11-23;null;10,4;0;34,6;28,82;23,4;null;null;
2014-11-24;null;9;0;34,8;28,52;21,2;null;null;
2014-11-25;null;11;0;35,3;28,7;22,3;null;null;
2014-11-26;null;6,8;0;33,6;27,5;22,8;null;null;
2014-11-27;null;11,1;0;35,5;28,52;21,3;null;null;
2014-11-28;null;11,1;0;36,5;29,64;21,4;null;null;
2014-11-29;null;9,2;0;37,3;29,74;21,4;null;null;
2014-11-30;null;11,4;0;36,3;28,84;23,6;null;null;
2014-12-01;null;8,5;0;35,1;27,96;20,4;null;null;
2014-12-02;null;7,8;0;34,4;27,54;22,2;null;null;
2014-12-03;null;10,4;0;35,3;27,5;18,4;null;null;
2014-12-04;null;8,3;0;36,1;null;null;null;null;
2014-12-05;null;6,8;0;34,3;27,56;21,5;null;null;
2014-12-06;null;4,7;0;32,7;26,44;22,5;null;null;
2014-12-07;null;3,9;29,4;31,6;24,66;21,4;null;null;
2014-12-08;null;6,7;14;32;25,96;21,8;null;null;
2014-12-09;null;9,9;0;34,4;28;22,6;null;null;
2014-12-10;null;6,8;0;32,4;27,38;22,9;null;null;
2014-12-11;null;2,2;0;33,4;null;25,7;null;null;
2014-12-12;null;7,7;1,2;34,6;27,6;22,8;null;null;
2014-12-13;null;4;0;33,6;26,98;22,6;null;null;
2014-12-14;null;1,9;,7;31,2;25,58;23,1;null;null;
2014-12-15;null;4,8;0;32,2;25,6;22,6;null;null;
2014-12-16;null;5,3;2;33,1;26,22;20,7;null;null;
2014-12-17;null;0;8,5;28;23,3;21,1;null;null;
2014-12-18;null;4;14,6;30,2;25,22;21,4;null;null;
2014-12-19;null;4;6,3;30,6;24,32;21,7;null;null;
2014-12-20;null;2,7;45;31,7;25,14;21,1;null;null;
2014-12-21;null;4,2;0;31,8;26,34;22,6;null;null;
2014-12-22;null;5,4;0;32,2;26,04;21,5;null;null;
2014-12-23;null;9,6;,5;33,3;26,84;21,2;null;null;
2014-12-24;null;8,3;0;33,6;27,6;21,7;null;null;
2014-12-25;null;10,1;0;33,8;27,6;22,8;null;null;
2014-12-26;null;10,8;0;34,6;27,48;22,1;null;null;
2014-12-27;null;10,7;0;33,6;27,44;21,1;null;null;
2014-12-28;null;11;0;34,2;27,6;19,6;null;null;
2014-12-29;null;11;0;36,4;28,6;20,2;null;null;
2014-12-30;null;10,3;0;36,6;29,72;21,5;null;null;
2014-12-31;null;10,6;0;35,9;29,54;22,3;null;null;
2015-01-01;null;11;0;35,9;28,1;19,7;null;null;
2015-01-02;null;10,4;0;36,4;28,5;19,2;null;null;
2015-01-03;null;10,7;0;36,6;29,48;21,1;null;null;
2015-01-04;null;10,3;0;34,9;29,86;23,3;null;null;
2015-01-05;null;10,9;0;34,7;28,62;23,7;null;null;
2015-01-06;null;10,6;0;36;28,02;20,7;null;null;
2015-01-07;null;9,6;0;35,2;28,88;21,5;null;null;
2015-01-08;null;9,4;0;35;null;null;null;null;
2015-01-09;null;10,9;0;35,4;29,1;23,2;null;null;
2015-01-10;null;9,6;0;36,5;28,68;22,9;null;null;
2015-01-11;null;10,1;2,4;37;30,38;23,3;null;null;
2015-01-12;null;9,8;0;35,4;29,3;24,2;null;null;
2015-01-13;null;,8;0;32,2;27,14;23;null;null;
2015-01-14;null;5,9;0;34,4;27,52;19,5;null;null;
2015-01-15;null;9,4;0;36;null;null;null;null;
2015-01-16;null;7,5;0;36,2;29,1;23,9;null;null;
2015-01-17;null;9,7;1;35,9;29,46;21,1;null;null;
2015-01-18;null;7,4;0;35,8;29,62;22,6;null;null;
2015-01-19;null;8,3;0;36,7;30,1;24,4;null;null;
2015-01-20;null;10,4;0;37,5;29,16;24,2;null;null;
2015-01-21;null;8,5;2,5;35,8;28,82;21,6;null;null;
2015-01-22;null;7;0;33,8;26,54;23,4;null;null;
2015-01-23;null;2,8;1,8;34,2;26,62;21,8;null;null;
2015-01-24;null;7,5;0;35,2;29,34;22,6;null;null;
2015-01-25;null;5,2;0;34;28,3;23,4;null;null;
2015-01-26;null;2,9;3,4;31,3;24,82;21,1;null;null;
2015-01-27;null;10;0;36,9;28,36;20,2;null;null;
2015-01-28;null;9,8;0;38,2;28,92;19,9;null;null;
2015-01-29;null;11,2;0;38,3;29,76;21,6;null;null;
2015-01-30;null;11;0;38,5;29,46;20,5;null;null;
2015-01-31;null;7,5;0;37,3;30,26;22,6;null;null;
2015-02-01;null;9,3;0;37;29,44;23,9;null;null;
2015-02-02;null;7,6;3,9;36,2;29,58;24,3;null;null;
2015-02-03;null;,3;2,6;31,1;25,34;22,5;null;null;
2015-02-04;null;1,8;,9;31,6;24,2;21,7;null;null;
2015-02-05;null;6,7;4,9;32,4;25,38;21,1;null;null;
2015-02-06;null;1,7;2;30,4;25,44;22,1;null;null;
2015-02-07;null;3,4;,5;32,9;25,46;21,7;null;null;
2015-02-08;null;,7;15,8;29,7;25,1;20,3;null;null;
2015-02-09;null;7;0;34,3;27,6;22,1;null;null;
2015-02-10;null;11;0;35,8;27,82;21,2;null;null;
2015-02-11;null;10,6;0;36,4;28,62;20,8;null;null;
2015-02-12;null;10,2;0;36,4;28,92;22,1;null;null;
2015-02-13;null;9,1;0;35,6;28,74;22,3;null;null;
2015-02-14;null;2,2;0;33,1;28,08;23,3;null;null;
2015-02-15;null;9,1;0;36;28,98;21,5;null;null;
2015-02-16;null;9,7;0;36,7;29,12;23,6;null;null;
2015-02-17;null;9,2;0;35,4;29,48;24,3;null;null;
2015-02-18;null;4,7;0;33,9;28,78;24,6;null;null;
2015-02-19;null;3,7;0;33,9;27,74;24,7;null;null;
2015-02-20;null;3,1;0;30,8;26,16;21,2;null;null;
2015-02-21;null;10,6;0;35;26,86;21,4;null;null;
2015-02-22;null;4,4;1,3;30,9;24,8;20,4;null;null;
2015-02-23;null;,6;2,1;29,8;24,12;21;null;null;
2015-02-24;null;,8;20,7;28,8;23,46;19,7;null;null;
2015-02-25;null;10,5;1,7;33,6;27,14;20,2;null;null;
2015-02-26;null;9,7;0;34,8;28,22;21,3;null;null;
2015-02-27;null;5,3;0;34,6;26,68;22,6;null;null;
2015-02-28;null;6,6;9,4;35;26,84;22,5;null;null;
2015-03-01;null;null;null;null;null;null;null;null;
2015-03-02;null;null;null;null;null;null;null;null;
2015-03-03;null;null;null;null;null;null;null;null;
2015-03-04;null;null;null;null;null;null;null;null;
2015-03-05;null;null;null;null;null;null;null;null;
2015-03-06;null;null;null;null;null;null;null;null;
2015-03-07;null;null;null;null;null;null;null;null;
2015-03-08;null;null;null;null;null;null;null;null;
2015-03-09;null;null;null;null;null;null;null;null;
2015-03-10;null;null;null;null;null;null;null;null;
2015-03-11;null;null;null;null;null;null;null;null;
2015-03-12;null;null;null;null;null;null;null;null;
2015-03-13;null;null;null;null;null;null;null;null;
2015-03-14;null;null;null;null;null;null;null;null;
2015-03-15;null;null;null;null;null;null;null;null;
2015-03-16;null;null;null;null;null;null;null;null;
2015-03-17;null;null;null;null;null;null;null;null;
2015-03-18;null;null;null;null;null;null;null;null;
2015-03-19;null;null;null;null;null;null;null;null;
2015-03-20;null;null;null;null;null;null;null;null;
2015-03-21;null;null;null;null;null;null;null;null;
2015-03-22;null;null;null;null;null;null;null;null;
2015-03-23;null;null;null;null;null;null;null;null;
2015-03-24;null;null;null;null;null;null;null;null;
2015-03-25;null;null;null;null;null;null;null;null;
2015-03-26;null;null;null;null;null;null;null;null;
2015-03-27;null;null;null;null;null;null;null;null;
2015-03-28;null;null;null;null;null;null;null;null;
2015-03-29;null;null;null;null;null;null;null;null;
2015-03-30;null;null;null;null;null;null;null;null;
2015-03-31;null;9;0;35,4;28,74;19,2;null;null;
2015-04-01;null;10,5;0;36,1;28,88;22,7;null;null;
2015-04-02;null;10,6;0;36,5;28,5;21,2;null;null;
2015-04-03;null;1,3;0;36,2;29,42;23,2;null;null;
2015-04-04;null;10,3;0;36;29,48;22,6;null;null;
2015-04-05;null;5,7;0;33,8;27,82;23,6;null;null;
2015-04-06;null;7,5;1,5;33,4;27,24;23,6;null;null;
2015-04-07;null;5,6;4,6;32,4;26,5;22,8;null;null;
2015-04-08;null;4,6;3,2;31,4;25,5;22,3;null;null;
2015-04-09;null;9,6;2,8;33,1;27,32;22,4;null;null;
2015-04-10;null;10,9;0;35;27,74;20,7;null;null;
2015-04-11;null;3,3;0;33;26,9;23,4;null;null;
2015-04-12;null;9,8;0;34,2;28,46;21,3;null;null;
2015-04-13;null;10,2;0;30,3;27,5;21;null;null;
2015-04-14;null;10,5;0;35,4;28,9;23,4;null;null;
2015-04-15;null;8,6;0;35,3;28,62;23,7;null;null;
2015-04-16;null;7,9;0;35,1;29;23,8;null;null;
2015-04-17;null;10,6;0;36,6;29;22,1;null;null;
2015-04-18;null;10,9;0;37,1;29,6;23;null;null;
2015-04-19;null;10,7;0;36,9;29,58;21,6;null;null;
2015-04-20;null;10;0;35,5;29,68;24,6;null;null;
2015-04-21;null;9,7;0;35,1;28,3;24,4;null;null;
2015-04-22;null;9,4;0;35,8;28,1;23,7;null;null;
2015-04-23;null;10,7;4,6;35,3;28,66;23,3;null;null;
2015-04-24;null;8,9;1,1;35,3;27,28;23,1;null;null;
2015-04-25;null;9,9;3,4;34,8;28,4;22,8;null;null;
2015-04-26;null;2,6;27,2;30,3;26,26;22,9;null;null;
2015-04-27;null;7,2;27,2;31,7;24,82;21,7;null;null;
2015-04-28;null;7,4;3;31,7;25,86;22,2;null;null;
2015-04-29;null;6,7;0;33;26,46;22,9;null;null;
2015-04-30;null;3,3;0;30,9;25,76;22,5;null;null;
2015-05-01;null;2,1;,9;29,7;24,02;21,7;null;null;
2015-05-02;null;2,3;13;30;24,38;21,2;null;null;
2015-05-03;null;9,2;0;33;26,2;20,9;null;null;
2015-05-04;null;9,7;0;33,6;26,88;20,3;null;null;
2015-05-05;null;10,7;0;34;26,7;20,2;null;null;
2015-05-06;null;10,9;0;33,8;27,1;20,6;null;null;
2015-05-07;null;10,9;0;34,6;27,54;20,6;null;null;
2015-05-08;null;9,9;0;35,2;27,8;21,7;null;null;
2015-05-09;null;10,1;0;33,8;27,44;21,7;null;null;
2015-05-10;null;10,6;0;33,4;27,32;20,4;null;null;
2015-05-11;null;10,9;0;34,6;27,3;20,1;null;null;
2015-05-12;null;8,9;0;35;28,04;21,4;null;null;
2015-05-13;null;8,8;4,6;35,4;27,98;23,5;null;null;
2015-05-14;null;10,6;0;34,2;26,98;20,5;null;null;
2015-05-15;null;4,9;0;29,9;25,18;21,2;null;null;
2015-05-16;null;8,5;0;32,6;27,02;20,8;null;null;
2015-05-17;null;5,1;0;31,2;25,96;22,3;null;null;
2015-05-18;null;6,6;1,1;31,9;26,16;22,8;null;null;
2015-05-19;null;7,2;0;33,9;26,28;20,6;null;null;
2015-05-20;null;9;0;34,1;27,88;23,2;null;null;
2015-05-21;null;6;0;32,4;26,28;19,7;null;null;
2015-05-22;null;10,1;0;32,6;26,44;22,2;null;null;
2015-05-23;null;9,3;0;null;25,96;18,7;null;null;
2015-05-24;null;8,9;0;34,4;26,6;18,6;null;null;
2015-05-25;null;10,5;0;35,6;27,3;19,1;null;null;
2015-05-26;null;10;0;36;27,54;19,8;null;null;
2015-05-27;null;5,6;0;33,5;27,74;22,9;null;null;
2015-05-28;null;7;0;34;24,14;6;null;null;
2015-05-29;null;10;0;34,9;26,64;18,8;null;null;
2015-05-30;null;10,1;0;36,9;28,48;18,5;null;null;
2015-05-31;null;1,8;0;35,2;27,58;19,7;null;null;
2015-06-01;null;9,2;0;34,8;27;20;null;null;
2015-06-02;null;9,9;0;34,9;26,64;18,3;null;null;
2015-06-03;null;9,9;0;34,7;27,6;21,8;null;null;
2015-06-04;null;9,3;0;33,8;25,82;18,2;null;null;
2015-06-05;null;10,4;0;32,8;26,46;21,5;null;null;
2015-06-06;null;9,3;0;33;25,98;18,6;null;null;
2015-06-07;null;,9;0;30,6;25,92;22,1;null;null;
2015-06-08;null;,6;0;29,3;25,36;21,8;null;null;
2015-06-09;null;8,4;0;32,4;26,56;20,8;null;null;
2015-06-10;null;8,5;0;null;26,88;19,7;null;null;
2015-06-11;null;6,7;0;33,2;26,42;20,1;null;null;
2015-06-12;null;9;0;35,6;27,2;20,6;null;null;
2015-06-13;null;9,9;0;34,6;26,86;18,6;null;null;
2015-06-14;null;9,7;0;34,4;26,5;19,2;null;null;
2015-06-15;null;10,2;0;35;27,94;19,8;null;null;
2015-06-16;null;8,3;0;35,8;28,04;20,5;null;null;
2015-06-17;null;10,3;0;32,6;25,98;20,7;null;null;
2015-06-18;null;10,2;0;32,6;24,4;15,4;null;null;
2015-06-19;null;10,2;0;35,1;25,6;16,4;null;null;
2015-06-20;null;10;0;32,9;24,86;16,8;null;null;
2015-06-21;null;10,2;0;32,4;25,3;18,4;null;null;
2015-06-22;null;9,7;0;31,4;25,34;19;null;null;
2015-06-23;null;9,4;0;32,6;25,48;17,6;null;null;
2015-06-24;null;9,4;0;34,3;26,7;18,7;null;null;
2015-06-25;null;10,2;0;32,4;25,44;19;null;null;
2015-06-26;null;5,3;0;31,1;25,4;21,1;null;null;
2015-06-27;null;7,6;0;32,4;25,18;18,6;null;null;
2015-06-28;null;8,6;0;30,7;24,02;17,8;null;null;
2015-06-29;null;9,8;0;32;24,78;17,5;null;null;
2015-06-30;null;4,2;0;32,1;25,1;18,6;null;null;
2015-07-01;null;4,3;0;31,6;24,7;19,3;null;null;
2015-07-02;null;9,8;0;33,8;25,6;16;null;null;
2015-07-03;null;10,1;0;33,5;26,1;17,6;null;null;
2015-07-04;null;10,4;0;35,1;27,54;19;null;null;
2015-07-05;null;7;0;35,5;27,44;20,2;null;null;
2015-07-06;null;5,2;0;32,1;27,02;23,8;null;null;
2015-07-07;null;6,8;0;31,5;25,28;18,7;null;null;
2015-07-08;null;3,2;0;30,9;25,2;18,2;null;null;
2015-07-09;null;7,5;0;33,7;26,96;20,8;null;null;
2015-07-10;null;10,5;0;33,6;26,58;18,8;null;null;
2015-07-11;null;10,3;0;33,1;26,26;19;null;null;
2015-07-12;null;10,4;0;32;25,88;20,9;null;null;
2015-07-13;null;10,5;0;33,8;26,36;18,7;null;null;
2015-07-14;null;10,4;0;32,7;26,3;20,1;null;null;
2015-07-15;null;9,6;0;32,4;25,88;21,3;null;null;
2015-07-16;null;10,8;0;32,1;25,54;20,4;null;null;
2015-07-17;null;10,6;0;31,5;24,12;17,1;null;null;
2015-07-18;null;10,2;0;31,2;24,94;19,4;null;null;
2015-07-19;null;10,6;0;32;25,7;17,7;null;null;
2015-07-20;null;10,6;0;31,6;24,02;15,3;null;null;
2015-07-21;null;10,7;0;34,2;25,5;16,8;null;null;
2015-07-22;null;10,5;0;33,2;25,68;16,7;null;null;
2015-07-23;null;10,9;0;34,6;25,66;16,8;null;null;
2015-07-24;null;9,7;0;33;26,28;18,4;null;null;
2015-07-25;null;10,2;0;33,7;26,34;19,1;null;null;
2015-07-26;null;8,9;0;35;26,52;18;null;null;
2015-07-27;null;10,4;0;35,2;27,62;20,6;null;null;
2015-07-28;null;10,9;0;35,1;26,4;18,4;null;null;
2015-07-29;null;10,9;0;34,2;25,84;17,6;null;null;
2015-07-30;null;10,9;0;32,8;25,18;17,1;null;null;
2015-07-31;null;11;0;33,2;26,02;19,7;null;null;
2015-08-01;null;1,8;0;32,9;25,42;16,3;null;null;
2015-08-02;null;9,1;0;31,4;24,88;18,6;null;null;
2015-08-03;null;11;0;32,4;24,54;15;null;null;
2015-08-04;null;10,9;0;33,2;24,76;15,9;null;null;
2015-08-05;null;10,9;0;33,5;24,3;14,9;null;null;
2015-08-06;null;10,9;0;34;26,04;16,3;null;null;
2015-08-07;null;10;0;34,2;26,54;18,9;null;null;
2015-08-08;null;10,2;0;33,7;25,56;18,4;null;null;
2015-08-09;null;10,6;0;32,8;25,34;15,6;null;null;
2015-08-10;null;10,6;0;31,6;25,06;18,2;null;null;
2015-08-11;null;10,9;0;32,1;24,8;18,7;null;null;
2015-08-12;null;9,9;0;28,8;22,82;15,9;null;null;
2015-08-13;null;7,3;0;28,7;22,7;16,8;null;null;
2015-08-14;null;10,1;0;32;23,78;13;null;null;
2015-08-15;null;10,7;0;33,6;27,1;20,3;null;null;
2015-08-16;null;8,5;0;31,7;26,18;20,7;null;null;
2015-08-17;null;10,8;0;31,6;24,44;15,9;null;null;
2015-08-18;null;10,9;0;33,8;26,82;20,1;null;null;
2015-08-19;null;10,7;0;33,7;26,74;20;null;null;
2015-08-20;null;10,8;0;34,6;26,68;18,6;null;null;
2015-08-21;null;9,9;0;37;28,82;20,2;null;null;
2015-08-22;null;9,6;0;36,3;29;20,8;null;null;
2015-08-23;null;8,5;0;35,2;28,76;22,4;null;null;
2015-08-24;null;9,5;0;36,7;28,78;21,5;null;null;
2015-08-25;null;10,7;0;36,2;28,52;21,7;null;null;
2015-08-26;null;10,5;0;36,5;28,08;19,5;null;null;
2015-08-27;null;10,6;0;38,1;28,38;17,3;null;null;
2015-08-28;null;10,8;0;36,4;28,96;22,4;null;null;
2015-08-29;null;10,8;0;35,3;28,56;22,2;null;null;
2015-08-30;null;9,8;0;34;26,98;21,6;null;null;
2015-08-31;null;7,4;0;33,1;26,7;20,5;null;null;
2015-09-01;null;9,3;0;33,4;25,76;18,6;null;null;
2015-09-02;null;10,7;0;36,3;27,3;17,2;null;null;
2015-09-03;null;10,5;0;35,8;26,66;17;null;null;
2015-09-04;null;10,5;0;37;27,46;18,3;null;null;
2015-09-05;null;10,6;0;39,5;29,62;19,5;null;null;
2015-09-06;null;10,5;0;37,9;30,78;21,1;null;null;
2015-09-07;null;10,4;0;36,8;29,76;21,6;null;null;
2015-09-08;null;10,8;0;35,8;28,18;22,4;null;null;
2015-09-09;null;10,8;0;36,7;29,28;19;null;null;
2015-09-10;null;10,5;0;37,7;29,96;23,4;null;null;
2015-09-11;null;10,8;0;37,3;28,62;21,7;null;null;
2015-09-12;null;10,3;0;38,5;29,98;19,4;null;null;
2015-09-13;null;9,8;0;38,4;30,58;22,3;null;null;
2015-09-14;null;10,4;0;36,9;30,02;23,7;null;null;
2015-09-15;null;10,5;0;35,6;28,8;22,9;null;null;
2015-09-16;null;10,4;0;34,2;27,04;18,2;null;null;
2015-09-17;null;10,5;0;35,2;28,34;21,1;null;null;
2015-09-18;null;10,5;0;35,3;28,08;20,5;null;null;
2015-09-19;null;10,6;0;36,7;29,7;22,5;null;null;
2015-09-20;null;8,2;0;36,4;30,08;22,3;null;null;
2015-09-21;null;6,9;0;36,6;29,2;24,2;null;null;
2015-09-22;null;10,5;0;36,2;28,76;22,3;null;null;
2015-09-23;null;10,5;0;37,5;29,54;22,8;null;null;
2015-09-24;null;10,6;0;37,7;29,54;22,9;null;null;
2015-09-25;null;10,2;0;38,1;29,84;21,4;null;null;
2015-09-26;null;8,8;0;38,3;30,36;19,6;null;null;
2015-09-27;null;10,3;0;37;28,92;20,8;null;null;
2015-09-28;null;10,5;0;36,9;29,34;19,7;null;null;
2015-09-29;null;10,6;0;37,8;30,68;24,3;null;null;
2015-09-30;null;10,4;0;36,3;29,28;22,8;null;null;
2015-10-01;null;10,4;0;36,8;29,8;22,9;null;null;
2015-10-02;null;10,6;0;37;29,08;22,7;null;null;
2015-10-03;null;10,5;0;38,2;29,1;18,4;null;null;
2015-10-04;null;10,2;0;39,7;31,16;20,6;null;null;
2015-10-05;null;9,9;0;40,1;32,06;23;null;null;
2015-10-06;null;0;0;33,4;28,28;23,9;null;null;
2015-10-07;null;9,5;0;36,2;29,2;21,4;null;null;
2015-10-08;null;9,5;0;36,2;29,36;22,3;null;null;
2015-10-09;null;10,8;0;36,8;29,22;21,1;null;null;
2015-10-10;null;9,9;0;37,7;30,4;23,3;null;null;
2015-10-11;null;10,7;0;35,8;29,02;23,1;null;null;
2015-10-12;null;10,6;0;37,4;29,4;21,1;null;null;
2015-10-13;null;10,6;0;37,4;29,48;22,9;null;null;
2015-10-14;null;10,7;0;37,5;30,4;23;null;null;
2015-10-15;null;10,4;0;36,9;30,16;23,6;null;null;
2015-10-16;null;10,5;0;38;30,82;23,9;null;null;
2015-10-17;null;10,6;0;39,4;30,9;23,9;null;null;
2015-10-18;null;10,9;0;39,2;31,14;21,8;null;null;
2015-10-19;null;10,8;0;37,1;29,46;21,4;null;null;
2015-10-20;null;10,7;0;38,3;30;21;null;null;
2015-10-21;null;11;0;39,7;31,26;21,1;null;null;
2015-10-22;null;10,7;0;40,3;32,7;24;null;null;
2015-10-23;null;8,4;0;37,9;32,02;26,1;null;null;
2015-10-24;null;9,2;0;36,7;30,82;26,2;null;null;
2015-10-25;null;10,3;0;37,9;31,38;25;null;null;
2015-10-26;null;10,3;0;38,3;31,16;25,5;null;null;
2015-10-27;null;11,1;0;37,7;30,98;24,2;null;null;
2015-10-28;null;10,9;0;38,4;31,78;25,4;null;null;
2015-10-29;null;11;0;38,7;31,8;25,7;null;null;
2015-10-30;null;4,3;0;35,4;26,88;22,4;null;null;
2015-10-31;null;,8;21,1;31,9;27;22,1;null;null;
2015-11-01;null;8,8;0;36,4;30,72;24,4;null;null;
2015-11-02;null;10,5;0;37,2;30,72;24,6;null;null;
2015-11-03;null;11,1;0;37,3;29,6;22,8;null;null;
2015-11-04;null;10,8;0;37;30,82;24,6;null;null;
2015-11-05;null;11;0;38,3;31,42;24;null;null;
2015-11-06;null;10,8;0;40;32,46;22,6;null;null;
2015-11-07;null;9,1;0;38;31,48;24,3;null;null;
2015-11-08;null;10,7;0;37,6;31,56;25,6;null;null;
2015-11-09;null;11;0;37,7;30,76;23,7;null;null;
2015-11-10;null;10,9;0;37,8;31,14;24,2;null;null;
2015-11-11;null;11;0;37,4;30,32;23,3;null;null;
2015-11-12;null;11;0;38,9;30,42;21,1;null;null;
2015-11-13;null;10,6;0;39,9;31,36;21,2;null;null;
2015-11-14;null;9,8;0;39,4;32,58;25;null;null;
2015-11-15;null;4,7;0;38,7;31,8;25,2;null;null;
2015-11-16;null;4,7;0;37,7;32,16;26,2;null;null;
2015-11-17;null;7,9;0;37,9;31,8;26,4;null;null;
2015-11-18;null;10,7;0;38,4;31,56;23,3;null;null;
2015-11-19;null;9,8;0;39,1;31,98;24,7;null;null;
2015-11-20;null;8,8;0;38,9;29,08;26,4;null;null;
2015-11-21;null;6,6;11,9;35,8;27,86;23,6;null;null;
2015-11-22;null;9,2;1,3;37,9;31,2;24;null;null;
2015-11-23;null;6,7;0;36,8;31,8;26,1;null;null;
2015-11-24;null;3,1;2,3;33,2;28,24;24,2;null;null;
2015-11-25;null;7,7;0;36,2;30,74;25,6;null;null;
2015-11-26;null;10,6;46,4;33,4;26,88;22,1;null;null;
2015-11-27;null;6,1;29,8;33,8;26,38;20,8;null;null;
2015-11-28;null;9;1,3;35,2;28,96;23,5;null;null;
2015-11-29;null;10,7;0;36,2;30,44;23,9;null;null;
2015-11-30;null;11,3;0;37,9;30,96;23,8;null;null;
2015-12-01;null;11,3;0;38;30,56;21,1;null;null;
2015-12-02;null;11,4;0;38;30,5;21,8;null;null;
2015-12-03;null;11,4;0;38,9;30,96;21,8;null;null;
2015-12-04;null;10,5;0;39,3;31,72;24,8;null;null;
2015-12-05;null;10,3;0;32,6;28,08;26,4;null;null;
2015-12-06;null;7,4;0;35,8;27,48;23,1;null;null;
2015-12-07;null;9,1;0;37;29,84;23,5;null;null;
2015-12-08;null;11,4;1,3;37,7;30,84;23,6;null;null;
2015-12-09;null;11,1;0;37,1;30,22;22,1;null;null;
2015-12-10;null;11,5;0;38,3;30;20,5;null;null;
2015-12-11;null;11,1;0;38,6;30,48;21,5;null;null;
2015-12-12;null;11;0;38,1;31,04;22,8;null;null;
2015-12-13;null;11,5;0;38,1;31,22;25;null;null;
2015-12-14;null;11,4;0;38;31,34;23,9;null;null;
2015-12-15;null;11,4;0;38,9;30,98;24,3;null;null;
2015-12-16;null;11,1;0;39,2;31,24;25;null;null;
2015-12-17;null;7,9;0;37,3;29,58;23,1;null;null;
2015-12-18;null;11,3;0;38,4;30,32;21,3;null;null;
2015-12-19;null;11,4;0;38,2;30,9;24,7;null;null;
2015-12-20;null;10,5;0;37,9;31,04;25,8;null;null;
2015-12-21;null;5;0;36,7;31,12;26,2;null;null;
2015-12-22;null;11,4;0;36,9;30,88;25,9;null;null;
2015-12-23;null;11,6;0;36,1;30,06;24,7;null;null;
2015-12-24;null;11,1;0;37;30,38;24,7;null;null;
2015-12-25;null;11;0;37,5;31,26;25,6;null;null;
2015-12-26;null;11,1;0;38;31,4;26,2;null;null;
2015-12-27;null;3,8;0;36,3;28,84;24,4;null;null;
2015-12-28;null;7,1;0;37,5;30,62;23,1;null;null;
2015-12-29;null;6,5;0;35,6;29,64;25,6;null;null;
2015-12-30;null;4,1;0;35,6;28,56;23,7;null;null;
2015-12-31;null;6,3;2;37;30,68;23,3;null;null;
2016-01-01;null;9,2;0;36,5;null;null;null;null;
2016-01-02;null;11,4;0;38,6;30,94;25,4;null;null;
2016-01-03;null;8,6;9,8;35,2;30,74;23,8;null;null;
2016-01-04;null;8,8;1;36,3;29,22;24,7;null;null;
2016-01-05;null;4,8;0;35,4;28,7;24;null;null;
2016-01-06;null;0;16,6;28,6;24,48;23,3;null;null;
2016-01-07;null;2,8;40,9;31;24,92;22,5;null;null;
2016-01-08;null;0;28;29,6;24,68;22,3;null;null;
2016-01-09;null;3,8;20,4;31,8;26,26;22,6;null;null;
2016-01-10;null;10,9;0;34,6;28,52;23,8;null;null;
2016-01-11;null;11,1;0;34,8;29,2;24,2;null;null;
2016-01-12;null;10,5;0;36,2;30,46;24,6;null;null;
2016-01-13;null;10,8;0;31,6;25,6;24,7;null;null;
2016-01-14;null;10,4;17,2;30,2;25,42;21,6;null;null;
2016-01-15;null;4;0;32,4;26,1;22,9;null;null;
2016-01-16;null;5,8;0;31,8;26,18;22,9;null;null;
2016-01-17;null;1,2;56,6;28;24,18;21,5;null;null;
2016-01-18;null;0;1,1;28,5;24,84;22,1;null;null;
2016-01-19;null;2,8;,4;31,5;25,84;23,7;null;null;
2016-01-20;null;0;33;25;23,36;22,8;null;null;
2016-01-21;null;,3;40,8;26,5;23,34;21;null;null;
2016-01-22;null;10,3;84,4;29,5;24,4;21,8;null;null;
2016-01-23;null;2;11,2;27,5;24,54;22,2;null;null;
2016-01-24;null;5,9;23,7;30,1;24,44;21,5;null;null;
2016-01-25;null;9,5;0;32,6;27,3;21,5;null;null;
2016-01-26;null;3,7;16,6;29,1;24,92;21,7;null;null;
2016-01-27;null;5,9;1,1;30,2;25,98;22,3;null;null;
2016-01-28;null;0;9;26,9;23,44;22,2;null;null;
2016-01-29;null;9;1;32,8;26,56;21,2;null;null;
2016-01-30;null;10;0;33,4;26,66;19,8;null;null;
2016-01-31;null;10,8;0;32,1;24,96;20,5;null;null;

