Nome: PARANAGUA
Codigo Estacao: 83844
Latitude: -25.5361111
Longitude: -48.52833332
Altitude: 4.5
Situacao: Operante
Data Inicial: 2013-01-01
Data Final: 2015-02-24
Periodicidade da Medicao: Diaria

Data Medicao;EVAPORACAO DO PICHE, DIARIA(mm);INSOLACAO TOTAL, DIARIO(h);PRECIPITACAO TOTAL, DIARIO(mm);TEMPERATURA MAXIMA, DIARIA(°C);TEMPERATURA MEDIA COMPENSADA, DIARIA(°C);TEMPERATURA MINIMA, DIARIA(°C);UMIDADE RELATIVA DO AR, MEDIA DIARIA(%);VENTO, VELOCIDADE MEDIA DIARIA(m/s);
2013-01-01;1,5;null;16;null;null;23,1;81,25;null;
2013-01-02;1,5;null;19,3;null;null;19,4;96,5;null;
2013-01-03;,5;null;8,9;null;null;18,9;88,75;0;
2013-01-04;1,2;null;3,4;null;null;19;90;null;
2013-01-05;,8;null;4,9;null;null;21,9;81,25;null;
2013-01-06;1;null;0;null;null;23,7;86,5;null;
2013-01-07;,9;null;3;null;null;22,6;81,25;null;
2013-01-08;1;null;10,4;null;null;25,8;78;null;
2013-01-09;1,5;null;0;null;null;24,1;83,75;null;
2013-01-10;,2;null;1,6;null;null;23,1;72;null;
2013-01-11;,6;null;0;null;null;19,3;68;null;
2013-01-12;,8;null;0;null;null;19;71,25;null;
2013-01-13;,5;null;0;null;null;21,1;84,25;null;
2013-01-14;,5;null;21,7;null;null;21,2;91,25;null;
2013-01-15;,3;null;25,2;null;null;21,3;82;null;
2013-01-16;,4;null;0;null;null;22,3;87,5;null;
2013-01-17;,8;null;24,6;null;null;21,5;83,75;null;
2013-01-18;2,2;null;0;null;null;21,5;82,75;null;
2013-01-19;2,8;null;23;null;null;22,1;76,75;null;
2013-01-20;4,2;null;6,4;null;null;19,9;76,25;null;
2013-01-21;6;null;1;null;null;20,1;67,5;null;
2013-01-22;2,8;null;1,4;null;null;19,4;83,5;null;
2013-01-23;6;null;11,7;null;null;19,3;79,25;null;
2013-01-24;4;null;0;null;null;20,1;80,5;null;
2013-01-25;4;null;0;null;null;23,7;78,75;null;
2013-01-26;5;null;10,7;null;null;20,6;90,5;null;
2013-01-27;1;null;7,2;null;null;19,7;82,25;null;
2013-01-28;1,6;null;,8;null;null;20,9;75,5;null;
2013-01-29;3,8;null;0;null;null;21,8;79,25;null;
2013-01-30;3,8;null;0;null;null;20,8;88,5;null;
2013-01-31;1,6;null;1,8;null;null;21,6;82,25;null;
2013-02-01;3,1;null;0;null;null;24,4;79,25;null;
2013-02-02;,9;null;0;null;null;24,8;75,75;null;
2013-02-03;6;null;3,1;null;null;22,5;92;null;
2013-02-04;2,2;null;38,6;null;null;20;78;null;
2013-02-05;4,5;null;0;null;null;22,1;72,5;null;
2013-02-06;5,3;null;1,8;null;null;21,6;73;null;
2013-02-07;2,8;null;4,2;null;null;19,8;96,25;null;
2013-02-08;,2;null;42,4;null;null;19,9;91,5;null;
2013-02-09;1,8;null;1;null;null;22;89,75;null;
2013-02-10;,8;null;2,6;null;null;22,5;94,5;null;
2013-02-11;1,1;null;6,7;null;null;23,3;76,25;null;
2013-02-12;4,7;null;6,4;null;null;24,5;83,75;null;
2013-02-13;2,2;null;13,9;null;null;24,5;86,75;null;
2013-02-14;2,2;null;3,4;null;null;23,5;77,5;null;
2013-02-15;3,6;null;22,6;null;null;23,1;80,75;null;
2013-02-16;3;null;45,4;null;null;23,3;87;null;
2013-02-17;2,2;null;9,9;null;null;23,5;87,5;0;
2013-02-18;2,5;null;1,4;null;null;22,9;78,25;null;
2013-02-19;5;null;2,8;null;null;23,6;81;null;
2013-02-20;3,8;null;,3;null;null;22,9;78,25;null;
2013-02-21;5,7;null;0;null;null;26,3;76,75;null;
2013-02-22;2,2;null;6,8;null;null;22;87;null;
2013-02-23;2,1;null;7;null;null;21,5;88,75;null;
2013-02-24;3,6;null;4,2;null;null;21,6;80;null;
2013-02-25;3,4;null;0;null;null;24,1;85,25;0;
2013-02-26;3,2;null;23,6;null;null;23,4;92,25;null;
2013-02-27;2;null;11,8;null;null;22,4;82,75;null;
2013-02-28;3,2;null;15,3;null;null;22,3;86,75;null;
2013-03-01;2,6;null;0;null;null;22,4;69,5;null;
2013-03-02;5;null;0;null;null;21,6;77;null;
2013-03-03;4;null;0;null;null;22,4;79,75;null;
2013-03-04;3,6;null;0;null;null;23,5;80,75;null;
2013-03-05;4,4;null;0;null;null;20,1;95;null;
2013-03-06;1,2;null;22,6;null;null;20;90;null;
2013-03-07;1,3;null;11,2;null;null;22,3;92;null;
2013-03-08;1,7;null;14,9;null;null;23,5;84;null;
2013-03-09;2,8;null;0;null;null;23,4;90;null;
2013-03-10;2,5;null;24,8;null;null;23,3;75,75;null;
2013-03-11;4,7;null;0;null;null;24,2;85,25;0;
2013-03-12;2,1;null;11,4;null;null;23,7;86,5;null;
2013-03-13;2,7;null;19,8;null;null;21,8;90,25;null;
2013-03-14;2;null;17;null;null;20,2;94,25;null;
2013-03-15;,7;null;13,7;null;null;19,7;97,75;null;
2013-03-16;,3;null;13,2;null;null;19,7;92;null;
2013-03-17;1,6;null;7;null;null;19;92,75;null;
2013-03-18;1,2;null;5,3;null;null;18,4;90,5;null;
2013-03-19;1,6;null;19,2;null;null;18,3;90,5;null;
2013-03-20;,6;null;11,7;null;null;19,7;95,75;null;
2013-03-21;,6;null;1,6;null;null;20,5;82,25;null;
2013-03-22;4,1;null;0;null;null;20,3;78,25;null;
2013-03-23;3,8;null;5,4;null;null;20,2;79,5;null;
2013-03-24;3;null;0;null;null;18,5;93;null;
2013-03-25;1;null;17,8;null;null;18,5;87,75;null;
2013-03-26;1,5;null;2;null;null;21,7;90,5;null;
2013-03-27;1,8;null;4,6;null;null;20,7;79,5;null;
2013-03-28;2,5;null;0;null;null;18;72;null;
2013-03-29;3,7;null;5,3;null;null;19,5;86,25;null;
2013-03-30;1,5;null;10,2;null;null;18,7;94,25;null;
2013-03-31;,8;null;10,4;null;null;19,3;85,75;null;
2013-04-01;2,1;null;0;null;null;21,1;82,75;null;
2013-04-02;2;null;0;null;null;21,3;93,5;null;
2013-04-03;,6;null;1,3;null;null;21,9;87,25;null;
2013-04-04;1,4;null;1,3;null;null;21,9;87;null;
2013-04-05;2;null;8;null;null;21,9;72,5;null;
2013-04-06;2,8;null;0;null;null;19,3;73,25;null;
2013-04-07;2,5;null;0;null;null;15,2;82,25;null;
2013-04-08;1,8;null;0;null;null;21,2;74,5;null;
2013-04-09;2,1;null;,2;null;null;19,3;79,75;null;
2013-04-10;2;null;0;null;null;20,8;79,25;null;
2013-04-11;2;null;0;null;null;21,1;83;null;
2013-04-12;2;null;0;null;null;21,4;82,75;null;
2013-04-13;1,4;null;11,7;null;null;18,9;87,75;null;
2013-04-14;2,2;null;1,4;null;null;18,1;88;null;
2013-04-15;2;null;0;null;null;15,1;77;null;
2013-04-16;5,3;null;0;null;null;18,2;69,75;null;
2013-04-17;5,2;null;0;null;null;17,3;75,5;null;
2013-04-18;2,2;null;0;null;null;16,5;81,75;null;
2013-04-19;3,2;null;0;null;null;18;82,25;null;
2013-04-20;3;null;0;null;null;16,3;80,25;null;
2013-04-21;3,2;null;0;null;null;17,3;79,25;null;
2013-04-22;3,2;null;0;null;null;16,6;74,25;null;
2013-04-23;4;null;5,1;null;null;17,7;92,75;null;
2013-04-24;1,2;null;8,7;null;null;18,4;84,75;null;
2013-04-25;2,3;null;0;null;null;18,6;83,25;null;
2013-04-26;2,9;null;0;null;null;18,5;79,25;null;
2013-04-27;2,3;null;0;null;null;17,1;83,75;null;
2013-04-28;2,8;null;0;null;null;17,1;79,5;null;
2013-04-29;2,6;null;0;null;null;18,9;81,5;null;
2013-04-30;2,9;null;0;null;null;19,6;82,5;null;
2013-05-01;3,5;null;1,4;null;null;21,9;91,75;null;
2013-05-02;1,1;null;1,7;null;null;22;81,25;null;
2013-05-03;2,9;null;0;null;null;20,5;86,25;null;
2013-05-04;3;null;0;null;null;21;73,5;null;
2013-05-05;4,8;null;,3;null;null;17,5;93;null;
2013-05-06;1;null;32,9;null;null;14,6;77,75;null;
2013-05-07;3,2;null;0;null;null;15;59,75;null;
2013-05-08;6;null;0;null;null;10,5;68,25;null;
2013-05-09;4,2;null;0;null;null;10,9;73,5;null;
2013-05-10;3,8;null;0;null;null;12,5;80,5;null;
2013-05-11;3;null;0;null;null;16,7;81,25;null;
2013-05-12;3;null;0;null;null;18,6;84,75;null;
2013-05-13;1,4;null;0;null;null;18,9;87;null;
2013-05-14;1,8;null;0;null;null;20,8;86,25;null;
2013-05-15;2,2;null;0;null;null;19,9;79,75;null;
2013-05-16;1,6;null;2,2;null;null;15,9;94,25;null;
2013-05-17;,5;null;8,5;null;null;13;89,75;null;
2013-05-18;,4;null;,4;null;null;13,4;82,75;null;
2013-05-19;,2;null;3,5;null;null;16,4;94;null;
2013-05-20;,5;null;0;null;null;18,3;91;null;
2013-05-21;1;null;0;null;null;19,9;83,75;null;
2013-05-22;,4;null;3,6;null;null;18,3;96;null;
2013-05-23;,2;null;5,2;null;null;17,3;90,75;null;
2013-05-24;,2;null;8,8;null;null;17,3;91,75;null;
2013-05-25;,2;null;1;null;null;15,1;85,25;null;
2013-05-26;,2;null;0;null;null;17,3;84,5;null;
2013-05-27;,2;null;2,5;null;null;17,5;87,75;null;
2013-05-28;,4;null;1,6;null;null;16,9;94,75;null;
2013-05-29;,4;null;6;null;null;17;70,25;null;
2013-05-30;,8;null;5,2;null;null;16,8;77,5;null;
2013-05-31;,8;null;0;null;null;13,7;81;null;
2013-06-01;,4;null;0;null;null;15,3;84;null;
2013-06-02;,8;null;16,2;null;null;18,3;92,25;null;
2013-06-03;,3;null;0;null;null;17,6;89;null;
2013-06-04;,3;null;,8;null;null;16,1;85,5;null;
2013-06-05;,5;null;0;null;null;14,4;83;null;
2013-06-06;,5;null;0;null;null;14,9;86;null;
2013-06-07;1,2;null;0;null;null;15,5;88,75;null;
2013-06-08;1,5;null;0;null;null;17,5;82,25;null;
2013-06-09;2,5;null;0;null;null;17,3;84,25;null;
2013-06-10;1,4;null;0;null;null;17,3;85,75;null;
2013-06-11;2,2;null;0;null;null;18;91,25;null;
2013-06-12;1;null;6,4;null;null;18,5;87,75;null;
2013-06-13;1,2;null;0;null;null;17,4;86,75;null;
2013-06-14;1,2;null;0;null;null;16,5;83,75;null;
2013-06-15;1,9;null;2,7;null;null;14,7;92;null;
2013-06-16;,7;null;4,9;null;null;16,5;94,75;null;
2013-06-17;,3;null;35,4;null;null;17,3;86,25;null;
2013-06-18;2;null;0;null;null;17,9;89,5;0;
2013-06-19;1,3;null;0;null;null;17,3;94,75;null;
2013-06-20;,5;null;4,2;null;null;17,1;96,5;null;
2013-06-21;,2;null;119,6;null;null;16,9;96,5;null;
2013-06-22;2;null;9,9;null;null;16;80,5;null;
2013-06-23;3;null;0;null;null;12,9;80,75;null;
2013-06-24;2;null;6,3;null;null;14,9;96,75;null;
2013-06-25;,3;null;25,4;null;null;16,3;95,5;0;
2013-06-26;,2;null;5,7;null;null;17,9;93,5;null;
2013-06-27;1;null;,5;null;null;16,4;93,75;null;
2013-06-28;,5;null;10,9;null;null;16,5;92;null;
2013-06-29;1,2;null;0;null;null;17,5;95,5;null;
2013-06-30;,9;null;4,9;null;null;13,9;88,5;null;
2013-07-01;1,4;null;18,2;null;null;13,6;93,5;null;
2013-07-02;,6;null;1,3;null;null;14,5;89,5;null;
2013-07-03;1,5;null;0;null;null;14,5;89;null;
2013-07-04;1;null;0;null;null;16,5;86,25;null;
2013-07-05;1,5;null;0;null;null;16,5;89;null;
2013-07-06;1,5;null;0;null;null;16,5;91,25;null;
2013-07-07;1;null;0;null;null;16,6;79,5;null;
2013-07-08;3,5;null;,2;null;null;14,3;92;null;
2013-07-09;,9;null;2,7;null;null;14,4;96,5;null;
2013-07-10;,7;null;,7;null;null;14,9;90,5;null;
2013-07-11;,9;null;0;null;null;16;84,75;null;
2013-07-12;2;null;0;null;null;15;86,75;null;
2013-07-13;2,3;null;0;null;null;14,5;81,25;null;
2013-07-14;2,8;null;0;null;null;14,3;87,75;null;
2013-07-15;3,7;null;,8;null;null;16,2;85,5;null;
2013-07-16;1,2;null;,8;null;null;13,9;85,75;null;
2013-07-17;2;null;0;null;null;13,1;88;null;
2013-07-18;2,1;null;0;null;null;13,1;56,5;null;
2013-07-19;7;null;1,6;null;null;14;96;null;
2013-07-20;,8;null;18,9;null;null;14,1;95;null;
2013-07-21;,4;null;35,8;null;null;14,4;96;null;
2013-07-22;,5;null;62,5;null;null;10,7;94,75;null;
2013-07-23;,8;null;3,9;null;null;7,8;78;null;
2013-07-24;1,2;null;0;null;null;4,5;75,25;null;
2013-07-25;1,8;null;2,3;null;null;6,7;83,75;null;
2013-07-26;1,2;null;,8;null;null;10;82;null;
2013-07-27;3,3;null;0;null;null;11,2;85;null;
2013-07-28;1,9;null;0;null;null;9,5;83;null;
2013-07-29;1,8;null;0;null;null;10,9;86,75;null;
2013-07-30;2,3;null;0;null;null;13;84;null;
2013-07-31;1,5;null;0;null;null;11,3;90,25;0;
2013-08-01;1;null;0;null;null;12,9;84,5;null;
2013-08-02;3;null;0;null;null;17,4;57,5;null;
2013-08-03;6,5;null;0;null;null;17;75,75;null;
2013-08-04;3,5;null;0;null;null;16;88;null;
2013-08-05;2;null;,2;null;null;15,1;85,75;null;
2013-08-06;3,2;null;0;null;null;15,9;84;null;
2013-08-07;2,2;null;0;null;null;16,8;78,75;null;
2013-08-08;2,3;null;0;null;null;15,9;80,5;0;
2013-08-09;1,2;null;0;null;null;14,7;94;null;
2013-08-10;,7;null;1,2;null;null;15,1;89,5;null;
2013-08-11;2,8;null;1,5;null;null;11,3;70,75;null;
2013-08-12;3,6;null;0;null;null;9,8;79,25;null;
2013-08-13;2;null;0;null;null;11,1;83,5;null;
2013-08-14;3;null;6,8;null;null;11,2;93;null;
2013-08-15;1;null;,2;null;null;10,5;70,75;null;
2013-08-16;3,5;null;0;null;null;13,1;91,75;null;
2013-08-17;1;null;1,8;null;null;12,9;95;null;
2013-08-18;1;null;1,7;null;null;12,8;85;null;
2013-08-19;2,2;null;0;null;null;14,7;87,75;null;
2013-08-20;1,2;null;1,2;null;null;16,3;90,25;null;
2013-08-21;1,5;null;0;null;null;14,5;85,75;null;
2013-08-22;2,1;null;0;null;null;14,5;87;null;
2013-08-23;4,1;null;0;null;null;14,1;90,5;null;
2013-08-24;1,1;null;1,7;null;null;13,7;92,25;null;
2013-08-25;,8;null;,7;null;null;14,1;90;null;
2013-08-26;1,5;null;1,8;null;null;14;94,25;null;
2013-08-27;,8;null;14;null;null;12,7;79;null;
2013-08-28;2,2;null;0;null;null;8,1;70;null;
2013-08-29;3;null;0;null;null;9,1;78,25;null;
2013-08-30;2,8;null;0;null;null;10,3;81,75;null;
2013-08-31;2,2;null;0;null;null;13,5;91,75;null;
2013-09-01;,8;null;0;null;null;14,9;90;null;
2013-09-02;1,8;null;3,8;null;null;17,5;77;null;
2013-09-03;2,6;null;0;null;null;18,6;91;null;
2013-09-04;2,2;null;,6;null;null;13,3;70,25;null;
2013-09-05;3,3;null;0;null;null;12,9;81;null;
2013-09-06;1,7;null;0;null;null;14,7;91,75;null;
2013-09-07;,8;null;0;null;null;16,5;83,75;null;
2013-09-08;2;null;0;null;null;16,9;79,75;null;
2013-09-09;2,2;null;0;null;null;16,3;88,5;null;
2013-09-10;1,8;null;0;null;null;16,5;91,5;null;
2013-09-11;2;null;0;null;null;16,9;86,75;null;
2013-09-12;2;null;0;null;null;18,4;82,5;null;
2013-09-13;2,5;null;0;null;null;17,3;80,5;null;
2013-09-14;3,5;null;0;null;null;17,4;72,25;null;
2013-09-15;5;null;0;null;null;18,9;68,25;null;
2013-09-16;4,5;null;,2;null;null;19,3;94,5;null;
2013-09-17;,5;null;31,4;null;null;17,6;91,5;null;
2013-09-18;1,4;null;8,4;null;null;13,1;83,5;null;
2013-09-19;1,3;null;3,4;null;null;12,5;93,5;null;
2013-09-20;,3;null;,2;null;null;14,4;96,25;null;
2013-09-21;,7;null;,5;null;null;14,4;92,75;null;
2013-09-22;1,7;null;67,4;null;null;16,9;96,5;null;
2013-09-23;1;null;46,3;null;null;17,1;90,5;null;
2013-09-24;1;null;0;null;null;16,7;89;0;
2013-09-25;3,3;null;1,2;null;null;8,5;71,5;null;
2013-09-26;6,2;null;0;null;null;14,1;71,75;null;
2013-09-27;4,5;null;0;null;null;11,7;72,75;null;
2013-09-28;3,2;null;0;null;null;13,7;81,5;null;
2013-09-29;2,3;null;4,6;null;null;16,7;91;null;
2013-09-30;,8;null;0;null;null;17,1;90,25;null;
2013-10-01;1,2;null;,8;null;null;18;88,75;null;
2013-10-02;1,5;null;14;null;null;17,1;94;null;
2013-10-03;,7;null;12,6;null;null;18,1;97;null;
2013-10-04;,3;null;15,2;null;null;18,1;88,75;null;
2013-10-05;2;null;0;null;null;17,1;73,25;null;
2013-10-06;4,5;null;0;null;null;15,3;75;null;
2013-10-07;3,7;null;0;null;null;15,4;77,25;null;
2013-10-08;3,3;null;,8;null;null;12,7;75,25;null;
2013-10-09;4;null;0;null;null;14,7;75,25;null;
2013-10-10;2,5;null;,4;null;null;17,1;82,5;null;
2013-10-11;3;null;0;null;null;18;78,75;null;
2013-10-12;3;null;0;null;null;18;82,25;null;
2013-10-13;2,6;null;0;null;null;18,9;83,25;null;
2013-10-14;3,2;null;0;null;null;19,3;82,25;null;
2013-10-15;3,2;null;2,7;null;null;19,3;79,25;null;
2013-10-16;3,3;null;0;null;null;18,1;88;null;
2013-10-17;1,3;null;16,4;null;null;17,3;82,25;null;
2013-10-18;2;null;0;null;null;18,9;82,25;null;
2013-10-19;2,7;null;,3;null;null;19,3;86,25;null;
2013-10-20;2,8;null;0;null;null;18,2;80,75;null;
2013-10-21;3,5;null;0;null;null;21,6;72,75;null;
2013-10-22;5;null;6,9;null;null;19,8;93,5;null;
2013-10-23;1,2;null;3,5;null;null;19,3;88,5;null;
2013-10-24;2;null;,7;null;null;21,3;89,75;null;
2013-10-25;,3;null;2,7;null;null;17,8;95;null;
2013-10-26;2,1;null;9,9;null;null;18,3;92,25;null;
2013-10-27;1,2;null;2,2;null;null;19,3;81;null;
2013-10-28;2,9;null;,5;null;null;17,7;69,5;null;
2013-10-29;4,1;null;0;null;null;13,7;67;null;
2013-10-30;4,4;null;0;null;null;16,3;70,25;null;
2013-10-31;4,2;null;0;null;null;19;72,25;null;
2013-11-01;4,8;null;0;null;null;20,7;72,5;null;
2013-11-02;4,4;null;0;null;null;19,3;80;null;
2013-11-03;4,4;null;0;null;null;19,3;84,5;null;
2013-11-04;1,2;null;8,1;null;null;18,6;89,5;null;
2013-11-05;1,5;null;2;null;null;16,7;79,75;null;
2013-11-06;4,5;null;3,4;null;null;17,3;85;null;
2013-11-07;2,2;null;6,6;null;null;16,9;92,25;null;
2013-11-08;1,3;null;5,8;null;null;18,5;81,25;null;
2013-11-09;3;null;0;null;null;20,1;79,25;null;
2013-11-10;3;null;0;null;null;20,5;82;null;
2013-11-11;2,5;null;0;null;null;21,5;87,25;null;
2013-11-12;4,5;null;3,9;null;null;23,1;64,25;null;
2013-11-13;6,9;null;0;null;null;20,1;76,25;null;
2013-11-14;6,8;null;0;null;null;17,9;62,5;null;
2013-11-15;6,8;null;0;null;null;18,1;77,25;null;
2013-11-16;4,4;null;,3;null;null;18,3;86,75;null;
2013-11-17;3,7;null;22,9;null;null;17,9;84,5;null;
2013-11-18;1,3;null;,8;null;null;18,5;82,25;null;
2013-11-19;2,3;null;0;null;null;21,1;81,5;null;
2013-11-20;2,7;null;,4;null;null;21,7;88,5;null;
2013-11-21;2,2;null;,4;null;null;23,1;86,5;null;
2013-11-22;1,8;null;8,2;null;null;19;94,25;null;
2013-11-23;2,5;null;8,6;null;null;18,3;89;null;
2013-11-24;1,7;null;17,6;null;null;19,1;91,75;null;
2013-11-25;1,4;null;9,5;null;null;21,3;88,5;null;
2013-11-26;1,8;null;16;null;null;21,4;89,5;null;
2013-11-27;1,6;null;8,8;null;null;20,8;89,75;null;
2013-11-28;2,5;null;0;null;null;21,6;79,75;null;
2013-11-29;4,2;null;15,6;null;null;21,1;89,5;null;
2013-11-30;1,6;null;0;null;null;20,1;93;null;
2013-12-01;1,4;null;1,4;null;null;19,5;92;null;
2013-12-02;1,2;null;,2;null;null;20,7;83;null;
2013-12-03;2,6;null;4,4;null;null;22,1;75;null;
2013-12-04;4,7;null;0;null;null;22,9;78,75;null;
2013-12-05;4;null;0;null;null;21,6;85,25;null;
2013-12-06;2,3;null;30,1;null;null;20,7;74,5;null;
2013-12-07;3;null;,4;null;null;20,1;88,75;null;
2013-12-08;1;null;2,1;null;null;20,5;87;null;
2013-12-09;2;null;,2;null;null;23,1;82;null;
2013-12-10;3,2;null;0;null;null;23,5;75,75;null;
2013-12-11;4;null;4,5;25,4;22,06;20,6;92,75;null;
2013-12-12;2,8;null;19,7;24;21,46;19,6;76,75;null;
2013-12-13;3,4;null;0;25,8;22,7;19,3;80;null;
2013-12-14;3;null;0;28,1;24,32;20,4;78,75;null;
2013-12-15;2,6;null;0;29,7;25,4;22,3;75,25;null;
2013-12-16;2,8;null;0;29,3;25,08;21,1;74,75;null;
2013-12-17;2,2;null;0;27,5;24;20,5;68,75;null;
2013-12-18;1;null;8,4;28,3;24,18;20;79,5;null;
2013-12-19;1,7;null;,8;27,7;23,8;21,3;87;null;
2013-12-20;1,2;null;37,2;28,4;24,54;21,5;83,25;null;
2013-12-21;1;null;1,4;28,7;23,36;20,5;85,25;null;
2013-12-22;3,8;null;19,2;24,9;22,84;21,7;92,25;null;
2013-12-23;1,6;null;11,9;27,9;23,94;21,3;86,25;null;
2013-12-24;3;null;2,7;30,1;25,24;21,6;80,75;null;
2013-12-25;4;null;0;31,9;26,7;23,1;74,75;null;
2013-12-26;4,1;null;0;32,5;27,52;23,4;78;null;
2013-12-27;4,5;null;0;32;27,94;25;79;null;
2013-12-28;3,6;null;0;30,6;26,96;24,5;86;null;
2013-12-29;,6;null;12,3;32,4;28,38;24,5;76;null;
2013-12-30;4,2;null;0;34,3;30,72;26,9;70,25;null;
2013-12-31;6,2;null;0;37,5;32,9;27,2;53,25;null;
2014-01-01;8,6;null;0;34,7;28,76;26,3;80,25;null;
2014-01-02;4,3;null;66,2;37,1;30,64;24,5;65,5;null;
2014-01-03;5,2;null;0;36,3;28,74;25,8;79,5;null;
2014-01-04;3,3;null;16,2;25,6;21,74;20,3;96,5;null;
2014-01-05;1;null;3,8;25,6;23,26;20,5;87,5;null;
2014-01-06;,5;null;1,2;28,4;25;22,3;90,75;null;
2014-01-07;,7;null;2,5;29,4;26,4;23,5;81,25;null;
2014-01-08;,9;null;0;32,6;25,72;23;80,25;null;
2014-01-09;1;null;6,2;29,7;26,1;22;79,25;null;
2014-01-10;,8;null;0;31,8;27,64;23,3;78,5;null;
2014-01-11;1;null;0;32,8;26,96;24,6;73,5;null;
2014-01-12;1;null;6;28,8;25,6;23,7;86;null;
2014-01-13;,3;null;18;30;25,54;23,3;86,5;null;
2014-01-14;,5;null;2;32;26,52;23,3;80;null;
2014-01-15;,7;null;3,6;31,8;25,56;22,1;77,5;null;
2014-01-16;,7;null;12,8;30;24,84;22,3;87,25;null;
2014-01-17;,2;null;2;30,4;26;22,2;80;null;
2014-01-18;,8;null;0;30,4;26,04;22,2;76,75;null;
2014-01-19;,5;null;0;31,6;26,36;22,5;79,25;null;
2014-01-20;,7;null;0;31,7;26,52;22,3;72,25;null;
2014-01-21;,8;null;0;31,4;27,52;23,3;79,5;null;
2014-01-22;1;null;,6;36,1;29,98;26,2;77;null;
2014-01-23;1;null;0;34,8;28,58;25,3;79;null;
2014-01-24;1;null;2,7;35;29,12;24,4;77,25;null;
2014-01-25;4,6;null;13,2;29,9;26,58;24,6;83,75;null;
2014-01-26;4;null;58,8;29,9;26,16;22,7;84,75;null;
2014-01-27;2,5;null;,7;32,3;28,12;25,3;79,75;null;
2014-01-28;4,5;null;0;32,4;28,04;24,8;78,25;null;
2014-01-29;4,9;null;0;33,9;29,24;25,5;76,5;null;
2014-01-30;4,5;null;0;32,4;28,76;25,3;76,75;null;
2014-01-31;3,6;null;0;33,1;28,98;26,3;79,25;null;
2014-02-01;2,7;null;0;35,2;29,96;26,1;69,25;null;
2014-02-02;2,6;null;0;33,5;28,64;24;79,75;null;
2014-02-03;2,7;null;0;33,5;29,4;26,9;78,25;null;
2014-02-04;2;null;0;34,5;29,56;25,7;77,5;null;
2014-02-05;5;null;0;33,8;29,26;26,3;80;null;
2014-02-06;4;null;0;33,7;28,76;25,5;75,75;null;
2014-02-07;4;null;0;34,9;29,44;25,3;75,75;null;
2014-02-08;5;null;0;35,1;30,1;27,2;76,25;null;
2014-02-09;3;null;0;35;29,62;24,9;71,25;null;
2014-02-10;3,2;null;0;34,1;29,22;26;77,25;null;
2014-02-11;2,3;null;0;32,8;29;24,5;67,25;null;
2014-02-12;6,2;null;0;34,8;29,1;24;73,75;null;
2014-02-13;5,3;null;,4;33;28,46;25,5;73;null;
2014-02-14;4,5;null;0;30,6;24,7;21,5;88,5;null;
2014-02-15;2;null;101,7;22,7;21,94;20,7;95;null;
2014-02-16;1,7;null;55;24,4;22,46;20,8;93,25;null;
2014-02-17;1,5;null;22,9;27,4;24,42;20,7;83,5;null;
2014-02-18;1,3;null;20,8;27,8;24,72;22,2;79,75;null;
2014-02-19;1;null;0;28,4;24,22;20,5;80,75;null;
2014-02-20;1,5;null;0;29,2;25,06;20,5;78;null;
2014-02-21;1;null;0;30,4;26,14;22,7;80,25;null;
2014-02-22;,8;null;0;29,8;26,42;23,7;86,25;null;
2014-02-23;,7;null;0;30,2;27,18;24,7;82,25;null;
2014-02-24;,7;null;3;32,6;26,9;24;76,25;null;
2014-02-25;5,5;null;0;33,5;26,94;23,5;81,25;null;
2014-02-26;3,7;null;14;32;26,92;23,3;83,5;null;
2014-02-27;3,3;null;0;32,6;26,8;24,7;90,5;null;
2014-02-28;1,4;null;19,9;26;23,24;21,6;92;null;
2014-03-01;1;null;4,4;28,6;25,02;22;83,75;null;
2014-03-02;,6;null;3,4;27,8;24,68;22,3;78,75;null;
2014-03-03;2;null;1,1;27,8;24,94;22,5;81,75;null;
2014-03-04;,7;null;0;28,7;25,4;22,7;85,75;null;
2014-03-05;1;null;42,4;26,8;24,22;21,7;89,25;null;
2014-03-06;1,8;null;2,4;31,4;26,3;22,3;76,75;null;
2014-03-07;3;null;0;28,6;25,46;22,1;75,25;null;
2014-03-08;4,2;null;0;29,2;24,96;21;76;null;
2014-03-09;4,4;null;2,2;29,4;25,02;21,3;83,5;null;
2014-03-10;3,6;null;0;31,1;26,76;23,3;84;null;
2014-03-11;3,5;null;3,2;26,4;23,9;22,7;92,5;null;
2014-03-12;1,3;null;14,6;25,2;23,74;22,5;93,75;null;
2014-03-13;,7;null;41,8;23,8;23,08;22;97,5;null;
2014-03-14;1,5;null;54,1;29,5;25,9;22,4;83,75;null;
2014-03-15;2;null;0;33,6;27,74;22,7;86;null;
2014-03-16;2;null;0;30,4;26,98;24,9;84,75;null;
2014-03-17;2;null;0;34,5;27,48;24,1;79;null;
2014-03-18;2,2;null;18,1;31,4;25,8;23,1;81,75;null;
2014-03-19;1,3;null;1,1;30,4;26,84;24,7;83,75;null;
2014-03-20;1,5;null;1;30,5;26,04;24,4;88,5;null;
2014-03-21;2,2;null;,8;27,4;25,48;24,1;90,5;null;
2014-03-22;1,1;null;3,8;26,6;23,94;22,9;86;null;
2014-03-23;1,1;null;1,4;23,6;20,76;18,3;77;null;
2014-03-24;1,1;null;,9;26,4;23,26;19,5;74,75;null;
2014-03-25;1;null;1,1;27,2;23,02;20,1;85,5;null;
2014-03-26;1;null;,2;26,8;23,54;20,1;83;null;
2014-03-27;,8;null;24,6;28;24,1;20,7;86,5;null;
2014-03-28;1;null;,6;28,8;24,4;21,4;86,75;null;
2014-03-29;,7;null;1,2;29,2;25,46;21,9;84;null;
2014-03-30;1;null;0;27,2;24,98;22,5;87,25;null;
2014-03-31;,3;null;11,6;29,2;25,42;22,9;91,5;null;
2014-04-01;,7;null;,2;29,6;25,96;24;86,75;null;
2014-04-02;,8;null;1,4;27,9;24,88;23,6;82,5;null;
2014-04-03;,7;null;19,3;26;24,04;22,3;90,25;null;
2014-04-04;,8;null;49,3;27,4;24,4;21,9;84,75;null;
2014-04-05;,8;null;2,2;29;24,4;21,1;84;null;
2014-04-06;,8;null;0;29,8;24,36;20,9;82,75;null;
2014-04-07;,7;null;0;29,4;24,62;20,9;84,5;null;
2014-04-08;,5;null;0;29,6;25,5;22,9;82;null;
2014-04-09;1;null;3,6;26;23,9;21,9;87,75;null;
2014-04-10;1,5;null;0;28,4;24,22;21,7;84,25;null;
2014-04-11;1,7;null;0;28,1;24,8;22,3;87;null;
2014-04-12;2,3;null;0;30,2;25,78;23,3;90;null;
2014-04-13;3;null;8,2;25,3;22,98;22;77,75;null;
2014-04-14;1;null;4,9;22,6;19,04;17,9;88,75;null;
2014-04-15;1,5;null;4;20,2;18,96;17,6;95,25;null;
2014-04-16;,2;null;20,6;25;21,58;18,6;94,5;null;
2014-04-17;1;null;,3;27,3;23,38;20,1;85,5;null;
2014-04-18;2;null;0;28,9;24,06;20,9;85,5;null;
2014-04-19;2,4;null;0;27,8;23,54;21,6;90,5;null;
2014-04-20;2;null;20,6;26,4;22,94;21,1;87,5;null;
2014-04-21;2,6;null;2;25;22,3;20,3;86,25;null;
2014-04-22;1,5;null;0;26,4;22,62;21,3;89,75;null;
2014-04-23;1;null;15,1;23,1;20,94;20;86,25;null;
2014-04-24;2,5;null;,8;24;20,66;19,1;93,5;null;
2014-04-25;1,6;null;1;23,4;20,5;18,1;84,5;null;
2014-04-26;1,4;null;18,8;23,4;20,3;18,1;78,75;null;
2014-04-27;4,5;null;0;22,8;18,84;17;90,5;null;
2014-04-28;1,5;null;19,4;24,6;20,36;16,9;74,25;null;
2014-04-29;2,8;null;0;24,7;20,08;16,5;81,5;null;
2014-04-30;3;null;0;23,4;19,74;16,3;86;null;
2014-05-01;1,8;null;0;28,2;23,86;17,8;65;null;
2014-05-02;6,1;null;0;26,6;22,12;18,2;73,5;null;
2014-05-03;3,5;null;0;27,5;23,2;19,8;76,75;null;
2014-05-04;2,6;null;0;28,4;22,68;19,4;84,5;null;
2014-05-05;2,9;null;0;25,4;22,48;19,4;86,75;null;
2014-05-06;1,1;null;,8;28;23,1;20,3;86;null;
2014-05-07;2;null;0;29;23,5;20,9;86;null;
2014-05-08;2;null;0;30;24,34;21,3;83;null;
2014-05-09;2,8;null;11,7;23,6;20,88;20;84,5;null;
2014-05-10;2,2;null;2,8;20,6;18,08;16;88,75;null;
2014-05-11;2;null;12,9;22,4;19,22;17,1;87,25;null;
2014-05-12;1;null;,8;25;19,78;16,9;82,5;null;
2014-05-13;2,5;null;0;25,8;20,52;16,5;86,75;null;
2014-05-14;2;null;0;24,4;20,8;17,9;88,25;null;
2014-05-15;1,5;null;0;26,2;22,26;19;83,75;null;
2014-05-16;1,5;null;1,3;25,2;21,34;18,7;85,5;null;
2014-05-17;2,7;null;0;24,2;20,72;16,9;85,75;null;
2014-05-18;1,6;null;0;26,5;21,84;18;85;null;
2014-05-19;2,4;null;0;25;22,12;20,8;90;null;
2014-05-20;2,3;null;0;26,6;21,82;19,1;86;null;
2014-05-21;2,1;null;0;25,6;21,76;19,3;89;null;
2014-05-22;2,2;null;0;23,6;21,96;19,5;94;null;
2014-05-23;,8;null;8,6;22,6;17,24;14,7;97,5;null;
2014-05-24;,9;null;12,6;16,6;15,9;14,4;87;null;
2014-05-25;,9;null;2,6;17,6;16,2;14,7;96,75;null;
2014-05-26;,4;null;21,1;22;19,3;15,9;83,5;null;
2014-05-27;1,6;null;0;20,4;18,26;17,1;85;null;
2014-05-28;2,7;null;,4;22;17,82;15,1;84,25;null;
2014-05-29;2,2;null;0;21,6;18;15;78,25;null;
2014-05-30;1,5;null;0;23,6;18,78;15,5;86;null;
2014-05-31;2,5;null;0;21,9;18,76;15,5;87,25;null;
2014-06-01;1;null;5,2;27,6;20,98;17,1;81;null;
2014-06-02;2,5;null;0;22,7;17,02;14,7;74;null;
2014-06-03;3,1;null;0;22,8;15,7;10,9;77;null;
2014-06-04;2,9;null;0;21,8;15,82;11,5;81;null;
2014-06-05;2,1;null;0;23;18,02;13,3;89,5;null;
2014-06-06;,9;null;20,8;24,4;19,68;15,9;94,25;null;
2014-06-07;,7;null;51,2;21,4;20,02;18,5;96,75;null;
2014-06-08;,3;null;6,8;23,7;20,46;19,1;94,5;null;
2014-06-09;1;null;9;20,2;17,94;17,1;93;null;
2014-06-10;1;null;0;20,2;18,38;17,1;89,25;null;
2014-06-11;1;null;,2;20,7;18,62;16,7;95,25;null;
2014-06-12;1;null;6,3;25,4;20,82;18,1;83,75;null;
2014-06-13;1,5;null;0;26,4;21,58;17,9;86,25;null;
2014-06-14;2;null;0;24,2;21,78;20,5;90;null;
2014-06-15;1;null;1,4;22;20,04;19,2;92;null;
2014-06-16;,9;null;,3;26,4;20,96;18,9;89,25;null;
2014-06-17;1,8;null;0;23,4;20,04;17,6;90,25;null;
2014-06-18;1,5;null;1,2;23,2;17,46;14,9;94,75;null;
2014-06-19;,9;null;7,5;16,6;14,82;13,3;85,25;null;
2014-06-20;1,9;null;0;17,6;15,82;13,9;84;null;
2014-06-21;1;null;0;19,4;16,7;14,4;87,5;null;
2014-06-22;1,5;null;,6;22,8;18,54;15,8;90,25;null;
2014-06-23;1,4;null;0;24,4;19,9;17,1;85,25;null;
2014-06-24;1,6;null;0;28;21,14;16,9;85,25;0;
2014-06-25;1,5;null;0;23;20,62;17,7;88,5;null;
2014-06-26;2;null;0;25,8;21,9;19,1;86,75;null;
2014-06-27;2,5;null;0;22;20,06;19,1;90,25;null;
2014-06-28;,5;null;0;22,6;20,22;19,1;93,25;null;
2014-06-29;1;null;,3;26,4;21,74;18,9;59,5;null;
2014-06-30;7,7;null;0;25,4;19,4;15,3;61,25;null;
2014-07-01;7,8;null;0;26,2;16,88;13,7;71,5;null;
2014-07-02;4,3;null;0;21,7;16,62;11,7;79,5;null;
2014-07-03;2,2;null;0;23,6;18,88;16,4;85,75;null;
2014-07-04;1,5;null;0;25,7;20,1;16,9;89,25;null;
2014-07-05;1,2;null;,3;20,2;19,2;18,3;94,75;null;
2014-07-06;,7;null;0;23,9;19,78;18,5;90,5;null;
2014-07-07;1,1;null;0;20;17,52;16;91;null;
2014-07-08;1,5;null;,7;16,6;16,1;15,3;86,25;null;
2014-07-09;1,2;null;1,6;16,6;15,7;14,9;93;0;
2014-07-10;,6;null;11,2;20,4;17,24;15;94;null;
2014-07-11;,6;null;2,6;20,4;16,36;13;89,75;null;
2014-07-12;1,3;null;3,6;19,2;16,82;14,9;96;null;
2014-07-13;,5;null;13,8;21,8;18,34;14,9;91,75;null;
2014-07-14;,7;null;1,2;24,2;18,72;13,9;92,25;null;
2014-07-15;1,5;null;,7;23,4;19,3;16,3;90,25;null;
2014-07-16;1,8;null;0;24,2;19,82;17;85,5;null;
2014-07-17;1,5;null;0;24,5;20,14;17,3;88,5;null;
2014-07-18;3;null;11;25,7;19,82;17,3;65,5;null;
2014-07-19;4,3;null;0;21,7;14,66;9,9;75;null;
2014-07-20;3,8;null;0;21,4;14,94;11;81,75;null;
2014-07-21;2;null;0;21,8;17,26;11,9;79,75;null;
2014-07-22;1,4;null;0;23,6;18,58;14,9;81,75;null;
2014-07-23;,8;null;0;26;19,98;14,7;82,25;null;
2014-07-24;1;null;1,6;21,9;19,4;18,3;94,5;null;
2014-07-25;,6;null;5,8;19,7;16,72;14,9;76,25;null;
2014-07-26;,6;null;0;20,6;16,62;14,5;82;null;
2014-07-27;,4;null;0;16,2;14,74;13,1;90,75;null;
2014-07-28;,2;null;1,2;17,5;15,8;14,6;95;null;
2014-07-29;,6;null;2,5;18,6;16,82;15,2;94,5;null;
2014-07-30;1;null;6,6;21,8;18,28;16,3;89,5;null;
2014-07-31;1;null;0;24,2;18,1;13,7;88,5;null;
2014-08-01;1,2;null;0;27;19,94;15,4;86,75;null;
2014-08-02;1;null;3,8;28,4;21,14;17,2;77,75;null;
2014-08-03;1;null;0;33,5;23,82;18,5;70,75;null;
2014-08-04;1,5;null;0;34;22,02;16,3;65,75;0;
2014-08-05;2,3;null;,2;20,4;15,92;13,8;80,75;null;
2014-08-06;1;null;0;22,4;17,54;12,7;73;null;
2014-08-07;1,7;null;0;28,2;20,14;13,1;76,75;null;
2014-08-08;4,3;null;,2;21,4;17,5;16,3;79,5;null;
2014-08-09;2,5;null;0;19,2;17,06;15,1;81,75;null;
2014-08-10;1,7;null;0;23,6;19,02;15,5;86;null;
2014-08-11;1,8;null;0;27;20,4;16,5;85,5;null;
2014-08-12;2,4;null;0;25,8;20,3;16,5;86,5;null;
2014-08-13;2,5;null;20,8;20;15,2;13,2;85,5;null;
2014-08-14;1,1;null;2,4;17,7;14,28;10;68,75;null;
2014-08-15;3;null;,4;16,7;15,52;13,2;93,75;null;
2014-08-16;,6;null;20,4;18,8;17,46;14,4;97,25;null;
2014-08-17;,2;null;11,3;22,2;19,22;16,8;90,75;null;
2014-08-18;1,1;null;0;21,8;19,22;18,1;91;0;
2014-08-19;1;null;0;24,6;19,3;16,3;85,25;null;
2014-08-20;2,5;null;0;24,5;18,64;14,1;85,5;0;
2014-08-21;2;null;0;24,9;19,76;16,1;82;0;
2014-08-22;2,6;null;0;27,2;19,94;16,3;87,5;0;
2014-08-23;2,4;null;0;21,3;19,2;16,3;89,25;0;
2014-08-24;1;null;0;25,6;20,72;17,6;85;0;
2014-08-25;2;null;0;36;26,18;20,6;72,25;null;
2014-08-26;3,8;null;1,2;25,9;19,9;17,9;80,5;null;
2014-08-27;1,9;null;0;23;16,44;12,9;67,75;null;
2014-08-28;2,4;null;0;19,2;16,16;12,3;75,25;null;
2014-08-29;3,1;null;0;19;17,1;14,9;75,25;null;
2014-08-30;1,7;null;0;23,2;18,8;14,7;80,5;null;
2014-08-31;2,7;null;0;20,9;18,92;15,2;83;null;
2014-09-01;1,5;null;21,2;26,4;19,8;14,9;81,5;null;
2014-09-02;3,6;null;0;19,4;18,08;17,6;96;0;
2014-09-03;,6;null;26,3;27,2;20,24;17;87,75;null;
2014-09-04;2,6;null;7,4;21,4;18,34;16,5;84,25;null;
2014-09-05;2,2;null;8,4;21,6;19,18;16,5;78,5;null;
2014-09-06;1,8;null;,3;23,8;19,94;16,1;80,25;null;
2014-09-07;2,8;null;2,2;21,4;19,9;18,7;91;null;
2014-09-08;,7;null;1,2;24,2;20,26;16,7;85,25;null;
2014-09-09;1,8;null;0;26,4;21,6;19,6;87;null;
2014-09-10;1,1;null;0;35,6;27,08;18,9;59;null;
2014-09-11;6,1;null;0;28,5;21,24;18,4;91,5;null;
2014-09-12;1;null;7,2;23;20,68;18,3;87,25;null;
2014-09-13;1,2;null;0;26,7;21,46;18,5;84;null;
2014-09-14;3;null;0;26,6;21,54;18,3;83,75;null;
2014-09-15;2,1;null;0;23,8;21,74;18,7;91;null;
2014-09-16;2,1;null;0;25;20,66;17,3;69;null;
2014-09-17;5;null;0;23;19,78;17,3;76;null;
2014-09-18;3,5;null;0;23,8;20,52;17,5;81,75;null;
2014-09-19;2,4;null;39;23,4;20,66;19;93,5;null;
2014-09-20;1,8;null;2,6;28;23,14;19,3;83,75;null;
2014-09-21;2,2;null;8,6;25,6;21,26;19,3;82,5;null;
2014-09-22;4,8;null;,2;22,4;18,46;15;78,25;null;
2014-09-23;3,2;null;0;24,7;20,92;16,5;71,25;null;
2014-09-24;3,8;null;0;22,2;19,62;18,1;93,25;null;
2014-09-25;,7;null;9,8;23,2;20,7;18,5;89;null;
2014-09-26;,9;null;8,8;26,4;21,9;19,6;84,75;null;
2014-09-27;2,1;null;7,3;22;19,12;17,8;92,5;null;
2014-09-28;,9;null;6;21,2;19,36;17,5;96,5;null;
2014-09-29;1;null;2,9;24,1;21,48;18,5;86,25;null;
2014-09-30;1,6;null;6,6;26,4;22,24;19;83;null;
2014-10-01;2,5;null;17,8;28;23,22;18,7;79,25;null;
2014-10-02;1,5;null;2,8;23;19,12;17;83;null;
2014-10-03;2,8;null;,6;21;18,58;16,3;70,5;null;
2014-10-04;2;null;1,4;22;18,78;16,1;74,5;null;
2014-10-05;2,7;null;1,1;23;19,88;16,6;64,75;null;
2014-10-06;4,4;null;,4;24,2;20,14;15,4;73;null;
2014-10-07;2,2;null;0;25,4;21,16;17,5;78;null;
2014-10-08;1,4;null;0;26,2;21,66;17,4;82,5;null;
2014-10-09;1,6;null;0;27,5;22,14;18,3;83,5;null;
2014-10-10;1,4;null;0;28,2;22,44;18,9;85,25;null;
2014-10-11;1,5;null;0;24;22,1;20,4;85;null;
2014-10-12;1,3;null;1,2;28,2;23,7;20,5;82,25;null;
2014-10-13;1,4;null;0;28,6;23,32;21;86,75;null;
2014-10-14;1,2;null;4;28,2;24;21,6;83,75;null;
2014-10-15;1,6;null;11,4;25;22,38;21,1;89;null;
2014-10-16;1,5;null;4,8;26,8;23,26;21,1;83,5;null;
2014-10-17;3;null;0;30,2;24,46;21,5;81,25;null;
2014-10-18;3;null;1,2;27,4;23,5;19,7;79,75;null;
2014-10-19;3,2;null;,2;30;23,54;20,1;85,25;null;
2014-10-20;3,5;null;12,6;23,2;20,96;19,9;85;null;
2014-10-21;3,4;null;0;22,6;19,84;16,9;83,5;null;
2014-10-22;2,1;null;1,9;24;20,9;17,4;81;null;
2014-10-23;3,7;null;0;24;21,9;18;74,25;null;
2014-10-24;3,3;null;0;27,3;22,92;20,4;80,5;null;
2014-10-25;2,8;null;0;27,2;23,72;21,1;80;null;
2014-10-26;3,4;null;1,2;27,5;24,08;21,1;80;null;
2014-10-27;3,3;null;0;27,6;23,38;19,7;76,5;null;
2014-10-28;4,3;null;0;28;22,62;17,5;70,25;null;
2014-10-29;4,4;null;0;27,8;22,98;17,1;74,25;null;
2014-10-30;4,6;null;0;31;24,42;17,3;78;null;
2014-10-31;4,5;null;0;28,2;24,94;22,7;79,5;null;
2014-11-01;3;null;0;29,2;25,38;22,3;82,25;null;
2014-11-02;3;null;,8;24,4;23,46;22,5;91,75;null;
2014-11-03;1,2;null;,6;29,7;25,44;22,4;79,5;null;
2014-11-04;3;null;0;28,2;25,52;23,3;87,75;null;
2014-11-05;2,2;null;14,9;25,4;20,92;19,1;87,5;null;
2014-11-06;,8;null;4,6;25,8;22,48;18,9;82,5;null;
2014-11-07;2,3;null;28,8;27;23,28;20,3;83,5;null;
2014-11-08;2;null;3,2;27,7;24,06;20,4;79,5;null;
2014-11-09;4;null;0;28,4;23,8;19,9;76,25;null;
2014-11-10;3,5;null;0;28,9;23,92;20,3;73,75;null;
2014-11-11;4,5;null;0;27,8;23,54;18,3;69,25;null;
2014-11-12;3,5;null;0;27;23,64;20;78;null;
2014-11-13;3;null;0;27,6;23,4;21;81;null;
2014-11-14;4;null;42,4;22,4;18,96;17,8;94;null;
2014-11-15;,8;null;27;25,2;21,48;17;67,5;null;
2014-11-16;4,7;null;0;26,6;21,9;16,7;73;null;
2014-11-17;4,7;null;0;25,8;21,5;17,6;65;null;
2014-11-18;6,4;null;0;26,2;22,14;17;66;null;
2014-11-19;4,4;null;0;26,4;23,12;19,3;74,75;null;
2014-11-20;4,4;null;4;26,2;23;21,3;86,75;null;
2014-11-21;1,4;null;0;28,4;24,62;21,4;84;null;
2014-11-22;2,6;null;6,8;29,7;25,58;22,5;85,75;null;
2014-11-23;2,4;null;0;26,9;23,22;21,5;83,25;null;
2014-11-24;2,3;null;6,3;26;23,18;21,1;84;null;
2014-11-25;2,7;null;0;28,4;24,48;22,2;86,75;null;
2014-11-26;1,2;null;2,2;28,4;24,82;22,9;86,25;0;
2014-11-27;3;null;,2;28,4;24,42;21,1;74;null;
2014-11-28;4;null;0;28,1;24,2;21,3;77;null;
2014-11-29;4;null;0;26,2;24,2;20,8;75;null;
2014-11-30;3,8;null;1,2;26,2;23,9;22,5;83;null;
2014-12-01;2,4;null;,4;30,7;25,34;21,7;81,5;null;
2014-12-02;2,6;null;0;30,7;26,42;23,5;80,5;null;
2014-12-03;2,8;null;0;36,6;30,36;23,5;65,25;null;
2014-12-04;4,1;null;34,8;31,1;23,68;20,9;80,75;null;
2014-12-05;2,8;null;1,5;27,4;23,5;20,6;67,5;null;
2014-12-06;4;null;0;26,4;23,72;19,9;70,5;null;
2014-12-07;2,5;null;8,8;29,6;25,36;21,3;79,75;null;
2014-12-08;3,5;null;0;31;25,54;21,7;82,25;null;
2014-12-09;3;null;0;31,1;26,48;23,5;81,5;null;
2014-12-10;2,5;null;27,3;30,6;25,36;23;85,75;null;
2014-12-11;2,2;null;12;32;26,96;22,4;80,25;null;
2014-12-12;3;null;0;30,4;26,86;23,7;80,75;null;
2014-12-13;2,3;null;7,1;31;26,72;23;82,5;null;
2014-12-14;3,3;null;2,2;26,7;24,26;22,9;76,75;null;
2014-12-15;3,2;null;7,9;25,6;23,08;20,9;84;null;
2014-12-16;2,4;null;3,1;28;24;20,5;73,25;null;
2014-12-17;3,3;null;0;29,9;24,94;19,9;70,25;null;
2014-12-18;4,5;null;0;31,4;26,3;21,8;76,5;null;
2014-12-19;3;null;13,4;29,6;25,48;22,9;83;null;
2014-12-20;2,7;null;6,7;31,8;27,08;22,3;79,25;null;
2014-12-21;3;null;0;37,1;30,6;25,3;67,25;null;
2014-12-22;4,3;null;8,4;29,6;23,84;21,2;93,5;null;
2014-12-23;1;null;76,1;22;20,54;19,5;91,5;null;
2014-12-24;1;null;24,6;21,7;19,88;18,3;93,25;null;
2014-12-25;1;null;9,4;25;22,12;19;93;null;
2014-12-26;2,5;null;,2;30,7;25,6;21,5;86,25;null;
2014-12-27;2,3;null;1,4;30,4;26,42;23,7;86,25;null;
2014-12-28;2,7;null;0;35,1;28,52;25,3;82;null;
2014-12-29;3,5;null;2,1;30,6;26,78;24,7;86,75;null;
2014-12-30;2;null;6,4;30,4;26,46;23,1;81,75;null;
2014-12-31;3,5;null;4,6;31,4;26,42;22,9;83;null;
2015-01-01;2,8;null;1,6;37,6;29,96;24,4;71,5;null;
2015-01-02;5,2;null;,2;37,3;27,94;23,4;81;null;
2015-01-03;4;null;43,3;23,8;22,3;21,1;92,75;null;
2015-01-04;,6;null;4,6;26,2;24,02;21,1;88,25;null;
2015-01-05;1,6;null;11,9;27,6;25,56;24,3;90,5;null;
2015-01-06;1,3;null;12,2;30;26,6;23,5;84,25;null;
2015-01-07;3,2;null;0;32,7;27,06;23,6;83;null;
2015-01-08;3,2;null;7;33;28,06;24;70,25;null;
2015-01-09;3,6;null;0;33,9;27,84;23,6;73,25;null;
2015-01-10;5,4;null;0;34,9;29,26;25;70,5;null;
2015-01-11;4,6;null;0;34,3;28,34;24,4;74,25;null;
2015-01-12;4,7;null;0;37,4;29,1;24,7;73,25;null;
2015-01-13;5;null;5,3;33,5;28,24;23,7;79,25;null;
2015-01-14;3,5;null;115,6;32,4;27,2;22;77,5;null;
2015-01-15;5;null;1,6;32,2;27,7;23,1;76,5;null;
2015-01-16;1,8;null;0;32,4;28,36;25,2;78,25;null;
2015-01-17;2,1;null;0;34,8;29,4;26,2;73;null;
2015-01-18;2,5;null;8,2;33,7;28,58;23,3;78,25;null;
2015-01-19;2,1;null;5,2;32,4;26,44;23,2;85;null;
2015-01-20;1,9;null;8,8;32;25,88;22,9;83,5;null;
2015-01-21;1,8;null;29,7;29,7;25,54;22,9;81;null;
2015-01-22;2,4;null;1,8;26,4;22,58;21,1;90,75;null;
2015-01-23;1,6;null;17,2;28,7;24,54;20,2;74;null;
2015-01-24;4,4;null;0;30,4;26,5;22,3;73,5;null;
2015-01-25;4,4;null;0;31,4;26,42;23,7;83,75;null;
2015-01-26;3;null;21,8;31,6;27,06;22,1;73;null;
2015-01-27;3,2;null;0;33,1;28,32;23,7;82,25;null;
2015-01-28;2;null;0;34,6;29,98;24,9;64;null;
2015-01-29;3,1;null;0;34,5;29,8;26,5;63,25;null;
2015-01-30;2,2;null;33,2;28,8;23,08;21,4;94;null;
2015-01-31;1,5;null;11,1;27,4;23,32;20;87,5;null;
2015-02-01;,6;null;7,1;28,2;25,06;21,7;83,75;null;
2015-02-02;,8;null;,2;29,4;25,9;22,9;82,25;null;
2015-02-03;1,1;null;0;31,5;25,12;22,3;79;null;
2015-02-04;1,5;null;19,4;26,6;23,74;20,8;89;null;
2015-02-05;,6;null;27,2;26,4;23,84;21,9;84,75;null;
2015-02-06;1;null;,6;29;25,24;21,1;74,75;null;
2015-02-07;1,4;null;36,4;29,8;25,48;21,3;76,75;null;
2015-02-08;1,6;null;27,8;29,7;26,26;23,5;82,5;null;
2015-02-09;5;null;0;31,6;27,5;23,3;77,75;null;
2015-02-10;4,2;null;0;32;27,82;23,7;79,75;null;
2015-02-11;3,6;null;7,1;34,4;29,06;24,9;79,25;null;
2015-02-12;4,2;null;,2;36;28,38;25,3;80,25;null;
2015-02-13;3,5;null;17,8;31,7;25,82;23,4;86,25;null;
2015-02-14;3;null;20,6;27,4;23,82;22,1;92,75;null;
2015-02-15;1;null;94,7;24,5;22,68;21,7;92,5;null;
2015-02-16;,5;null;39,6;26,4;23,14;21,3;91,5;null;
2015-02-17;1,5;null;3,4;24,4;22,08;21;95,25;null;
2015-02-18;,5;null;31,2;28,4;24,04;21;90;null;
2015-02-19;1,8;null;14,4;32;26,94;22,7;79,75;null;
2015-02-20;3,2;null;,2;34,7;26,82;23,4;80;null;
2015-02-21;2;null;52,4;31,4;26,7;23,1;86;null;
2015-02-22;1,2;null;0;30,4;26,82;23,7;80,25;null;
2015-02-23;2,2;null;0;31,4;27,26;24;81;null;
2015-02-24;1,1;null;43,6;28,7;24,22;22,3;89,25;null;

