Nome: CAMPOS DO JORDAO
Codigo Estacao: 83714
Latitude: -22.75027777
Longitude: -45.60388888
Altitude: 1662.56
Situacao: Fechada
Data Inicial: 2013-01-01
Data Final: 2013-06-29
Periodicidade da Medicao: Diaria

Data Medicao;EVAPORACAO DO PICHE, DIARIA(mm);INSOLACAO TOTAL, DIARIO(h);PRECIPITACAO TOTAL, DIARIO(mm);TEMPERATURA MAXIMA, DIARIA(°C);TEMPERATURA MEDIA COMPENSADA, DIARIA(°C);TEMPERATURA MINIMA, DIARIA(°C);UMIDADE RELATIVA DO AR, MEDIA DIARIA(%);VENTO, VELOCIDADE MEDIA DIARIA(m/s);
2013-01-01;1,9;null;,3;26,1;null;14,7;null;null;
2013-01-02;2;null;,4;25,1;null;13,9;null;null;
2013-01-03;1;null;17;21,6;null;12,7;null;null;
2013-01-04;1;null;5;23,2;null;13,5;null;null;
2013-01-05;,8;null;20,7;23,8;null;11,3;null;null;
2013-01-06;1,3;null;1,5;24,3;null;12,7;null;null;
2013-01-07;1,4;null;5,6;23;null;11,7;null;null;
2013-01-08;1,7;null;0;25,3;null;14,7;null;null;
2013-01-09;1,6;null;10,7;23;null;14,9;null;null;
2013-01-10;,5;null;33,8;19;null;14,5;null;null;
2013-01-11;,5;null;78,1;15;null;7,7;null;null;
2013-01-12;,2;null;11,7;15,6;null;8,5;null;null;
2013-01-13;,2;null;12,6;21;null;10,5;null;null;
2013-01-14;,6;null;65,2;18;null;null;null;null;
2013-01-15;,7;null;8,5;19;null;null;null;null;
2013-01-16;,3;null;25,4;20,4;null;null;null;null;
2013-01-17;,5;null;20,8;19,2;null;null;null;null;
2013-01-18;,9;null;7,8;21,4;null;null;null;null;
2013-01-19;1,2;null;3,9;21,6;null;null;null;null;
2013-01-20;,9;null;20,4;21,2;null;null;null;null;
2013-01-21;1,2;null;2,4;18,8;null;null;null;null;
2013-01-22;1,2;null;5,1;20,6;null;null;null;null;
2013-01-23;1,8;null;1,7;22,2;null;null;null;null;
2013-01-24;,6;null;32,6;22;null;null;null;null;
2013-01-25;1,2;null;,4;23,2;null;null;null;null;
2013-01-26;,4;null;7;23,4;null;null;null;null;
2013-01-27;1,1;null;6,2;19,2;null;null;null;null;
2013-01-28;,5;null;8,1;20,4;null;null;null;null;
2013-01-29;,4;null;2,3;22;null;null;null;null;
2013-01-30;,6;null;0;22,2;null;null;null;null;
2013-01-31;,7;null;3,8;21,4;null;null;null;null;
2013-02-01;,9;null;3;22,6;null;null;null;null;
2013-02-02;,8;null;21,5;23,6;null;null;null;null;
2013-02-03;1;null;19,4;20,4;null;null;null;null;
2013-02-04;1,1;null;34;17,8;null;null;null;null;
2013-02-05;,5;null;10,4;22;null;null;null;null;
2013-02-06;,4;null;0;22,2;null;null;null;null;
2013-02-07;,9;null;46,4;16,4;null;null;null;null;
2013-02-08;,3;null;9,9;20,4;null;null;null;null;
2013-02-09;,7;null;4,4;22,8;null;null;null;null;
2013-02-10;1,3;null;0;23,4;null;null;null;null;
2013-02-11;1;null;19,5;23,6;null;null;null;null;
2013-02-12;1,3;null;,3;24,2;null;null;null;null;
2013-02-13;1,4;null;0;24;null;null;null;null;
2013-02-14;1,3;null;0;24,3;null;null;null;null;
2013-02-15;1,6;null;0;24,9;null;null;null;null;
2013-02-16;1,2;null;27,9;24,5;null;null;null;null;
2013-02-17;1,1;null;2,8;24,2;null;null;null;null;
2013-02-18;1,1;null;1,5;23,8;null;null;null;null;
2013-02-19;1,3;null;0;24,2;null;null;null;null;
2013-02-20;1;null;7,3;24,2;null;null;null;null;
2013-02-21;1,2;null;16,9;23,6;null;null;null;null;
2013-02-22;2;null;0;22,8;null;null;null;null;
2013-02-23;1,5;null;23;21;null;null;null;null;
2013-02-24;,7;null;5,1;23;null;null;null;null;
2013-02-25;,7;null;16,9;23,2;null;null;null;null;
2013-02-26;1,1;null;3,1;22,2;null;null;null;null;
2013-02-27;1,1;null;15,5;19,8;null;null;null;null;
2013-02-28;,6;null;5,4;21,2;null;null;null;null;
2013-03-01;,7;null;2,2;20,4;null;null;null;null;
2013-03-02;,5;null;15,4;19,2;null;null;null;null;
2013-03-03;,6;null;2,1;20,6;null;null;null;null;
2013-03-04;,7;null;0;23;null;null;null;null;
2013-03-05;1,1;null;0;24,2;null;null;null;null;
2013-03-06;,9;null;14,2;24,5;null;null;null;null;
2013-03-07;1;null;3,5;24;null;null;null;null;
2013-03-08;,9;null;1,8;24,7;null;null;null;null;
2013-03-09;,9;null;2,4;24,7;null;null;null;null;
2013-03-10;,9;null;4,3;22,8;null;null;null;null;
2013-03-11;,9;null;9,4;22,6;null;null;null;null;
2013-03-12;,9;null;14,7;23,4;null;null;null;null;
2013-03-13;1,1;null;17,8;21,2;null;null;null;null;
2013-03-14;,5;null;1;21,4;null;null;null;null;
2013-03-15;1,2;null;0;22,8;null;null;null;null;
2013-03-16;1;null;14,1;21;null;null;null;null;
2013-03-17;,2;null;7,6;17,8;null;null;null;null;
2013-03-18;,3;null;36,9;15,2;null;null;null;null;
2013-03-19;,5;null;,8;16,2;null;null;null;null;
2013-03-20;,2;null;5,3;18,8;null;null;null;null;
2013-03-21;,8;null;2,6;16,8;null;null;null;null;
2013-03-22;,3;null;10,9;22,4;null;null;null;null;
2013-03-23;,8;null;0;20,8;null;null;null;null;
2013-03-24;,9;null;1,4;21,2;null;null;null;null;
2013-03-25;1,1;null;7;20,8;null;null;null;null;
2013-03-26;1;null;,2;19,8;null;null;null;null;
2013-03-27;,4;null;12,4;17,4;null;null;null;null;
2013-03-28;,5;null;2,4;19,8;null;null;null;null;
2013-03-29;1,6;null;0;19,6;null;null;null;null;
2013-03-30;1,9;null;1,5;20,2;null;null;null;null;
2013-03-31;1;null;0;22,4;null;null;null;null;
2013-04-01;1,3;null;0;23,2;null;null;null;null;
2013-04-02;1,5;null;0;20,8;null;null;null;null;
2013-04-03;,7;null;13,6;19,2;null;null;null;null;
2013-04-04;,5;null;1,5;20,2;null;null;null;null;
2013-04-05;,8;null;,5;17,2;null;null;null;null;
2013-04-06;,2;null;21,7;22,2;null;null;null;null;
2013-04-07;1;null;0;21,6;null;null;null;null;
2013-04-08;,8;null;1;20,2;null;null;null;null;
2013-04-09;,7;null;12,8;18,8;null;null;null;null;
2013-04-10;,7;null;0;18,8;null;null;null;null;
2013-04-11;,5;null;0;20,6;null;null;null;null;
2013-04-12;,5;null;6,1;20,2;null;null;null;null;
2013-04-13;,5;null;2,3;18;null;null;null;null;
2013-04-14;,3;null;21,3;16,6;null;null;null;null;
2013-04-15;,3;null;,6;18,6;null;null;null;null;
2013-04-16;,9;null;0;18,8;null;null;null;null;
2013-04-17;2;null;0;16;null;6,9;null;null;
2013-04-18;1,2;null;0;17,8;null;6,1;null;null;
2013-04-19;1,3;null;0;18,4;null;7,9;null;null;
2013-04-20;1;null;0;16,6;null;9,7;null;null;
2013-04-21;,8;null;0;16,6;null;9,7;null;null;
2013-04-22;2,2;null;0;15,2;null;9,7;null;null;
2013-04-23;1,5;null;0;17;null;6,7;null;null;
2013-04-24;1,2;null;0;16,2;null;5,7;null;null;
2013-04-25;1,3;null;0;17,2;null;5,3;null;null;
2013-04-26;1,2;null;0;17,8;null;5,3;null;null;
2013-04-27;,3;null;0;17,6;null;5,5;null;null;
2013-04-28;null;null;0;18,6;null;7,1;null;null;
2013-04-29;1,6;null;0;17,8;null;8,5;null;null;
2013-04-30;,8;null;0;20,6;null;8,5;null;null;
2013-05-01;1,5;null;0;19,8;null;9,2;null;null;
2013-05-02;1,5;null;0;20;null;8,6;null;null;
2013-05-03;1;null;0;19,8;null;8,6;null;null;
2013-05-04;1,6;null;0;20,6;null;8,4;null;null;
2013-05-05;1,4;null;0;20;null;11,2;null;null;
2013-05-06;2;null;5,9;15;null;9,4;null;null;
2013-05-07;,5;null;0;16;null;4;null;null;
2013-05-08;2;null;0;14;null;5,6;null;null;
2013-05-09;,8;null;,2;16,4;null;3,4;null;null;
2013-05-10;1,6;null;0;17,6;null;4,8;null;null;
2013-05-11;1,4;null;0;18;null;5;null;null;
2013-05-12;2;null;0;17,8;null;5,8;null;null;
2013-05-13;,8;null;,2;17,8;null;5;null;null;
2013-05-14;,5;null;0;18,8;null;7,8;null;null;
2013-05-15;1,1;null;0;19,6;null;9,4;null;null;
2013-05-16;1;null;0;19,8;null;9,8;null;null;
2013-05-17;1;null;20,7;15,6;null;11,8;null;null;
2013-05-18;,5;null;,2;16,8;null;9,6;null;null;
2013-05-19;,5;null;0;18,6;null;9;null;null;
2013-05-20;,5;null;0;18,8;null;11,6;null;null;
2013-05-21;,8;null;0;17,8;null;13;null;null;
2013-05-22;,7;null;0;17,8;null;11,2;null;null;
2013-05-23;1,3;null;16,6;15,6;null;9;null;null;
2013-05-24;,5;null;,7;14,4;null;8,4;null;null;
2013-05-25;,5;null;2,4;15,2;null;8,6;null;null;
2013-05-26;,7;null;0;15,2;null;4,2;null;null;
2013-05-27;1;null;0;13,6;null;7,6;null;null;
2013-05-28;,2;null;17,5;15,4;null;6,8;null;null;
2013-05-29;,1;null;26,3;14;null;10,2;null;null;
2013-05-30;,4;null;2,4;15,4;null;10,8;null;null;
2013-05-31;,4;null;,2;17,2;null;6,2;null;null;
2013-06-01;,5;null;,3;17,4;null;8,6;null;null;
2013-06-02;,5;null;,2;16,6;null;9,6;null;null;
2013-06-03;,2;null;8,6;13,8;null;10,2;null;null;
2013-06-04;,2;null;,6;15;null;7,6;null;null;
2013-06-05;,4;null;,3;16;null;5,6;null;null;
2013-06-06;,6;null;,2;16,4;null;7,2;null;null;
2013-06-07;,5;null;,2;16,6;null;8,4;null;null;
2013-06-08;1;null;,2;16,6;null;6;null;null;
2013-06-09;,6;null;,3;16,4;null;6,6;null;null;
2013-06-10;,9;null;0;17;null;5,6;null;null;
2013-06-11;,9;null;0;18;null;8;null;null;
2013-06-12;,7;null;1,1;17,2;null;10,2;null;null;
2013-06-13;,7;null;1,5;17,8;null;8,2;null;null;
2013-06-14;,7;null;0;16,6;null;5,4;null;null;
2013-06-15;,8;null;0;16,2;null;5,8;null;null;
2013-06-16;,8;null;0;16,6;null;9,6;null;null;
2013-06-17;,5;null;6,9;14,2;null;10,8;null;null;
2013-06-18;,7;null;0;15,8;null;4,8;null;null;
2013-06-19;,6;null;,3;17,6;null;5,2;null;null;
2013-06-20;1;null;0;18,2;null;8;null;null;
2013-06-21;1,3;null;0;16,8;null;10,2;null;null;
2013-06-22;2,1;null;0;15,6;null;12,8;null;null;
2013-06-23;,5;null;,4;15,6;null;10;null;null;
2013-06-24;,3;null;9,8;15,6;null;9,6;null;null;
2013-06-25;,2;null;0;15,2;null;12;93,5;null;
2013-06-26;,4;null;0;15,8;null;12;null;null;
2013-06-27;,5;null;,9;17;null;12;null;null;
2013-06-28;,6;null;,6;17,8;null;10,8;null;null;
2013-06-29;,6;null;,3;18,2;null;7,8;null;null;

