Nome: ECOPORANGA
Codigo Estacao: 83546
Latitude: -18.365694
Longitude: -40.840656
Altitude: 253.95
Situacao: Desativada
Data Inicial: 2013-01-01
Data Final: 2013-06-29
Periodicidade da Medicao: Diaria

Data Medicao;EVAPORACAO DO PICHE, DIARIA(mm);INSOLACAO TOTAL, DIARIO(h);PRECIPITACAO TOTAL, DIARIO(mm);TEMPERATURA MAXIMA, DIARIA(°C);TEMPERATURA MEDIA COMPENSADA, DIARIA(°C);TEMPERATURA MINIMA, DIARIA(°C);UMIDADE RELATIVA DO AR, MEDIA DIARIA(%);VENTO, VELOCIDADE MEDIA DIARIA(m/s);
2013-01-01;6,6;null;0;35;null;21;null;null;
2013-01-02;7;null;0;37;null;22;null;null;
2013-01-03;7,3;null;0;35;null;21,7;null;null;
2013-01-04;7;null;0;34,6;null;19;null;null;
2013-01-05;8,5;null;0;34,8;null;21;null;null;
2013-01-06;8,2;null;0;35;null;22;null;null;
2013-01-07;8,5;null;0;35,2;null;22;null;null;
2013-01-08;8,9;null;0;35,6;null;20,7;null;null;
2013-01-09;9,8;null;0;35,4;null;22;null;null;
2013-01-10;9,5;null;0;35,4;null;20;null;null;
2013-01-11;8,4;null;0;33,2;null;22;null;null;
2013-01-12;7,5;null;0;28,2;null;23;null;null;
2013-01-13;1,5;null;35,6;32,4;null;20;null;null;
2013-01-14;4,7;null;,8;31,4;null;22;null;null;
2013-01-15;4,3;null;0;30,2;null;21;null;null;
2013-01-16;3,8;null;1,3;32,8;null;21;null;null;
2013-01-17;4,3;null;14,4;33,2;null;22;null;null;
2013-01-18;2;null;27,2;32,6;null;21;null;null;
2013-01-19;3;null;10,2;32;null;20;null;null;
2013-01-20;3;null;2;31,6;null;21;null;null;
2013-01-21;3;null;32,4;28;null;19,7;null;null;
2013-01-22;3,5;null;0;27,8;null;19,7;null;null;
2013-01-23;3,5;null;1,3;30,8;null;20;null;null;
2013-01-24;4,4;null;,4;29,4;null;21;null;null;
2013-01-25;7,2;null;,5;33,2;null;21;null;null;
2013-01-26;3,3;null;0;31,8;null;22,7;null;null;
2013-01-27;5,2;null;0;33,6;null;24;null;null;
2013-01-28;2,5;null;28;29,2;null;21,4;null;null;
2013-01-29;2;null;1,8;33,4;null;21,7;null;null;
2013-01-30;3,8;null;,4;31,2;null;22;null;null;
2013-01-31;3;null;2,3;32,8;null;21;null;null;
2013-02-01;5,5;null;0;29,2;null;23;null;null;
2013-02-02;2,3;null;0;32,4;null;22;null;null;
2013-02-03;7,8;null;0;33;null;19;null;null;
2013-02-04;5,7;null;0;33,8;null;22;null;null;
2013-02-05;4,8;null;0;31,8;null;21;null;null;
2013-02-06;4,1;null;0;32,6;null;22;null;null;
2013-02-07;5;null;,2;33,6;null;21,7;null;null;
2013-02-08;5,2;null;1,1;34,2;null;22;null;null;
2013-02-09;4,6;null;5,4;33,6;null;22;null;null;
2013-02-10;6;null;0;33,4;null;21;null;null;
2013-02-11;6,7;null;0;33,6;null;20;null;null;
2013-02-12;7;null;0;34;null;20;null;null;
2013-02-13;7;null;0;34,8;null;19,7;null;null;
2013-02-14;7,5;null;,2;34,2;null;21;null;null;
2013-02-15;6,8;null;0;35;null;21;null;null;
2013-02-16;7,5;null;0;35;null;21;null;null;
2013-02-17;8,5;null;0;35,2;null;22,7;null;null;
2013-02-18;7,6;null;0;34,8;null;23;null;null;
2013-02-19;8,1;null;0;34,4;null;24;null;null;
2013-02-20;6;null;0;31,2;null;22;null;null;
2013-02-21;10;null;22;34;null;22;null;null;
2013-02-22;5;null;0;33;null;21,7;null;null;
2013-02-23;6;null;0;32,4;null;20,7;null;null;
2013-02-24;9,2;null;3,4;32;null;22;null;null;
2013-02-25;6,4;null;0;34,2;null;21,7;null;null;
2013-02-26;6,2;null;0;35;null;20;null;null;
2013-02-27;7,2;null;0;35,8;null;20,7;null;null;
2013-02-28;6,6;null;3,2;32,6;null;24;null;null;
2013-03-01;2,9;null;37,6;33;null;21,7;null;null;
2013-03-02;7;null;40,2;32,6;null;21,7;null;null;
2013-03-03;3,6;null;0;33;null;24;null;null;
2013-03-04;6,6;null;0;32,4;null;21,7;null;null;
2013-03-05;4,7;null;0;34,4;null;20,7;null;null;
2013-03-06;7;null;0;35,4;null;24;null;null;
2013-03-07;6,3;null;0;34;null;25;null;null;
2013-03-08;5,1;null;0;33,8;null;22,7;null;null;
2013-03-09;6;null;0;34,2;null;22;null;null;
2013-03-10;6;null;0;35,2;null;22;null;null;
2013-03-11;6,5;null;0;37,2;null;23;null;null;
2013-03-12;7,5;null;,2;36,2;null;24,7;null;null;
2013-03-13;5,2;null;0;37,4;null;24;null;null;
2013-03-14;4,3;null;34,6;31;null;24;null;null;
2013-03-15;7,2;null;0;31,8;null;22;null;null;
2013-03-16;4,5;null;1,1;30,6;null;22;null;null;
2013-03-17;3,1;null;,3;33,6;null;21;null;null;
2013-03-18;4,5;null;0;33,4;null;20,7;null;null;
2013-03-19;4,5;null;45,4;27;null;21;null;null;
2013-03-20;2,6;null;4;30,4;null;21,7;null;null;
2013-03-21;5,5;null;1;32,8;null;23;null;null;
2013-03-22;4,5;null;0;32,6;null;21,7;null;null;
2013-03-23;4,5;null;0;32,8;null;22;null;null;
2013-03-24;4,9;null;2,4;32,8;null;23;null;null;
2013-03-25;3,5;null;4,6;32;null;23;null;null;
2013-03-26;1,9;null;,2;33,6;null;21,7;null;null;
2013-03-27;5;null;0;34,2;null;23;null;null;
2013-03-28;4;null;0;29,4;null;22,7;null;null;
2013-03-29;4,3;null;0;26,4;null;21,7;null;null;
2013-03-30;3,5;null;0;26,8;null;21;null;null;
2013-03-31;1,8;null;2,2;28;null;20,7;null;null;
2013-04-01;2,7;null;3;31,6;null;20,7;null;null;
2013-04-02;3;null;0;32,2;null;23;null;null;
2013-04-03;5,3;null;0;30,2;null;21,7;null;null;
2013-04-04;3,5;null;3;32;null;20,7;null;null;
2013-04-05;4,5;null;0;32,6;null;22;null;null;
2013-04-06;4,2;null;0;36,6;null;24;null;null;
2013-04-07;3;null;0;32,8;null;23;null;null;
2013-04-08;2,9;null;33,8;25,2;null;22;null;null;
2013-04-09;5;null;22,4;27,2;null;21,7;null;null;
2013-04-10;3,5;null;4,6;27,2;null;22;null;null;
2013-04-11;4;null;18,2;27,4;null;20;null;null;
2013-04-12;1,5;null;0;30,2;null;21,7;null;null;
2013-04-13;2;null;0;31,6;null;21;null;null;
2013-04-14;2,3;null;0;33,4;null;22;null;null;
2013-04-15;4,5;null;5,2;25;null;21;null;null;
2013-04-16;2,2;null;0;27,4;null;20;null;null;
2013-04-17;1,8;null;0;26,4;null;22;null;null;
2013-04-18;2,2;null;0;27,6;null;19;null;null;
2013-04-19;3;null;0;29;null;17;null;null;
2013-04-20;3,5;null;0;29,2;null;18;null;null;
2013-04-21;5,3;null;0;28,8;null;17;null;null;
2013-04-22;3;null;1;26,2;null;18;null;null;
2013-04-23;4,9;null;0;25,2;null;15,7;null;null;
2013-04-24;3;null;3,5;26,2;null;18;null;null;
2013-04-25;3;null;0;27,8;null;17,7;null;null;
2013-04-26;3,2;null;0;28,2;null;18;null;null;
2013-04-27;3,8;null;0;29,8;null;20;null;null;
2013-04-28;3,9;null;0;29,6;null;19;null;null;
2013-04-29;4,6;null;0;30;null;17;null;null;
2013-04-30;3,9;null;0;30,9;null;19;null;null;
2013-05-01;3,8;null;0;31;null;18;null;null;
2013-05-02;4;null;0;31;null;18,7;null;null;
2013-05-03;3,3;null;0;30,6;null;18,7;null;null;
2013-05-04;3,5;null;0;31;null;17;null;null;
2013-05-05;3,5;null;0;31,2;null;17;null;null;
2013-05-06;4;null;0;34,2;null;18;null;null;
2013-05-07;4,3;null;0;27,2;null;21;null;null;
2013-05-08;2,2;null;0;31,4;null;19,2;null;null;
2013-05-09;5,3;null;0;27;null;21;null;null;
2013-05-10;3,5;null;0;29,2;null;19;null;null;
2013-05-11;4,5;null;0;28;null;16,7;null;null;
2013-05-12;4,2;null;0;28,8;null;16,7;null;null;
2013-05-13;4;null;0;27,6;null;18,7;null;null;
2013-05-14;5,4;null;2,9;30;null;19;null;null;
2013-05-15;2,8;null;0;31,2;null;20,1;null;null;
2013-05-16;3;null;0;30,4;null;21;null;null;
2013-05-17;3,5;null;0;31,2;null;20,7;null;null;
2013-05-18;4,5;null;0;25,4;null;21;null;null;
2013-05-19;2;null;4,8;25,4;null;19;null;null;
2013-05-20;3,5;null;0;28,4;null;17;null;null;
2013-05-21;3,2;null;0;32;null;15,7;null;null;
2013-05-22;4,3;null;0;29;null;21;null;null;
2013-05-23;7,4;null;11;24,4;null;20;null;null;
2013-05-24;1,4;null;5;23,6;null;18;null;null;
2013-05-25;1,7;null;3;23,8;null;19;null;null;
2013-05-26;1,5;null;,8;25;null;17,7;null;null;
2013-05-27;2,8;null;0;26;null;15,7;null;null;
2013-05-28;4,3;null;0;30;null;15,7;null;null;
2013-05-29;5;null;0;29,4;null;17;null;null;
2013-05-30;5,5;null;0;32,4;null;16,7;null;null;
2013-05-31;6;null;0;32,2;null;19,7;null;null;
2013-06-01;3,5;null;0;29;null;21,7;null;null;
2013-06-02;3,5;null;1,8;29,8;null;16,7;null;null;
2013-06-03;3;null;0;30;null;21,7;null;null;
2013-06-04;3;null;11;23;null;17,7;null;null;
2013-06-05;1;null;2;25,2;null;18,7;null;null;
2013-06-06;2,3;null;0;26,8;null;18;null;null;
2013-06-07;1,2;null;3,4;29,6;null;19;null;null;
2013-06-08;2,5;null;0;28,8;null;20;null;null;
2013-06-09;3,2;null;0;25,4;null;21;null;null;
2013-06-10;1,5;null;1;26,8;null;18,7;null;null;
2013-06-11;4;null;0;28,8;null;17;null;null;
2013-06-12;3;null;0;29,4;null;18;null;null;
2013-06-13;3;null;0;29,4;null;18,7;null;null;
2013-06-14;4,7;null;0;29,6;null;17;null;null;
2013-06-15;2,9;null;0;29;null;19;null;null;
2013-06-16;3,1;null;0;28,8;null;18,7;null;null;
2013-06-17;2,9;null;0;29,4;null;19;null;null;
2013-06-18;3,1;null;0;30,2;null;17,7;null;null;
2013-06-19;3,6;null;0;29;null;20;null;null;
2013-06-20;3;null;0;29,8;null;19,7;null;null;
2013-06-21;3,3;null;0;28,6;null;20;null;null;
2013-06-22;2,8;null;0;32,4;null;17,7;null;null;
2013-06-23;4,1;null;0;25,6;null;20;null;null;
2013-06-24;3,8;null;0;23,8;null;19,7;null;null;
2013-06-25;2,3;null;,6;26;null;17,7;null;null;
2013-06-26;2,6;null;0;29,2;null;16,7;null;null;
2013-06-27;5,5;null;0;30,4;null;20;null;null;
2013-06-28;3;null;0;30,4;null;19;null;null;
2013-06-29;3;null;0;30,6;null;18,7;null;null;

